{"loss": [0.09883454442024231, 0.09645237028598785, 0.09647185355424881, 0.09735582023859024, 0.09488383680582047], "mse": [0.09883454442024231, 0.09645237028598785, 0.09647185355424881, 0.09735582023859024, 0.09488383680582047], "mae": [0.2439051866531372, 0.2364591658115387, 0.2387191653251648, 0.23868706822395325, 0.23505811393260956], "mape": [101.96302795410156, 101.7795639038086, 99.7862319946289, 91.52007293701172, 98.45742797851562]}