{"loss": [0.08219075947999954, 0.07996458560228348, 0.08023644238710403, 0.08030819147825241, 0.07941579818725586], "mse": [0.08219075947999954, 0.07996458560228348, 0.08023644238710403, 0.08030819147825241, 0.07941579818725586], "mae": [0.22092756628990173, 0.21930474042892456, 0.21703936159610748, 0.21947798132896423, 0.21984288096427917], "mape": [1334.3692626953125, 1941.080810546875, 2940.8330078125, 2241.497314453125, 2032.255615234375]}