{"loss": [0.044556625187397, 0.03970535844564438, 0.03659454733133316, 0.04224700853228569, 0.035586878657341], "mse": [0.044556625187397, 0.03970535844564438, 0.03659454733133316, 0.04224700853228569, 0.035586878657341], "mae": [0.10315544158220291, 0.09721171110868454, 0.09372446686029434, 0.09888994693756104, 0.09385471045970917], "mape": [32.21688461303711, 32.03266906738281, 30.20473289489746, 30.853227615356445, 30.819562911987305]}