{"loss": [0.09229111671447754, 0.09134484082460403, 0.0911039337515831, 0.0914526879787445, 0.08920446038246155], "mse": [0.09229111671447754, 0.09134484082460403, 0.0911039337515831, 0.0914526879787445, 0.08920446038246155], "mae": [0.23161983489990234, 0.2289077490568161, 0.22851860523223877, 0.22823244333267212, 0.22709470987319946], "mape": [71.03239440917969, 69.01293182373047, 72.3251724243164, 73.03771209716797, 70.56388092041016]}