{"loss": [0.14916308224201202, 0.10529831051826477, 0.08864180743694305, 0.08540070801973343, 0.07474721223115921], "mse": [0.14916308224201202, 0.10529831051826477, 0.08864180743694305, 0.08540070801973343, 0.07474721223115921], "mae": [0.1699259728193283, 0.1433686912059784, 0.1326548010110855, 0.13038185238838196, 0.12446122616529465], "mape": [49.54802322387695, 42.8814811706543, 40.597408294677734, 39.909141540527344, 40.31061553955078]}