{"loss": [0.04746465012431145, 0.042308174073696136, 0.03931570425629616, 0.044787585735321045, 0.03814419358968735], "mse": [0.04746465012431145, 0.042308174073696136, 0.03931570425629616, 0.044787585735321045, 0.03814419358968735], "mae": [0.1065504178404808, 0.10018955916166306, 0.09746038913726807, 0.10170230269432068, 0.09710028022527695], "mape": [33.09502029418945, 32.91828918457031, 31.121034622192383, 31.527198791503906, 31.39417839050293]}