{"loss": [0.26698097586631775, 0.2659863531589508, 0.2672860324382782, 0.2619171142578125, 0.26129069924354553], "mse": [0.26698097586631775, 0.2659863531589508, 0.2672860324382782, 0.2619171142578125, 0.26129069924354553], "mae": [0.3047561049461365, 0.3036331236362457, 0.30254557728767395, 0.30256855487823486, 0.3024539351463318], "mape": [249.73985290527344, 285.00994873046875, 241.25054931640625, 247.70343017578125, 250.12014770507812]}