{"loss": [0.09544579684734344, 0.09343232959508896, 0.09337297081947327, 0.09452632069587708, 0.09211039543151855], "mse": [0.09544579684734344, 0.09343232959508896, 0.09337297081947327, 0.09452632069587708, 0.09211039543151855], "mae": [0.2401673048734665, 0.23354770243167877, 0.23540693521499634, 0.23541010916233063, 0.23220305144786835], "mape": [100.40579986572266, 100.57273864746094, 98.90061950683594, 90.59778594970703, 97.82583618164062]}