{"loss": [0.09967651218175888, 0.09747926890850067, 0.09696805477142334, 0.09845578670501709, 0.09573628753423691], "mse": [0.09967651218175888, 0.09747926890850067, 0.09696805477142334, 0.09845578670501709, 0.09573628753423691], "mae": [0.242888405919075, 0.23770134150981903, 0.23708808422088623, 0.23814041912555695, 0.23582664132118225], "mape": [105.39784240722656, 109.7856216430664, 105.73838806152344, 96.59675598144531, 106.25141143798828]}