{"losses": [0.03249874338507652, 0.032081205397844315, 0.03207897022366524, 0.032128166407346725, 0.032124944031238556, 0.03213166818022728, 0.03213530778884888, 0.03213511407375336, 0.032132863998413086, 0.032129596918821335, 0.032125744968652725, 0.03212129324674606, 0.032115962356328964, 0.03210984542965889, 0.03210398182272911, 0.032097361981868744, 0.03209194540977478, 0.03208540752530098, 0.03207959979772568, 0.03207264840602875, 0.03206685930490494, 0.03206005319952965, 0.032053980976343155, 0.032047808170318604, 0.03204198554158211, 0.0320364385843277, 0.03202999755740166, 0.03202414885163307, 0.03201821446418762, 0.03201187029480934, 0.032006219029426575, 0.03200124204158783, 0.0319959931075573, 0.03198987990617752, 0.031985092908144, 0.03198079392313957, 0.03197426348924637, 0.03196955472230911, 0.03196395933628082, 0.031959470361471176, 0.03195527568459511, 0.0319504514336586, 0.03194631263613701, 0.03194154426455498, 0.031936585903167725, 0.031932346522808075, 0.031927578151226044, 0.03192373737692833, 0.031919851899147034, 0.0319155715405941], "rmses": [0.18027407851678656, 0.17911227037208902, 0.17910603067363542, 0.1792433162138737, 0.17923432715648685, 0.17925308415820151, 0.17926323602135735, 0.17926269571149864, 0.17925641968535766, 0.17924730658735527, 0.17923656147296713, 0.17922414247736287, 0.17920926972768167, 0.17919220248007134, 0.17917584051073712, 0.17915736652973202, 0.17914224909209658, 0.17912400041675314, 0.17910778821069082, 0.1790883815495264, 0.17907221812694715, 0.1790532133180794, 0.17903625603866707, 0.17901901622542396, 0.17900275288827852, 0.17898725816193647, 0.1789692642813331, 0.1789529235626875, 0.17893634193250857, 0.17891861360632477, 0.17890282007119557, 0.1788889097780738, 0.17887423824451998, 0.1788571494410484, 0.17884376675787164, 0.17883174752582265, 0.17881348799586225, 0.17880032081153857, 0.1787846731022568, 0.17877211852375408, 0.17876038622859122, 0.17874689209510358, 0.17873531446285876, 0.17872197476682877, 0.1787081025112396, 0.17869624093082673, 0.17868289831773504, 0.17867215053535437, 0.17866127699965384, 0.17864929762132875]}