{"losses": [0.06168235465884209, 0.054125912487506866, 0.05136476829648018, 0.04931366816163063, 0.04775246977806091, 0.046500448137521744, 0.04548274725675583, 0.04463481903076172, 0.04391128569841385, 0.04329444468021393, 0.0427531935274601, 0.04227562993764877, 0.04185191169381142, 0.041471272706985474, 0.0411272868514061, 0.04081248492002487, 0.04052345082163811, 0.040258266031742096, 0.040010083466768265, 0.039781901985406876, 0.0395658016204834, 0.039366841316223145, 0.03917812928557396, 0.03900039941072464, 0.03883098065853119, 0.038676001131534576, 0.038524042814970016, 0.038379717618227005, 0.03824436664581299, 0.03811425715684891, 0.037989672273397446, 0.03787028416991234, 0.0377575047314167, 0.037650711834430695, 0.037542346864938736, 0.037441954016685486, 0.03734477981925011, 0.0372498482465744, 0.03716019168496132, 0.03707083314657211, 0.036987122148275375, 0.03690461814403534, 0.03682438284158707, 0.03674514219164848, 0.036666639149188995, 0.03659296780824661, 0.03652016445994377, 0.03644799068570137, 0.03638002648949623, 0.03631284832954407, 0.03624607250094414, 0.036182843148708344, 0.036120448261499405, 0.03605953976511955, 0.035995982587337494, 0.03593751788139343, 0.03588022664189339, 0.03582320362329483, 0.03576698526740074, 0.03571557253599167], "rmses": [0.248359325693323, 0.23264976356641084, 0.22663796746458917, 0.2220668101307141, 0.21852338496843057, 0.21563962561997213, 0.21326684518873493, 0.2112695411808378, 0.20955019851676077, 0.20807317145709567, 0.20676845389821943, 0.2056103838273952, 0.20457739780780138, 0.20364496730090206, 0.20279863621682986, 0.20202100118558186, 0.2013043735780177, 0.2006446262219402, 0.20002520707842866, 0.19945400969999794, 0.19891154220025392, 0.198410789314047, 0.197934659131679, 0.19748518782613708, 0.1970557805762906, 0.1966621497175666, 0.19627542590698924, 0.19590742103919137, 0.19556166967433314, 0.19522873035710933, 0.19490939503625127, 0.19460288839046644, 0.19431290418141742, 0.19403791339434337, 0.1937584755951046, 0.19349923518372233, 0.1932479749421714, 0.1930021975174749, 0.1927697893471934, 0.19253787457685334, 0.19232036332192018, 0.19210574729568958, 0.19189680258302133, 0.19169022455943988, 0.19148534969858397, 0.19129288488662252, 0.19110249726244755, 0.19091356862648964, 0.190735488280226, 0.19055930397003465, 0.1903840132493906, 0.19021788335671372, 0.19005380359650634, 0.18989349584732898, 0.1897260725027994, 0.18957193326384955, 0.18942076613162925, 0.18927018683166885, 0.1891216150190156, 0.1889856410841619]}