{"loss": [0.15509282052516937, 0.15138299763202667, 0.1506108045578003, 0.14495807886123657, 0.1450905054807663], "mse": [0.15509282052516937, 0.15138299763202667, 0.1506108045578003, 0.14495807886123657, 0.1450905054807663], "mae": [0.29069703817367554, 0.2837149202823639, 0.2820744514465332, 0.27761247754096985, 0.2783260941505432], "mape": [163.71868896484375, 155.92391967773438, 152.17047119140625, 154.57266235351562, 168.92971801757812]}