{"loss": [0.2443322092294693, 0.23632808029651642, 0.23543883860111237, 0.2292957752943039, 0.22527720034122467], "mse": [0.2443322092294693, 0.23632808029651642, 0.23543883860111237, 0.2292957752943039, 0.22527720034122467], "mae": [0.36257120966911316, 0.3574991226196289, 0.35947152972221375, 0.3522445559501648, 0.3517216742038727], "mape": [246.2777557373047, 250.33897399902344, 239.15771484375, 235.0441131591797, 237.18743896484375]}