{"loss": [0.08885437250137329, 0.08770476281642914, 0.08619526028633118, 0.08865076303482056, 0.08627235144376755], "mse": [0.08885437250137329, 0.08770476281642914, 0.08619526028633118, 0.08865076303482056, 0.08627235144376755], "mae": [0.23164966702461243, 0.22676201164722443, 0.2246728390455246, 0.22699758410453796, 0.2254190742969513], "mape": [102.3058853149414, 104.34252166748047, 100.10038757324219, 92.80929565429688, 101.07211303710938]}