{"loss": [0.16707614064216614, 0.16658325493335724, 0.16316436231136322, 0.1598002016544342, 0.15574420988559723], "mse": [0.16707614064216614, 0.16658325493335724, 0.16316436231136322, 0.1598002016544342, 0.15574420988559723], "mae": [0.3009171783924103, 0.3002908229827881, 0.2971420884132385, 0.2927245497703552, 0.2887422740459442], "mape": [335.5018005371094, 255.87127685546875, 272.2530822753906, 247.20225524902344, 264.2308044433594]}