{"loss": [0.07871860265731812, 0.07343273609876633, 0.06669092178344727, 0.06771742552518845, 0.059265051037073135], "mse": [0.07871860265731812, 0.07343273609876633, 0.06669092178344727, 0.06771742552518845, 0.059265051037073135], "mae": [0.12887299060821533, 0.12424851208925247, 0.12140333652496338, 0.1207352876663208, 0.11701034754514694], "mape": [36.37179946899414, 35.17236328125, 35.02689743041992, 34.98427200317383, 34.13911437988281]}