{"loss": [0.08332659304141998, 0.08368851989507675, 0.08235838264226913, 0.08396541327238083, 0.08149437606334686], "mse": [0.08332659304141998, 0.08368851989507675, 0.08235838264226913, 0.08396541327238083, 0.08149437606334686], "mae": [0.21940898895263672, 0.2172277569770813, 0.21680861711502075, 0.21956010162830353, 0.21702608466148376], "mape": [66.2876968383789, 66.49921417236328, 67.703857421875, 69.40438079833984, 69.21791076660156]}