{"loss": [0.11336686462163925, 0.09574037045240402, 0.09557028114795685, 0.08265809714794159, 0.087309330701828], "mse": [0.11336686462163925, 0.09574037045240402, 0.09557028114795685, 0.08265809714794159, 0.087309330701828], "mae": [0.09120351821184158, 0.08571557700634003, 0.08335977792739868, 0.07754790037870407, 0.0800522044301033], "mape": [49.66857147216797, 56.902244567871094, 50.624996185302734, 54.70513153076172, 48.58940505981445]}