{"loss": [0.10174176841974258, 0.0982140302658081, 0.09733081609010696, 0.09666502475738525, 0.09466354548931122], "mse": [0.10174176841974258, 0.0982140302658081, 0.09733081609010696, 0.09666502475738525, 0.09466354548931122], "mae": [0.2418266385793686, 0.23861165344715118, 0.23530732095241547, 0.23596519231796265, 0.23499876260757446], "mape": [6597.70556640625, 6421.32666015625, 7325.005859375, 8285.818359375, 5980.67138671875]}