{"loss": [0.057896606624126434, 0.04056510701775551, 0.049715638160705566, 0.05096343159675598, 0.03367190062999725], "mse": [0.057896606624126434, 0.04056510701775551, 0.049715638160705566, 0.05096343159675598, 0.03367190062999725], "mae": [0.0650840625166893, 0.05579669401049614, 0.05698156729340553, 0.06441628932952881, 0.05472252145409584], "mape": [176.7064666748047, 124.90801239013672, 161.19908142089844, 147.52645874023438, 188.55784606933594]}