{"loss": [0.31692740321159363, 0.2617405652999878, 0.23231260478496552, 0.21761521697044373, 0.1809806376695633], "mse": [0.31692740321159363, 0.2617405652999878, 0.23231260478496552, 0.21761521697044373, 0.1809806376695633], "mae": [0.15603575110435486, 0.13897089660167694, 0.12844814360141754, 0.1223318800330162, 0.11584805697202682], "mape": [73.32255554199219, 84.6499252319336, 63.01628875732422, 56.328739166259766, 51.56360626220703]}