{"loss": [0.22845210134983063, 0.22801518440246582, 0.22980822622776031, 0.22598500549793243, 0.22541511058807373], "mse": [0.22845210134983063, 0.22801518440246582, 0.22980822622776031, 0.22598500549793243, 0.22541511058807373], "mae": [0.28753578662872314, 0.2854159474372864, 0.28228792548179626, 0.2844098210334778, 0.28273069858551025], "mape": [234.64990234375, 277.72882080078125, 235.9521942138672, 256.8113098144531, 247.26083374023438]}