{"loss": [0.0897810086607933, 0.08958499133586884, 0.0880807489156723, 0.0895734578371048, 0.08724293857812881], "mse": [0.0897810086607933, 0.08958499133586884, 0.0880807489156723, 0.0895734578371048, 0.08724293857812881], "mae": [0.22861449420452118, 0.22555039823055267, 0.22426027059555054, 0.2270786613225937, 0.22512967884540558], "mape": [68.09818267822266, 68.74996948242188, 69.93766784667969, 71.52042388916016, 71.19970703125]}