{"loss": [0.25551900267601013, 0.25542470812797546, 0.25599414110183716, 0.2510131895542145, 0.25055426359176636], "mse": [0.25551900267601013, 0.25542470812797546, 0.25599414110183716, 0.2510131895542145, 0.25055426359176636], "mae": [0.2998247444629669, 0.2998941242694855, 0.2983472943305969, 0.29780176281929016, 0.29703935980796814], "mape": [247.55853271484375, 281.1802062988281, 244.52694702148438, 254.4189453125, 252.478759765625]}