{"loss": [0.2201855331659317, 0.220114603638649, 0.2205929309129715, 0.2171667069196701, 0.2162320762872696], "mse": [0.2201855331659317, 0.220114603638649, 0.2205929309129715, 0.2171667069196701, 0.2162320762872696], "mae": [0.2808230519294739, 0.2808597683906555, 0.27650561928749084, 0.27849581837654114, 0.27688711881637573], "mape": [246.859130859375, 284.16790771484375, 241.2714080810547, 262.8419494628906, 262.3765563964844]}