{"loss": [0.10039759427309036, 0.09839335829019547, 0.0959428995847702, 0.0962783545255661, 0.09371602535247803], "mse": [0.10039759427309036, 0.09839335829019547, 0.0959428995847702, 0.0962783545255661, 0.09371602535247803], "mae": [0.24344302713871002, 0.239531472325325, 0.23530970513820648, 0.23633386194705963, 0.23442348837852478], "mape": [71.0702896118164, 72.37351989746094, 72.76210021972656, 73.8824691772461, 73.10008239746094]}