{"loss": [0.2223661094903946, 0.22187966108322144, 0.22373981773853302, 0.21960125863552094, 0.2191704511642456], "mse": [0.2223661094903946, 0.22187966108322144, 0.22373981773853302, 0.21960125863552094, 0.2191704511642456], "mae": [0.28315794467926025, 0.2814263105392456, 0.27943217754364014, 0.2797587513923645, 0.2793469727039337], "mape": [254.78199768066406, 371.1315002441406, 339.93975830078125, 370.0762023925781, 386.47381591796875]}