{"loss": [0.1226264238357544, 0.12245923280715942, 0.1203666478395462, 0.12162613123655319, 0.12133195996284485], "mse": [0.1226264238357544, 0.12245923280715942, 0.1203666478395462, 0.12162613123655319, 0.12133195996284485], "mae": [0.2056315690279007, 0.20645815134048462, 0.20474524796009064, 0.20239844918251038, 0.2049909085035324], "mape": [45.85945129394531, 46.147586822509766, 44.13689422607422, 45.40111541748047, 45.53711700439453]}