{"loss": [0.6039027571678162, 0.4246250092983246, 0.38661912083625793, 0.3613690137863159, 0.3465580940246582], "mse": [0.6039027571678162, 0.4246250092983246, 0.38661912083625793, 0.3613690137863159, 0.3465580940246582], "mae": [0.5625320672988892, 0.4712684154510498, 0.4532307982444763, 0.432993084192276, 0.42694613337516785], "mape": [286.439453125, 283.5726318359375, 280.8830871582031, 258.9681701660156, 265.50189208984375]}