{"loss": [0.04008737578988075, 0.03623373433947563, 0.032510414719581604, 0.038728032261133194, 0.031522300094366074], "mse": [0.04008737578988075, 0.03623373433947563, 0.032510414719581604, 0.038728032261133194, 0.031522300094366074], "mae": [0.09778469055891037, 0.09283865243196487, 0.08812374621629715, 0.0948362872004509, 0.08918168395757675], "mape": [31.162508010864258, 30.50800895690918, 29.04863166809082, 29.780513763427734, 30.452470779418945]}