{"loss": [0.14241214096546173, 0.13730457425117493, 0.13390834629535675, 0.1353171169757843, 0.13391852378845215], "mse": [0.14241214096546173, 0.13730457425117493, 0.13390834629535675, 0.1353171169757843, 0.13391852378845215], "mae": [0.22348202764987946, 0.2164316624403, 0.21462813019752502, 0.21319539844989777, 0.2141345888376236], "mape": [49.304344177246094, 48.97688674926758, 46.54024124145508, 48.03443145751953, 47.62291717529297]}