{"loss": [0.08180646598339081, 0.07323817908763885, 0.0777345523238182, 0.06623966246843338, 0.07965803891420364], "mse": [0.08180646598339081, 0.07323817908763885, 0.0777345523238182, 0.06623966246843338, 0.07965803891420364], "mae": [0.07843736559152603, 0.07069920003414154, 0.07365221530199051, 0.0678979679942131, 0.07487499713897705], "mape": [51.452938079833984, 46.279300689697266, 50.26705551147461, 49.35980224609375, 51.80461502075195]}