{"loss": [0.03859901800751686, 0.03160468116402626, 0.02899092249572277, 0.030505847185850143, 0.027324186637997627], "mse": [0.03859901800751686, 0.03160468116402626, 0.02899092249572277, 0.030505847185850143, 0.027324186637997627], "mae": [0.09653083980083466, 0.08731571584939957, 0.0832216888666153, 0.08465638756752014, 0.08486002683639526], "mape": [32.03803253173828, 30.979143142700195, 28.284528732299805, 30.738330841064453, 30.315513610839844]}