{"loss": [0.1685628741979599, 0.1519646793603897, 0.13944822549819946, 0.13153760135173798, 0.11414463073015213], "mse": [0.1685628741979599, 0.1519646793603897, 0.13944822549819946, 0.13153760135173798, 0.11414463073015213], "mae": [0.11183598637580872, 0.10628993809223175, 0.10330075770616531, 0.0982365682721138, 0.09203395247459412], "mape": [54.08028793334961, 55.75776672363281, 50.83258056640625, 58.63019943237305, 48.52449417114258]}