{"loss": [0.3108646869659424, 0.30069229006767273, 0.291287362575531, 0.2814595699310303, 0.2792316675186157], "mse": [0.3108646869659424, 0.30069229006767273, 0.291287362575531, 0.2814595699310303, 0.2792316675186157], "mae": [0.43098071217536926, 0.42360174655914307, 0.41894039511680603, 0.41068196296691895, 0.4099281132221222], "mape": [373.29705810546875, 358.5538635253906, 375.2127380371094, 316.78192138671875, 353.776611328125]}