{"loss": [0.08670610189437866, 0.08564799278974533, 0.08530966937541962, 0.08649826794862747, 0.08433343470096588], "mse": [0.08670610189437866, 0.08564799278974533, 0.08530966937541962, 0.08649826794862747, 0.08433343470096588], "mae": [0.22980248928070068, 0.2245086282491684, 0.22562538087368011, 0.22619543969631195, 0.22291681170463562], "mape": [96.63746643066406, 97.89141845703125, 96.63497161865234, 88.53803253173828, 96.87515258789062]}