{"loss": [0.28211817145347595, 0.2694256603717804, 0.26608577370643616, 0.25758200883865356, 0.25197964906692505], "mse": [0.28211817145347595, 0.2694256603717804, 0.26608577370643616, 0.25758200883865356, 0.25197964906692505], "mae": [0.3860861659049988, 0.380015105009079, 0.38046663999557495, 0.3705601692199707, 0.3693305552005768], "mape": [249.0244903564453, 256.0267639160156, 246.81536865234375, 242.64764404296875, 246.37701416015625]}