{"loss": [0.14419281482696533, 0.14359025657176971, 0.1409330517053604, 0.13825289905071259, 0.1338503509759903], "mse": [0.14419281482696533, 0.14359025657176971, 0.1409330517053604, 0.13825289905071259, 0.1338503509759903], "mae": [0.27789005637168884, 0.27607810497283936, 0.2730101943016052, 0.2696673274040222, 0.2638731598854065], "mape": [345.38140869140625, 240.8839569091797, 257.2502746582031, 251.9165496826172, 250.28802490234375]}