{"loss": [0.11336687952280045, 0.09574035555124283, 0.09557026624679565, 0.0826580747961998, 0.0873093232512474], "mse": [0.11336687952280045, 0.09574035555124283, 0.09557026624679565, 0.0826580747961998, 0.0873093232512474], "mae": [0.09120354056358337, 0.08571558445692062, 0.08335977047681808, 0.07754787057638168, 0.08005223423242569], "mape": [49.6685676574707, 56.902225494384766, 50.62498474121094, 54.705101013183594, 48.58942794799805]}