{"loss": [0.1491631269454956, 0.10529831796884537, 0.08864179253578186, 0.08540071547031403, 0.07474721968173981], "mse": [0.1491631269454956, 0.10529831796884537, 0.08864179253578186, 0.08540071547031403, 0.07474721968173981], "mae": [0.1699259728193283, 0.14336872100830078, 0.1326548010110855, 0.13038185238838196, 0.12446124851703644], "mape": [49.54802703857422, 42.8814811706543, 40.59740447998047, 39.90913009643555, 40.31060791015625]}