{"loss": [0.08756604790687561, 0.08519649505615234, 0.08525896817445755, 0.0854639932513237, 0.08457633852958679], "mse": [0.08756604790687561, 0.08519649505615234, 0.08525896817445755, 0.0854639932513237, 0.08457633852958679], "mae": [0.2268514186143875, 0.22484689950942993, 0.22251304984092712, 0.2246817946434021, 0.2257472574710846], "mape": [987.8564453125, 1480.795166015625, 2421.264892578125, 1930.86083984375, 1459.953369140625]}