{"loss": [0.294531911611557, 0.2914578318595886, 0.29060277342796326, 0.2839018404483795, 0.28148576617240906], "mse": [0.294531911611557, 0.2914578318595886, 0.29060277342796326, 0.2839018404483795, 0.28148576617240906], "mae": [0.31965577602386475, 0.3186182677745819, 0.3150594234466553, 0.31381598114967346, 0.31335997581481934], "mape": [278.9990539550781, 303.4462890625, 260.87060546875, 269.83447265625, 259.84454345703125]}