{"loss": [0.09067465364933014, 0.08823256194591522, 0.08814198523759842, 0.08832887560129166, 0.08745606988668442], "mse": [0.09067465364933014, 0.08823256194591522, 0.08814198523759842, 0.08832887560129166, 0.08745606988668442], "mae": [0.23048754036426544, 0.22810311615467072, 0.2255881130695343, 0.22736768424510956, 0.228952094912529], "mape": [887.6365356445312, 1300.0550537109375, 2200.514892578125, 1780.561767578125, 1157.4207763671875]}