{"loss": [0.08286215364933014, 0.08084051311016083, 0.08142245560884476, 0.08119822293519974, 0.08042582869529724], "mse": [0.08286215364933014, 0.08084051311016083, 0.08142245560884476, 0.08119822293519974, 0.08042582869529724], "mae": [0.22187604010105133, 0.21876178681850433, 0.21909929811954498, 0.22006341814994812, 0.22040386497974396], "mape": [5292.98828125, 6036.486328125, 7933.42578125, 7877.99462890625, 7201.42041015625]}