{"loss": [0.2443322390317917, 0.236328125, 0.23543889820575714, 0.2292957603931427, 0.22527718544006348], "mse": [0.2443322390317917, 0.236328125, 0.23543889820575714, 0.2292957603931427, 0.22527718544006348], "mae": [0.36257126927375793, 0.3574991226196289, 0.35947152972221375, 0.35224449634552, 0.3517216145992279], "mape": [246.27777099609375, 250.33897399902344, 239.15765380859375, 235.0441131591797, 237.18748474121094]}