{"loss": [0.183792844414711, 0.1605253964662552, 0.14729313552379608, 0.1270386427640915, 0.1090117022395134], "mse": [0.183792844414711, 0.1605253964662552, 0.14729313552379608, 0.1270386427640915, 0.1090117022395134], "mae": [0.11352357268333435, 0.10736524313688278, 0.10276947915554047, 0.09608695656061172, 0.09166804701089859], "mape": [60.64069366455078, 75.61572265625, 59.4217529296875, 64.95328521728516, 54.995994567871094]}