{"loss": [0.16707615554332733, 0.16658326983451843, 0.16316434741020203, 0.15980015695095062, 0.15574419498443604], "mse": [0.16707615554332733, 0.16658326983451843, 0.16316434741020203, 0.15980015695095062, 0.15574419498443604], "mae": [0.30091726779937744, 0.30029091238975525, 0.2971420884132385, 0.2927245795726776, 0.288742333650589], "mape": [335.5017395019531, 255.8712158203125, 272.25311279296875, 247.20217895507812, 264.230712890625]}