{"loss": [0.25998014211654663, 0.2589462399482727, 0.26114216446876526, 0.25640788674354553, 0.25570178031921387], "mse": [0.25998014211654663, 0.2589462399482727, 0.26114216446876526, 0.25640788674354553, 0.25570178031921387], "mae": [0.3000052273273468, 0.29986077547073364, 0.2986929416656494, 0.2989819347858429, 0.29883888363838196], "mape": [240.52947998046875, 336.7095031738281, 292.2666931152344, 355.524169921875, 355.6072998046875]}