{"loss": [0.13134226202964783, 0.13116060197353363, 0.12887103855609894, 0.1305849850177765, 0.12976576387882233], "mse": [0.13134226202964783, 0.13116060197353363, 0.12887103855609894, 0.1305849850177765, 0.12976576387882233], "mae": [0.21255546808242798, 0.21306312084197998, 0.2114720195531845, 0.20963162183761597, 0.21131949126720428], "mape": [47.737060546875, 47.976505279541016, 45.86204147338867, 47.19989776611328, 46.92990493774414]}