{"loss": [0.21585819125175476, 0.212673157453537, 0.2103765904903412, 0.20433124899864197, 0.19995169341564178], "mse": [0.21585819125175476, 0.212673157453537, 0.2103765904903412, 0.20433124899864197, 0.19995169341564178], "mae": [0.34543314576148987, 0.3473554253578186, 0.3448202908039093, 0.34107133746147156, 0.33775705099105835], "mape": [300.6948547363281, 248.0301971435547, 286.670166015625, 215.43470764160156, 232.32659912109375]}