{"loss": [0.051427848637104034, 0.043923329561948776, 0.041059065610170364, 0.041860856115818024, 0.037397101521492004], "mse": [0.051427848637104034, 0.043923329561948776, 0.041059065610170364, 0.041860856115818024, 0.037397101521492004], "mae": [0.11258091032505035, 0.10138106346130371, 0.09871050715446472, 0.09829515218734741, 0.09806696325540543], "mape": [37.058982849121094, 36.62096405029297, 32.69443893432617, 35.05191421508789, 34.60026550292969]}