{"loss": [0.15523949265480042, 0.15470291674137115, 0.15149007737636566, 0.1487121284008026, 0.144645094871521], "mse": [0.15523949265480042, 0.15470291674137115, 0.15149007737636566, 0.1487121284008026, 0.144645094871521], "mae": [0.28861671686172485, 0.28780969977378845, 0.2846739590167999, 0.2810671031475067, 0.27638062834739685], "mape": [340.5978088378906, 249.98184204101562, 265.56103515625, 249.39649963378906, 259.466064453125]}