{"loss": [0.3858122229576111, 0.33555155992507935, 0.3206440210342407, 0.3085247576236725, 0.300619900226593], "mse": [0.3858122229576111, 0.33555155992507935, 0.3206440210342407, 0.3085247576236725, 0.300619900226593], "mae": [0.37504488229751587, 0.34769588708877563, 0.33574211597442627, 0.3296605944633484, 0.3252541720867157], "mape": [389.9227600097656, 361.9686584472656, 302.5208435058594, 310.22515869140625, 285.50384521484375]}