{"loss": [0.2234748899936676, 0.21621863543987274, 0.21013310551643372, 0.20087146759033203, 0.19739103317260742], "mse": [0.2234748899936676, 0.21621863543987274, 0.21013310551643372, 0.20087146759033203, 0.19739103317260742], "mae": [0.35866251587867737, 0.35045188665390015, 0.34303396940231323, 0.33679714798927307, 0.3306364417076111], "mape": [193.80760192871094, 179.58604431152344, 184.92222595214844, 175.5831298828125, 182.6593017578125]}