{"loss": [0.05071639642119408, 0.047437675297260284, 0.04657827690243721, 0.05028814449906349, 0.045254819095134735], "mse": [0.05071639642119408, 0.047437675297260284, 0.04657827690243721, 0.05028814449906349, 0.045254819095134735], "mae": [0.10899554938077927, 0.10410042107105255, 0.10333718359470367, 0.10559795051813126, 0.10184738785028458], "mape": [33.97463607788086, 33.69282531738281, 33.546512603759766, 32.29052734375, 31.208642959594727]}