{"loss": [0.0927264541387558, 0.0919644832611084, 0.09200780093669891, 0.09389383345842361, 0.09082601964473724], "mse": [0.0927264541387558, 0.0919644832611084, 0.09200780093669891, 0.09389383345842361, 0.09082601964473724], "mae": [0.23652563989162445, 0.23309995234012604, 0.2335505485534668, 0.2350551337003708, 0.2316260039806366], "mape": [96.31437683105469, 107.57880401611328, 101.68289184570312, 92.29827117919922, 101.2550048828125]}