{"loss": [0.08095940947532654, 0.07901957631111145, 0.07895604521036148, 0.0793672502040863, 0.07835587859153748], "mse": [0.08095940947532654, 0.07901957631111145, 0.07895604521036148, 0.0793672502040863, 0.07835587859153748], "mae": [0.21899119019508362, 0.21775047481060028, 0.21566201746463776, 0.21708470582962036, 0.218903049826622], "mape": [467.4880065917969, 1730.90380859375, 4683.99951171875, 4074.863525390625, 3510.203857421875]}