{"loss": [0.15422676503658295, 0.14916132390499115, 0.14834484457969666, 0.14495070278644562, 0.1427283138036728], "mse": [0.15422676503658295, 0.14916132390499115, 0.14834484457969666, 0.14495070278644562, 0.1427283138036728], "mae": [0.2913564145565033, 0.28628674149513245, 0.29063165187835693, 0.2850419282913208, 0.2838734984397888], "mape": [215.81680297851562, 214.35617065429688, 194.35556030273438, 199.93519592285156, 204.99314880371094]}