{"loss": [0.08486837893724442, 0.08446052670478821, 0.08328987658023834, 0.0845940038561821, 0.08294979482889175], "mse": [0.08486837893724442, 0.08446052670478821, 0.08328987658023834, 0.0845940038561821, 0.08294979482889175], "mae": [0.2218138426542282, 0.21826636791229248, 0.21921667456626892, 0.22008050978183746, 0.21908441185951233], "mape": [67.3137435913086, 65.9955825805664, 67.48013305664062, 70.43766021728516, 69.03067016601562]}