{"loss": [0.18966318666934967, 0.18728095293045044, 0.1847446709871292, 0.18199975788593292, 0.17839626967906952], "mse": [0.18966318666934967, 0.18728095293045044, 0.1847446709871292, 0.18199975788593292, 0.17839626967906952], "mae": [0.32356444001197815, 0.3228146731853485, 0.3200353980064392, 0.3200988471508026, 0.31909382343292236], "mape": [282.8039855957031, 221.9613037109375, 264.0716552734375, 199.24388122558594, 224.46502685546875]}