{"loss": [0.21381577849388123, 0.14205199480056763, 0.13391076028347015, 0.12836921215057373, 0.12096675485372543], "mse": [0.21381577849388123, 0.14205199480056763, 0.13391076028347015, 0.12836921215057373, 0.12096675485372543], "mae": [0.333233505487442, 0.28414297103881836, 0.2740218937397003, 0.26755690574645996, 0.26239898800849915], "mape": [155.39671325683594, 137.38336181640625, 122.87261199951172, 109.96833038330078, 119.25695037841797]}