{"loss": [0.2670261859893799, 0.26215076446533203, 0.2555875778198242, 0.2470151036977768, 0.2464481145143509], "mse": [0.2670261859893799, 0.26215076446533203, 0.2555875778198242, 0.2470151036977768, 0.2464481145143509], "mae": [0.3978525996208191, 0.3950668275356293, 0.39125439524650574, 0.38187912106513977, 0.3820575475692749], "mape": [374.0760192871094, 334.93505859375, 350.8181457519531, 298.4600524902344, 330.7555847167969]}