{"loss": [0.0935545489192009, 0.0928797647356987, 0.09098555892705917, 0.09224683046340942, 0.08991073817014694], "mse": [0.0935545489192009, 0.0928797647356987, 0.09098555892705917, 0.09224683046340942, 0.08991073817014694], "mae": [0.2339600920677185, 0.2310112565755844, 0.22871151566505432, 0.2306434065103531, 0.22892656922340393], "mape": [69.02862548828125, 70.3382568359375, 71.01689910888672, 72.22978210449219, 71.9170913696289]}