{"loss": [0.06893108785152435, 0.05421489104628563, 0.06202097609639168, 0.0611499547958374, 0.04417625069618225], "mse": [0.06893108785152435, 0.05421489104628563, 0.06202097609639168, 0.0611499547958374, 0.04417625069618225], "mae": [0.07128505408763885, 0.06255817413330078, 0.06291062384843826, 0.06566429138183594, 0.059597890824079514], "mape": [177.20738220214844, 117.75772857666016, 161.09742736816406, 145.6183319091797, 181.27639770507812]}