{"loss": [0.051136720925569534, 0.04582305997610092, 0.04268970340490341, 0.047989536076784134, 0.04128003865480423], "mse": [0.051136720925569534, 0.04582305997610092, 0.04268970340490341, 0.047989536076784134, 0.04128003865480423], "mae": [0.1101011112332344, 0.10382433980703354, 0.10123833268880844, 0.1051722913980484, 0.10080966353416443], "mape": [33.91514205932617, 33.68925094604492, 31.88656997680664, 32.26166915893555, 31.996387481689453]}