{"loss": [0.10838565975427628, 0.10540620982646942, 0.10639006644487381, 0.10657905042171478, 0.10289740562438965], "mse": [0.10838565975427628, 0.10540620982646942, 0.10639006644487381, 0.10657905042171478, 0.10289740562438965], "mae": [0.25325652956962585, 0.24899791181087494, 0.2497951239347458, 0.2510782778263092, 0.24584844708442688], "mape": [108.95793914794922, 118.48416137695312, 112.42610168457031, 100.84114837646484, 110.57829284667969]}