{"loss": [0.17456404864788055, 0.16938714683055878, 0.16561861336231232, 0.16100771725177765, 0.15616366267204285], "mse": [0.17456404864788055, 0.16938714683055878, 0.16561861336231232, 0.16100771725177765, 0.15616366267204285], "mae": [0.3129758834838867, 0.30765989422798157, 0.30288493633270264, 0.2994685769081116, 0.29346537590026855], "mape": [163.4410858154297, 148.64756774902344, 142.50611877441406, 149.10658264160156, 158.49147033691406]}