{"loss": [0.22671420872211456, 0.22672800719738007, 0.2274903655052185, 0.2240758240222931, 0.22299054265022278], "mse": [0.22671420872211456, 0.22672800719738007, 0.2274903655052185, 0.2240758240222931, 0.22299054265022278], "mae": [0.28487205505371094, 0.2851279377937317, 0.2809601128101349, 0.2822496294975281, 0.2804514765739441], "mape": [246.2737579345703, 282.9339904785156, 242.99380493164062, 262.3045654296875, 262.725830078125]}