{"loss": [0.3015535771846771, 0.29077693819999695, 0.2810874283313751, 0.2735624611377716, 0.26392754912376404], "mse": [0.3015535771846771, 0.29077693819999695, 0.2810874283313751, 0.2735624611377716, 0.26392754912376404], "mae": [0.4222162365913391, 0.41884636878967285, 0.41126158833503723, 0.4050954282283783, 0.3959844708442688], "mape": [373.29779052734375, 300.9253234863281, 358.586669921875, 280.6958312988281, 297.51904296875]}