{"loss": [0.11219245940446854, 0.11165978014469147, 0.10972781479358673, 0.11141669005155563, 0.1107514351606369], "mse": [0.11219245940446854, 0.11165978014469147, 0.10972781479358673, 0.11141669005155563, 0.1107514351606369], "mae": [0.1966072916984558, 0.19538739323616028, 0.1959143877029419, 0.19323153793811798, 0.19586370885372162], "mape": [44.17580032348633, 43.818878173828125, 42.320213317871094, 43.35111618041992, 43.789772033691406]}