{"loss": [0.11122623831033707, 0.11010392010211945, 0.10898040235042572, 0.11075615137815475, 0.11027564853429794], "mse": [0.11122623831033707, 0.11010392010211945, 0.10898040235042572, 0.11075615137815475, 0.11027564853429794], "mae": [0.19722847640514374, 0.1961333155632019, 0.19763177633285522, 0.19473101198673248, 0.19740889966487885], "mape": [43.54605484008789, 43.011539459228516, 42.76108169555664, 42.98701477050781, 43.111106872558594]}