{"loss": [0.20617370307445526, 0.1984451711177826, 0.1927196979522705, 0.18526184558868408, 0.17867358028888702], "mse": [0.20617370307445526, 0.1984451711177826, 0.1927196979522705, 0.18526184558868408, 0.17867358028888702], "mae": [0.344525009393692, 0.33855879306793213, 0.33119192719459534, 0.32690608501434326, 0.3187500834465027], "mape": [181.1445770263672, 165.90489196777344, 154.2823486328125, 161.857666015625, 167.42288208007812]}