{"loss": [0.03859901428222656, 0.03160468488931656, 0.028990916907787323, 0.03050585836172104, 0.027324192225933075], "mse": [0.03859901428222656, 0.03160468488931656, 0.028990916907787323, 0.03050585836172104, 0.027324192225933075], "mae": [0.09653083980083466, 0.08731572329998016, 0.0832216739654541, 0.08465640246868134, 0.08486001938581467], "mape": [32.03803253173828, 30.97914695739746, 28.284534454345703, 30.738325119018555, 30.315500259399414]}