{"loss": [0.15509283542633057, 0.15138298273086548, 0.1506107896566391, 0.14495809376239777, 0.1450904905796051], "mse": [0.15509283542633057, 0.15138298273086548, 0.1506107896566391, 0.14495809376239777, 0.1450904905796051], "mae": [0.29069700837135315, 0.2837148606777191, 0.2820743918418884, 0.277612566947937, 0.2783260941505432], "mape": [163.71865844726562, 155.9239044189453, 152.17044067382812, 154.57261657714844, 168.9296417236328]}