{"loss": [0.14137418568134308, 0.1360740065574646, 0.13272562623023987, 0.13421186804771423, 0.13287785649299622], "mse": [0.14137418568134308, 0.1360740065574646, 0.13272562623023987, 0.13421186804771423, 0.13287785649299622], "mae": [0.22228582203388214, 0.21529632806777954, 0.21386125683784485, 0.21234434843063354, 0.21333590149879456], "mape": [48.932769775390625, 48.610111236572266, 46.222450256347656, 47.69325256347656, 47.291873931884766]}