{"loss": [0.05730544403195381, 0.05402236431837082, 0.05272776260972023, 0.05659211799502373, 0.05115065351128578], "mse": [0.05730544403195381, 0.05402236431837082, 0.05272776260972023, 0.05659211799502373, 0.05115065351128578], "mae": [0.11695300787687302, 0.1113995611667633, 0.11083225160837173, 0.1122453510761261, 0.1083822101354599], "mape": [35.83642578125, 35.25579833984375, 35.88735580444336, 33.85538864135742, 32.86635208129883]}