{"loss": [0.1207103282213211, 0.11888866126537323, 0.11878843605518341, 0.11551020294427872, 0.11566292494535446], "mse": [0.1207103282213211, 0.11888866126537323, 0.11878843605518341, 0.11551020294427872, 0.11566292494535446], "mae": [0.2512185573577881, 0.2442101687192917, 0.24379950761795044, 0.24178554117679596, 0.24244703352451324], "mape": [143.30296325683594, 137.34075927734375, 137.77548217773438, 138.0941619873047, 145.946533203125]}