{"loss": [0.08719652891159058, 0.08737614005804062, 0.08599916845560074, 0.08752700686454773, 0.08517062664031982], "mse": [0.08719652891159058, 0.08737614005804062, 0.08599916845560074, 0.08752700686454773, 0.08517062664031982], "mae": [0.22478920221328735, 0.22235719859600067, 0.22142069041728973, 0.22429747879505157, 0.22225286066532135], "mape": [67.53791046142578, 67.66905975341797, 69.31355285644531, 70.90251922607422, 70.7515640258789]}