{"loss": [0.17446213960647583, 0.1666536033153534, 0.16475151479244232, 0.1588950902223587, 0.15585516393184662], "mse": [0.17446213960647583, 0.1666536033153534, 0.16475151479244232, 0.1588950902223587, 0.15585516393184662], "mae": [0.3064621090888977, 0.29860058426856995, 0.2956700325012207, 0.289387047290802, 0.28923487663269043], "mape": [200.53411865234375, 201.91171264648438, 193.12510681152344, 208.7324981689453, 205.23597717285156]}