{"loss": [0.21267171204090118, 0.14696992933750153, 0.13484717905521393, 0.12925101816654205, 0.12165731191635132], "mse": [0.21267171204090118, 0.14696992933750153, 0.13484717905521393, 0.12925101816654205, 0.12165731191635132], "mae": [0.3442828059196472, 0.28684675693511963, 0.277873694896698, 0.268571138381958, 0.2621789872646332], "mape": [166.55628967285156, 145.64390563964844, 130.19378662109375, 115.47947692871094, 117.67588806152344]}