{"loss": [0.2009591907262802, 0.1948757916688919, 0.19485045969486237, 0.19114743173122406, 0.18779830634593964], "mse": [0.2009591907262802, 0.1948757916688919, 0.19485045969486237, 0.19114743173122406, 0.18779830634593964], "mae": [0.3298366963863373, 0.3233044743537903, 0.3279116153717041, 0.3233589231967926, 0.3209954798221588], "mape": [229.7592010498047, 232.33863830566406, 219.7787322998047, 219.7554168701172, 223.90484619140625]}