{"loss": [0.1685628741979599, 0.1519646793603897, 0.13944821059703827, 0.13153760135173798, 0.11414463073015213], "mse": [0.1685628741979599, 0.1519646793603897, 0.13944821059703827, 0.13153760135173798, 0.11414463073015213], "mae": [0.1118360161781311, 0.10628990083932877, 0.1033007949590683, 0.09823654592037201, 0.09203395992517471], "mape": [54.080291748046875, 55.75776290893555, 50.832557678222656, 58.63019943237305, 48.524478912353516]}