{"loss": [0.22845211625099182, 0.22801519930362701, 0.22980822622776031, 0.22598497569561005, 0.22541509568691254], "mse": [0.22845211625099182, 0.22801519930362701, 0.22980822622776031, 0.22598497569561005, 0.22541509568691254], "mae": [0.28753575682640076, 0.2854159474372864, 0.28228792548179626, 0.2844097912311554, 0.28273066878318787], "mape": [234.64993286132812, 277.7287902832031, 235.9521942138672, 256.811279296875, 247.2607879638672]}