{"loss": [0.09912268072366714, 0.09737042337656021, 0.09806706756353378, 0.09941057860851288, 0.09608868509531021], "mse": [0.09912268072366714, 0.09737042337656021, 0.09806706756353378, 0.09941057860851288, 0.09608868509531021], "mae": [0.2437412291765213, 0.2396848201751709, 0.24071455001831055, 0.24191094934940338, 0.2380373477935791], "mape": [100.7298583984375, 111.46259307861328, 105.81436157226562, 95.68486785888672, 104.82966613769531]}