{"loss": [0.10306083410978317, 0.10076555609703064, 0.10172624886035919, 0.10260072350502014, 0.09915826469659805], "mse": [0.10306083410978317, 0.10076555609703064, 0.10172624886035919, 0.10260072350502014, 0.09915826469659805], "mae": [0.24769634008407593, 0.2438121885061264, 0.24471355974674225, 0.2461538165807724, 0.2415788173675537], "mape": [103.81761932373047, 114.19896697998047, 108.56575012207031, 97.90641784667969, 107.26013946533203]}