{"loss": [0.22271433472633362, 0.22231525182724, 0.22426043450832367, 0.22061163187026978, 0.2199748009443283], "mse": [0.22271433472633362, 0.22231525182724, 0.22426043450832367, 0.22061163187026978, 0.2199748009443283], "mae": [0.2840656042098999, 0.2816949486732483, 0.27855557203292847, 0.2815170884132385, 0.2792049050331116], "mape": [231.34686279296875, 274.876953125, 233.6593017578125, 256.4836730957031, 244.67404174804688]}