{"loss": [0.0673358365893364, 0.06348308175802231, 0.06855558604001999, 0.05828684940934181, 0.06746115535497665], "mse": [0.0673358365893364, 0.06348308175802231, 0.06855558604001999, 0.05828684940934181, 0.06746115535497665], "mae": [0.06981998682022095, 0.0647171139717102, 0.06885825842618942, 0.06297557801008224, 0.06874129176139832], "mape": [57.62647247314453, 46.89496994018555, 49.94429016113281, 46.88936233520508, 51.80015182495117]}