{"loss": [0.0958154946565628, 0.09397988021373749, 0.09295761585235596, 0.0950847938656807, 0.09241741895675659], "mse": [0.0958154946565628, 0.09397988021373749, 0.09295761585235596, 0.0950847938656807, 0.09241741895675659], "mae": [0.23926328122615814, 0.23376241326332092, 0.23231948912143707, 0.23433326184749603, 0.2322281301021576], "mape": [104.80645751953125, 108.20553588867188, 104.03094482421875, 95.45979309082031, 104.76153564453125]}