{"loss": [0.05730541795492172, 0.054022371768951416, 0.05272776633501053, 0.05659211054444313, 0.051150642335414886], "mse": [0.05730541795492172, 0.054022371768951416, 0.05272776633501053, 0.05659211054444313, 0.051150642335414886], "mae": [0.11695297807455063, 0.11139955371618271, 0.11083226650953293, 0.11224537342786789, 0.1083821952342987], "mape": [35.836429595947266, 35.255802154541016, 35.887351989746094, 33.85539627075195, 32.866336822509766]}