{"loss": [0.06291434913873672, 0.05756046995520592, 0.06568038463592529, 0.05622689425945282, 0.05912867560982704], "mse": [0.06291434913873672, 0.05756046995520592, 0.06568038463592529, 0.05622689425945282, 0.05912867560982704], "mae": [0.06730396300554276, 0.061584196984767914, 0.06574969738721848, 0.06030788645148277, 0.06264130026102066], "mape": [50.83282470703125, 53.62305450439453, 47.441864013671875, 47.44374465942383, 51.321075439453125]}