{"loss": [0.2475491613149643, 0.24743030965328217, 0.2479761838912964, 0.24352791905403137, 0.24294127523899078], "mse": [0.2475491613149643, 0.24743030965328217, 0.2479761838912964, 0.24352791905403137, 0.24294127523899078], "mae": [0.29670199751853943, 0.29662835597991943, 0.2943783700466156, 0.29375338554382324, 0.2928503453731537], "mape": [245.82017517089844, 278.8681335449219, 243.69740295410156, 254.48147583007812, 256.23187255859375]}