{"loss": [0.2102195918560028, 0.20519033074378967, 0.20393897593021393, 0.1990402638912201, 0.1931690275669098], "mse": [0.2102195918560028, 0.20519033074378967, 0.20393897593021393, 0.1990402638912201, 0.1931690275669098], "mae": [0.3318908214569092, 0.32689571380615234, 0.3273879885673523, 0.32225582003593445, 0.3187338411808014], "mape": [213.164306640625, 210.5404510498047, 209.51290893554688, 203.48385620117188, 202.83668518066406]}