{"loss": [0.04845421016216278, 0.031086046248674393, 0.041986603289842606, 0.04086229205131531, 0.02426103688776493], "mse": [0.04845421016216278, 0.031086046248674393, 0.041986603289842606, 0.04086229205131531, 0.02426103688776493], "mae": [0.05912071466445923, 0.05048537626862526, 0.05380106717348099, 0.0604894794523716, 0.04836003854870796], "mape": [175.31858825683594, 127.41217803955078, 157.88543701171875, 150.9132080078125, 181.22999572753906]}