{"loss": [0.046981506049633026, 0.04007362946867943, 0.03703821077942848, 0.03762505203485489, 0.03393677622079849], "mse": [0.046981506049633026, 0.04007362946867943, 0.03703821077942848, 0.03762505203485489, 0.03393677622079849], "mae": [0.10827625542879105, 0.09742607921361923, 0.09448510408401489, 0.09414080530405045, 0.09385385364294052], "mape": [36.06162643432617, 35.044254302978516, 31.702083587646484, 33.85942459106445, 33.068519592285156]}