{"loss": [0.255199134349823, 0.24241411685943604, 0.23345689475536346, 0.22189997136592865, 0.2127721905708313], "mse": [0.255199134349823, 0.24241411685943604, 0.23345689475536346, 0.22189997136592865, 0.2127721905708313], "mae": [0.3865274488925934, 0.37849804759025574, 0.36948439478874207, 0.3631506860256195, 0.3528788685798645], "mape": [199.2982177734375, 187.1923370361328, 181.85507202148438, 186.06472778320312, 185.9762420654297]}