{"loss": [0.11330640316009521, 0.11232555657625198, 0.11097179353237152, 0.11272421479225159, 0.11238900572061539], "mse": [0.11330640316009521, 0.11232555657625198, 0.11097179353237152, 0.11272421479225159, 0.11238900572061539], "mae": [0.19881434738636017, 0.19791096448898315, 0.198893204331398, 0.1961687058210373, 0.19916300475597382], "mape": [44.089847564697266, 43.5844612121582, 43.14124298095703, 43.26926803588867, 43.612571716308594]}