{"loss": [0.1552395075559616, 0.15470291674137115, 0.15149007737636566, 0.14871211349964142, 0.1446450650691986], "mse": [0.1552395075559616, 0.15470291674137115, 0.15149007737636566, 0.14871211349964142, 0.1446450650691986], "mae": [0.2886166274547577, 0.2878097593784332, 0.2846739888191223, 0.2810671031475067, 0.27638062834739685], "mape": [340.5977783203125, 249.98182678222656, 265.5609436035156, 249.39649963378906, 259.4659423828125]}