{"loss": [0.21381574869155884, 0.14205200970172882, 0.13391074538230896, 0.12836921215057373, 0.12096677720546722], "mse": [0.21381574869155884, 0.14205200970172882, 0.13391074538230896, 0.12836921215057373, 0.12096677720546722], "mae": [0.333233505487442, 0.28414294123649597, 0.2740218937397003, 0.26755690574645996, 0.262398898601532], "mape": [155.3966827392578, 137.38336181640625, 122.87261962890625, 109.96833038330078, 119.25695037841797]}