{"loss": [0.17996591329574585, 0.17875370383262634, 0.1753874123096466, 0.1716027557849884, 0.16789349913597107], "mse": [0.17996591329574585, 0.17875370383262634, 0.1753874123096466, 0.1716027557849884, 0.16789349913597107], "mae": [0.3145381510257721, 0.3129880726337433, 0.31031933426856995, 0.3055301308631897, 0.3021199107170105], "mape": [332.9671936035156, 261.98541259765625, 279.02337646484375, 246.59066772460938, 267.7513427734375]}