{"loss": [0.22671416401863098, 0.22672799229621887, 0.2274903655052185, 0.2240758240222931, 0.22299055755138397], "mse": [0.22671416401863098, 0.22672799229621887, 0.2274903655052185, 0.2240758240222931, 0.22299055755138397], "mae": [0.28487205505371094, 0.2851279377937317, 0.2809600532054901, 0.2822495996952057, 0.2804514765739441], "mape": [246.2737579345703, 282.9339599609375, 242.9938201904297, 262.3045654296875, 262.7258605957031]}