{"loss": [0.07716993242502213, 0.07526487857103348, 0.07568500936031342, 0.07555538415908813, 0.07470668107271194], "mse": [0.07716993242502213, 0.07526487857103348, 0.07568500936031342, 0.07555538415908813, 0.07470668107271194], "mae": [0.21454943716526031, 0.2134869247674942, 0.21150143444538116, 0.21326704323291779, 0.21345064043998718], "mape": [1587.980712890625, 2453.986572265625, 3487.82373046875, 2527.303955078125, 2669.769287109375]}