{"loss": [0.1528741419315338, 0.1519881635904312, 0.14915776252746582, 0.14520862698554993, 0.14258626103401184], "mse": [0.1528741419315338, 0.1519881635904312, 0.14915776252746582, 0.14520862698554993, 0.14258626103401184], "mae": [0.2884967625141144, 0.28688061237335205, 0.28076252341270447, 0.2794904410839081, 0.2816039025783539], "mape": [292.4954833984375, 217.99925231933594, 258.3936462402344, 172.4676971435547, 184.7334747314453]}