{"loss": [0.6039027571678162, 0.424625039100647, 0.38661912083625793, 0.3613690137863159, 0.3465580642223358], "mse": [0.6039027571678162, 0.424625039100647, 0.38661912083625793, 0.3613690137863159, 0.3465580642223358], "mae": [0.5625320672988892, 0.47126835584640503, 0.45323070883750916, 0.4329930543899536, 0.4269461929798126], "mape": [286.4394836425781, 283.5726623535156, 280.88311767578125, 258.9681701660156, 265.5019226074219]}