{"loss": [0.07616914808750153, 0.07483050227165222, 0.07541420310735703, 0.0747767835855484, 0.07457323372364044], "mse": [0.07616914808750153, 0.07483050227165222, 0.07541420310735703, 0.0747767835855484, 0.07457323372364044], "mae": [0.21291275322437286, 0.21223093569278717, 0.21178805828094482, 0.2118867039680481, 0.2127346396446228], "mape": [4044.546875, 4410.2353515625, 6497.8447265625, 6669.494140625, 5653.77001953125]}