{"loss": [0.07512499392032623, 0.06732150912284851, 0.07248622924089432, 0.06874021887779236, 0.057142239063978195], "mse": [0.07512499392032623, 0.06732150912284851, 0.07248622924089432, 0.06874021887779236, 0.057142239063978195], "mae": [0.07505263388156891, 0.06828641891479492, 0.06875790655612946, 0.06582067161798477, 0.06506926566362381], "mape": [167.53707885742188, 117.04122161865234, 160.62130737304688, 145.1288604736328, 170.07464599609375]}