{"loss": [0.07828900218009949, 0.07002351433038712, 0.06416979432106018, 0.06685788184404373, 0.058666616678237915], "mse": [0.07828900218009949, 0.07002351433038712, 0.06416979432106018, 0.06685788184404373, 0.058666616678237915], "mae": [0.1312238723039627, 0.12373826652765274, 0.12068244814872742, 0.12012498825788498, 0.11722639948129654], "mape": [39.576011657714844, 41.72772216796875, 40.16550827026367, 39.02722930908203, 40.047882080078125]}