{"loss": [0.04363802447915077, 0.02407819777727127, 0.03109503537416458, 0.03681829199194908, 0.028012504801154137], "mse": [0.04363802447915077, 0.02407819777727127, 0.03109503537416458, 0.03681829199194908, 0.028012504801154137], "mae": [0.05760500580072403, 0.04720770940184593, 0.04842337965965271, 0.05449792742729187, 0.050311364233493805], "mape": [171.485595703125, 127.06353759765625, 158.82284545898438, 149.07386779785156, 161.06832885742188]}