{"loss": [0.12262614071369171, 0.12245921045541763, 0.12036672234535217, 0.12162616103887558, 0.12133204936981201], "mse": [0.12262614071369171, 0.12245921045541763, 0.12036672234535217, 0.12162616103887558, 0.12133204936981201], "mae": [0.20563165843486786, 0.2064582258462906, 0.20474563539028168, 0.20239870250225067, 0.20499113202095032], "mape": [45.85952377319336, 46.1474494934082, 44.1368408203125, 45.40095520019531, 45.5369873046875]}