{"loss": [0.1552395075559616, 0.15470287203788757, 0.15149010717868805, 0.1487121284008026, 0.14464512467384338], "mse": [0.1552395075559616, 0.15470287203788757, 0.15149010717868805, 0.1487121284008026, 0.14464512467384338], "mae": [0.28861668705940247, 0.28780969977378845, 0.2846739888191223, 0.2810671329498291, 0.27638065814971924], "mape": [340.5978698730469, 249.98178100585938, 265.56103515625, 249.3965606689453, 259.4660339355469]}