{"loss": [0.05789659544825554, 0.040565114468336105, 0.04971567913889885, 0.050963401794433594, 0.03367190808057785], "mse": [0.05789659544825554, 0.040565114468336105, 0.04971567913889885, 0.050963401794433594, 0.03367190808057785], "mae": [0.0650840699672699, 0.055796682834625244, 0.056981585919857025, 0.06441626697778702, 0.05472252145409584], "mape": [176.7064971923828, 124.90807342529297, 161.1990509033203, 147.5264892578125, 188.55799865722656]}