{"loss": [0.15287412703037262, 0.15198814868927002, 0.14915776252746582, 0.14520861208438873, 0.14258626103401184], "mse": [0.15287412703037262, 0.15198814868927002, 0.14915776252746582, 0.14520861208438873, 0.14258626103401184], "mae": [0.28849679231643677, 0.28688064217567444, 0.2807624936103821, 0.2794904112815857, 0.2816039025783539], "mape": [292.4954528808594, 217.99929809570312, 258.3936767578125, 172.46775817871094, 184.73355102539062]}