{"loss": [0.2443322390317917, 0.2363281100988388, 0.23543885350227356, 0.2292957752943039, 0.22527720034122467], "mse": [0.2443322390317917, 0.2363281100988388, 0.23543885350227356, 0.2292957752943039, 0.22527720034122467], "mae": [0.36257120966911316, 0.3574991226196289, 0.35947152972221375, 0.3522445559501648, 0.3517216145992279], "mape": [246.2777557373047, 250.33895874023438, 239.15768432617188, 235.04408264160156, 237.1874542236328]}