{"losses": [0.20256733894348145, 0.19767776131629944, 0.19719631969928741, 0.19682985544204712, 0.19659608602523804, 0.1962439864873886, 0.19592641294002533, 0.19560612738132477, 0.19528678059577942, 0.19494591653347015, 0.19463969767093658, 0.1943267434835434, 0.1939946860074997, 0.19367608428001404, 0.19337084889411926, 0.19302840530872345, 0.1927063912153244, 0.19240538775920868, 0.1920543611049652, 0.19174301624298096, 0.19141745567321777, 0.1911175400018692, 0.19077150523662567, 0.19046801328659058, 0.19015294313430786, 0.1898079663515091, 0.18949991464614868, 0.1891956627368927, 0.188868910074234, 0.18852317333221436, 0.18821102380752563, 0.18791228532791138, 0.18756967782974243, 0.1872548758983612, 0.1869335025548935, 0.18659824132919312, 0.1862879991531372, 0.18595626950263977, 0.18563951551914215, 0.1853078007698059, 0.18499724566936493, 0.18468451499938965, 0.18435223400592804, 0.18402501940727234, 0.1837308406829834, 0.18342895805835724, 0.18311011791229248, 0.18277831375598907, 0.18244484066963196, 0.18213403224945068], "rmses": [0.4500748148291364, 0.4446096729900278, 0.44406792239395926, 0.4436551086621759, 0.4433915718924279, 0.44299434137174776, 0.4426357565086957, 0.4422738149397099, 0.4419126390993806, 0.4415268016026549, 0.4411798926412406, 0.4408250712964763, 0.44044827847035534, 0.44008645091619675, 0.439739523916283, 0.439349980435556, 0.43898336097775326, 0.4386403854630906, 0.4382400724545454, 0.4378847065643889, 0.4375128062962475, 0.43716992119983417, 0.4367739749992273, 0.43642641222385997, 0.4360652968699847, 0.4356695609650841, 0.4353158791569045, 0.4349662777008037, 0.4345905084953352, 0.43419255328968315, 0.4338329445852696, 0.4334885065695645, 0.4330931514463631, 0.43272956439138893, 0.4323580721518837, 0.43197018569479206, 0.43161093493230357, 0.4312264712452608, 0.43085904367802486, 0.43047392577228866, 0.4301130614958873, 0.429749363000563, 0.4293625903661473, 0.4289813741962142, 0.42863835652328575, 0.4282860703529327, 0.4279136804453586, 0.4275258047837453, 0.42713562327395727, 0.4267716394624304]}