{"losses": [0.7358123660087585, 0.5742142200469971, 0.49135822057724, 0.4490812122821808, 0.4263458549976349, 0.4128999710083008, 0.4038582742214203, 0.39711979031562805, 0.39174580574035645, 0.38734498620033264, 0.3836482763290405, 0.38050931692123413, 0.3777998387813568, 0.3754476010799408, 0.37336522340774536, 0.3715062141418457, 0.36982640624046326, 0.36829817295074463, 0.3668994605541229, 0.36560148000717163, 0.36439386010169983, 0.36326277256011963, 0.3621963858604431, 0.36119258403778076, 0.36024343967437744, 0.35932886600494385, 0.35846254229545593, 0.35763707756996155, 0.35684001445770264, 0.35607612133026123, 0.3553391098976135, 0.35462963581085205, 0.35393691062927246, 0.3532765209674835, 0.3526262938976288, 0.35200071334838867, 0.3513975143432617, 0.35080230236053467, 0.35022562742233276, 0.3496670126914978, 0.3491249680519104, 0.3485986590385437, 0.3480745553970337, 0.3475699722766876, 0.34708380699157715, 0.3465994894504547, 0.3461328148841858, 0.3456675112247467, 0.34522685408592224, 0.34478482604026794, 0.34435492753982544, 0.3439381420612335, 0.3435309827327728, 0.3431330919265747, 0.342741459608078, 0.34235596656799316, 0.3419812023639679, 0.34161660075187683, 0.3412545621395111, 0.34090638160705566], "rmses": [0.8577950606110755, 0.7577692393116766, 0.7009694861955404, 0.6701352194014136, 0.6529516482846451, 0.6425729304976212, 0.635498445490955, 0.6301744126157679, 0.6258960023361361, 0.6223704573646894, 0.6193934745612361, 0.6168543725396085, 0.6146542432793878, 0.6127377914572765, 0.6110361882963605, 0.6095130959559817, 0.6081335430976187, 0.606875747538773, 0.6057222635450368, 0.6046498821691538, 0.6036504452923892, 0.6027128441970684, 0.6018275383034937, 0.6009929983267532, 0.60020283211126, 0.5994404607673258, 0.5987174143913436, 0.5980276561915524, 0.5973608745621884, 0.596721142017158, 0.5961032711683552, 0.595507880561502, 0.5949259707133926, 0.5943706932272852, 0.5938234534755501, 0.5932964801415803, 0.5927879168330455, 0.5922856594250233, 0.5917986375637686, 0.5913264857010024, 0.5908679785298154, 0.5904224411711869, 0.5899784363830882, 0.5895506528507009, 0.589138190063738, 0.5887270075769029, 0.5883305320006652, 0.5879349549267731, 0.5875600855111945, 0.5871838094159851, 0.5868176271550007, 0.5864623961186544, 0.5861151616643037, 0.5857756327524855, 0.5854412520553006, 0.5851119265302949, 0.5847915888279925, 0.58447976932643, 0.5841699770952895, 0.5838718880088813]}