{"losses": [0.0938674733042717, 0.07752504199743271, 0.06933271139860153, 0.06331097334623337, 0.05852812901139259, 0.05458015576004982, 0.05125494673848152, 0.04840274900197983, 0.045935098081827164, 0.0437580868601799, 0.041820380836725235, 0.04008564352989197, 0.03853824734687805, 0.03711581230163574, 0.03583734109997749, 0.03465995192527771, 0.033597029745578766, 0.03261338174343109, 0.03170288726687431, 0.030868658795952797, 0.030090298503637314, 0.029368482530117035, 0.028701052069664, 0.028070883825421333, 0.027486426755785942, 0.02693464420735836, 0.026417354121804237, 0.025918547064065933, 0.025455961003899574, 0.025020675733685493, 0.024610543623566628, 0.02421368844807148, 0.02383660152554512, 0.023477982729673386, 0.0231375340372324, 0.022808868438005447, 0.02249974198639393, 0.022198062390089035, 0.021912407130002975, 0.021633997559547424, 0.021370461210608482, 0.021109940484166145, 0.020870480686426163, 0.020631395280361176, 0.020407307893037796, 0.02018745243549347, 0.019975950941443443, 0.019771922379732132, 0.019572539255023003, 0.019390134140849113, 0.019210033118724823, 0.019034583121538162, 0.018856380134820938, 0.018695756793022156, 0.018538236618041992, 0.018385866656899452, 0.01823178119957447, 0.018093615770339966, 0.017955537885427475, 0.01782320998609066], "rmses": [0.30637799089404527, 0.2784331912639596, 0.2633110544557549, 0.25161671913096983, 0.24192587503488044, 0.23362396229849758, 0.22639555370740283, 0.22000624764306087, 0.21432474911177934, 0.2091843370335836, 0.20450031989394352, 0.2002139943407852, 0.19631160777416615, 0.19265464515976702, 0.18930753048935348, 0.18617183440380478, 0.18329492558600405, 0.1805917543616848, 0.178053046216217, 0.17569478875582165, 0.17346555422802912, 0.17137235054149497, 0.1694138485179532, 0.16754367736629555, 0.16579030959554283, 0.1641177754155788, 0.16253416293753212, 0.16099238200631089, 0.15954924319438052, 0.15817925190645418, 0.15687747965710894, 0.15560748197972835, 0.15439106685797957, 0.15322526792168903, 0.15211026933521746, 0.15102605218307683, 0.1499991399521808, 0.14899014192250787, 0.14802839974141102, 0.1470850011372588, 0.14618639201583875, 0.1452926029919147, 0.14446619219189713, 0.1436363299460174, 0.14285414902283305, 0.1420825550005822, 0.1413363043999787, 0.14061266792054025, 0.1399018915348288, 0.1392484618976063, 0.13860026377581258, 0.13796587665628832, 0.1373185352922938, 0.13673242773030161, 0.13615519313651606, 0.1355944934608314, 0.13502511321815092, 0.13451251157546634, 0.13399827568079925, 0.13350359540510756]}