{"losses": [0.16407786309719086, 0.09143917262554169, 0.07705356180667877, 0.07173197716474533, 0.06840918213129044, 0.06612980365753174, 0.06434947997331619, 0.06289777904748917, 0.06169946864247322, 0.060693658888339996, 0.05984845757484436, 0.059129830449819565, 0.05851919576525688, 0.05798511952161789, 0.05751996859908104, 0.057115327566862106, 0.05675395205616951, 0.05642683804035187, 0.05613211169838905, 0.05586516857147217, 0.05561869218945503, 0.05538972094655037, 0.05517766624689102, 0.054980091750621796, 0.05479000136256218, 0.05462215468287468, 0.054452117532491684, 0.054295942187309265, 0.054144684225320816, 0.05400346592068672, 0.05386834219098091, 0.05373818054795265, 0.053611382842063904, 0.053493984043598175, 0.05337624251842499, 0.053267013281583786, 0.053155072033405304, 0.05304844677448273, 0.052950575947761536, 0.052850306034088135, 0.05275443196296692, 0.05265728011727333, 0.052568212151527405, 0.0524844154715538, 0.05239405855536461, 0.05230887234210968, 0.052225008606910706, 0.05214428901672363, 0.05206792429089546, 0.05198994651436806, 0.05191143602132797, 0.05183635652065277, 0.05176308751106262, 0.051690589636564255, 0.05161622539162636, 0.05154862627387047, 0.05147862434387207, 0.051407814025878906, 0.05133803188800812, 0.051274631172418594], "rmses": [0.40506525782544084, 0.3023891079809947, 0.2775852334089095, 0.2678282605789489, 0.26155149040158504, 0.2571571575078783, 0.2536719928831644, 0.2507942962818117, 0.24839377738275414, 0.24636083066985304, 0.2446394440290534, 0.24316626092001242, 0.2419074115550346, 0.24080099568236402, 0.23983320995867324, 0.2389881326904374, 0.23823087972840445, 0.23754333928854302, 0.2369221637972882, 0.2363581362497855, 0.2358361553906759, 0.23535020914915367, 0.23489926829790472, 0.23447833961929573, 0.23407264120901053, 0.23371383074793559, 0.23334977508558194, 0.2330148969214399, 0.23269010341078286, 0.23238645812673062, 0.23209554539236835, 0.23181497050007932, 0.23154131994541255, 0.2312876651349963, 0.23103299010839337, 0.2307964758864047, 0.2305538376028586, 0.2303224843007793, 0.23010992144573328, 0.22989194425661838, 0.22968332974547134, 0.22947174143513474, 0.22927758754733835, 0.22909477399441874, 0.22889748481659777, 0.2287113297196046, 0.22852791647173154, 0.22835124045365646, 0.22818397027594964, 0.228013040228773, 0.22784081289647817, 0.22767599021559734, 0.22751502700055357, 0.2273556457107768, 0.22719204517682032, 0.22704322556260179, 0.22688901327272784, 0.22673291341549623, 0.22657897494694454, 0.22643902307777825]}