{"loss": [0.0958155021071434, 0.09397989511489868, 0.09295763075351715, 0.09508480131626129, 0.092417411506176], "mse": [0.0958155021071434, 0.09397989511489868, 0.09295763075351715, 0.09508480131626129, 0.092417411506176], "mae": [0.23926326632499695, 0.23376241326332092, 0.2323193997144699, 0.23433326184749603, 0.23222821950912476], "mape": [104.80644989013672, 108.2055435180664, 104.03095245361328, 95.45979309082031, 104.76155090332031]}