{"loss": [0.06891874223947525, 0.06417813152074814, 0.06847581267356873, 0.05954468622803688, 0.06262663751840591], "mse": [0.06891874223947525, 0.06417813152074814, 0.06847581267356873, 0.05954468622803688, 0.06262663751840591], "mae": [0.07158772647380829, 0.06570310145616531, 0.06816520541906357, 0.06309842318296432, 0.06502953916788101], "mape": [51.73704528808594, 53.75619125366211, 49.090049743652344, 46.64851379394531, 50.801700592041016]}