{"loss": [0.05598150193691254, 0.04793665185570717, 0.044994134455919266, 0.046779319643974304, 0.040785934776067734], "mse": [0.05598150193691254, 0.04793665185570717, 0.044994134455919266, 0.046779319643974304, 0.040785934776067734], "mae": [0.11634910106658936, 0.10542361438274384, 0.10290239006280899, 0.10288509726524353, 0.10220615565776825], "mape": [37.76869583129883, 37.75530242919922, 33.859066009521484, 36.09095001220703, 35.94338607788086]}