{"loss": [0.1372721642255783, 0.11512722074985504, 0.10892996191978455, 0.10562068223953247, 0.10180249810218811], "mse": [0.1372721642255783, 0.11512722074985504, 0.10892996191978455, 0.10562068223953247, 0.10180249810218811], "mae": [0.28632792830467224, 0.2617073953151703, 0.25225117802619934, 0.2501792311668396, 0.24490103125572205], "mape": [86.73768615722656, 78.30355072021484, 75.425048828125, 76.7784423828125, 74.90081024169922]}