{"loss": [0.316927433013916, 0.2617405652999878, 0.2323126345872879, 0.21761518716812134, 0.1809805929660797], "mse": [0.316927433013916, 0.2617405652999878, 0.2323126345872879, 0.21761518716812134, 0.1809805929660797], "mae": [0.15603575110435486, 0.13897095620632172, 0.12844815850257874, 0.1223318800330162, 0.11584806442260742], "mape": [73.32256317138672, 84.64993286132812, 63.01626205444336, 56.32868957519531, 51.563594818115234]}