{"loss": [0.0673358365893364, 0.0634830966591835, 0.06855560094118118, 0.05828683078289032, 0.06746115535497665], "mse": [0.0673358365893364, 0.0634830966591835, 0.06855560094118118, 0.05828683078289032, 0.06746115535497665], "mae": [0.06981998682022095, 0.0647171288728714, 0.06885825842618942, 0.06297557801008224, 0.06874129921197891], "mape": [57.62644577026367, 46.89500427246094, 49.94424057006836, 46.889373779296875, 51.800201416015625]}