{"loss": [0.04216613247990608, 0.03776285797357559, 0.03439338877797127, 0.04026114568114281, 0.03343614935874939], "mse": [0.04216613247990608, 0.03776285797357559, 0.03439338877797127, 0.04026114568114281, 0.03343614935874939], "mae": [0.10029848664999008, 0.09474469721317291, 0.09056465327739716, 0.09673156589269638, 0.09129048883914948], "mape": [31.661937713623047, 31.176555633544922, 29.493316650390625, 30.298973083496094, 30.551834106445312]}