{"loss": [0.2821182310581207, 0.2694256603717804, 0.26608580350875854, 0.25758203864097595, 0.25197967886924744], "mse": [0.2821182310581207, 0.2694256603717804, 0.26608580350875854, 0.25758203864097595, 0.25197967886924744], "mae": [0.38608619570732117, 0.38001516461372375, 0.38046663999557495, 0.3705601096153259, 0.3693305552005768], "mape": [249.02452087402344, 256.0267639160156, 246.8153839111328, 242.64764404296875, 246.37701416015625]}