{"loss": [0.05142785981297493, 0.043923329561948776, 0.041059065610170364, 0.04186086356639862, 0.037397101521492004], "mse": [0.05142785981297493, 0.043923329561948776, 0.041059065610170364, 0.04186086356639862, 0.037397101521492004], "mae": [0.11258093267679214, 0.10138105601072311, 0.09871050715446472, 0.09829513728618622, 0.09806697815656662], "mape": [37.058982849121094, 36.6209602355957, 32.69444274902344, 35.051910400390625, 34.600257873535156]}