{"loss": [0.09912267327308655, 0.097370445728302, 0.09806706011295319, 0.09941057860851288, 0.09608869254589081], "mse": [0.09912267327308655, 0.097370445728302, 0.09806706011295319, 0.09941057860851288, 0.09608869254589081], "mae": [0.2437412589788437, 0.23968477547168732, 0.24071460962295532, 0.24191094934940338, 0.23803739249706268], "mape": [100.7298583984375, 111.46258544921875, 105.81433868408203, 95.68484497070312, 104.82965850830078]}