{"loss": [0.05237770825624466, 0.04778773710131645, 0.05113726481795311, 0.05070408806204796, 0.047375112771987915], "mse": [0.05237770825624466, 0.04778773710131645, 0.05113726481795311, 0.05070408806204796, 0.047375112771987915], "mae": [0.06113255023956299, 0.056229908019304276, 0.0575789213180542, 0.055555567145347595, 0.05822502449154854], "mape": [48.17298126220703, 48.261966705322266, 43.958126068115234, 47.999027252197266, 51.8572998046875]}