{"loss": [0.043209660798311234, 0.03672095760703087, 0.03349413350224495, 0.034413717687129974, 0.031158173456788063], "mse": [0.043209660798311234, 0.03672095760703087, 0.03349413350224495, 0.034413717687129974, 0.031158173456788063], "mae": [0.10339668393135071, 0.09385953843593597, 0.09015492349863052, 0.09054239094257355, 0.08979393541812897], "mape": [34.40935134887695, 33.35688018798828, 30.33778190612793, 32.48592758178711, 31.696359634399414]}