{"loss": [0.14080367982387543, 0.11843252182006836, 0.11136190593242645, 0.10675884783267975, 0.10288636386394501], "mse": [0.14080367982387543, 0.11843252182006836, 0.11136190593242645, 0.10675884783267975, 0.10288636386394501], "mae": [0.2894890606403351, 0.26348090171813965, 0.25344550609588623, 0.24892009794712067, 0.24617725610733032], "mape": [89.677734375, 82.0925064086914, 77.56453704833984, 78.3552017211914, 76.99604797363281]}