{"loss": [0.08907235413789749, 0.08679132908582687, 0.08702931553125381, 0.08693577349185944, 0.08578123152256012], "mse": [0.08907235413789749, 0.08679132908582687, 0.08702931553125381, 0.08693577349185944, 0.08578123152256012], "mae": [0.22852957248687744, 0.22590667009353638, 0.22451597452163696, 0.22573570907115936, 0.22570611536502838], "mape": [5142.07763671875, 5759.6884765625, 7306.0185546875, 7720.94287109375, 6529.16455078125]}