{"loss": [0.10039757192134857, 0.09839335829019547, 0.0959428995847702, 0.0962783619761467, 0.09371603280305862], "mse": [0.10039757192134857, 0.09839335829019547, 0.0959428995847702, 0.0962783619761467, 0.09371603280305862], "mae": [0.24344298243522644, 0.2395315021276474, 0.23530976474285126, 0.23633386194705963, 0.23442354798316956], "mape": [71.07028198242188, 72.37351989746094, 72.7621078491211, 73.8824691772461, 73.10009765625]}