{"loss": [0.036485813558101654, 0.04015485197305679, 0.039687253534793854, 0.03409546613693237, 0.02674460969865322], "mse": [0.036485813558101654, 0.04015485197305679, 0.039687253534793854, 0.03409546613693237, 0.02674460969865322], "mae": [0.05428862199187279, 0.055314790457487106, 0.05758334696292877, 0.05037996917963028, 0.05017032101750374], "mape": [54.50582504272461, 46.67061233520508, 48.82086944580078, 45.131717681884766, 47.92685317993164]}