{"loss": [0.08046605437994003, 0.0801117792725563, 0.07912817597389221, 0.07995275408029556, 0.07685548067092896], "mse": [0.08046605437994003, 0.0801117792725563, 0.07912817597389221, 0.07995275408029556, 0.07685548067092896], "mae": [0.21533624827861786, 0.21170459687709808, 0.211941659450531, 0.21157458424568176, 0.2097783088684082], "mape": [63.88259506225586, 62.35847473144531, 65.21009063720703, 67.55731964111328, 62.7077522277832]}