{"loss": [0.17996589839458466, 0.17875364422798157, 0.17538738250732422, 0.17160280048847198, 0.16789352893829346], "mse": [0.17996589839458466, 0.17875364422798157, 0.17538738250732422, 0.17160280048847198, 0.16789352893829346], "mae": [0.3145381510257721, 0.3129880726337433, 0.31031936407089233, 0.3055301010608673, 0.3021199107170105], "mape": [332.9672546386719, 261.9854736328125, 279.0233459472656, 246.5906982421875, 267.7513427734375]}