{"loss": [0.33224257826805115, 0.266010046005249, 0.24135646224021912, 0.21367739140987396, 0.18623019754886627], "mse": [0.33224257826805115, 0.266010046005249, 0.24135646224021912, 0.21367739140987396, 0.18623019754886627], "mae": [0.15769259631633759, 0.14175157248973846, 0.13039875030517578, 0.11691392958164215, 0.11122212558984756], "mape": [165.51695251464844, 307.4950866699219, 226.58631896972656, 199.40872192382812, 157.93357849121094]}