{"loss": [0.13107959926128387, 0.13062699139118195, 0.12809987366199493, 0.12986096739768982, 0.12886784970760345], "mse": [0.13107959926128387, 0.13062699139118195, 0.12809987366199493, 0.12986096739768982, 0.12886784970760345], "mae": [0.21160458028316498, 0.21176309883594513, 0.21037405729293823, 0.20873257517814636, 0.21000850200653076], "mape": [47.65998458862305, 47.81510543823242, 45.64548873901367, 47.097225189208984, 46.67794418334961]}