{"loss": [0.03648582845926285, 0.040154848247766495, 0.03968723863363266, 0.03409545496106148, 0.026744600385427475], "mse": [0.03648582845926285, 0.040154848247766495, 0.03968723863363266, 0.03409545496106148, 0.026744600385427475], "mae": [0.05428861454129219, 0.05531477555632591, 0.057583317160606384, 0.05037997290492058, 0.05017031356692314], "mape": [54.50580978393555, 46.67063903808594, 48.820884704589844, 45.131752014160156, 47.926822662353516]}