{"loss": [0.07615084201097488, 0.07035621255636215, 0.07366698235273361, 0.06355128437280655, 0.06727433204650879], "mse": [0.07615084201097488, 0.07035621255636215, 0.07366698235273361, 0.06355128437280655, 0.06727433204650879], "mae": [0.07584350556135178, 0.06891843676567078, 0.07254968583583832, 0.06514716148376465, 0.06863439083099365], "mape": [53.19367599487305, 54.61618423461914, 51.06742858886719, 46.146324157714844, 50.914695739746094]}