{"loss": [0.04216613247990608, 0.0377628430724144, 0.034393396228551865, 0.04026114568114281, 0.03343614190816879], "mse": [0.04216613247990608, 0.0377628430724144, 0.034393396228551865, 0.04026114568114281, 0.03343614190816879], "mae": [0.10029848664999008, 0.09474464505910873, 0.09056464582681656, 0.09673155844211578, 0.09129045158624649], "mape": [31.661945343017578, 31.17655372619629, 29.493322372436523, 30.298967361450195, 30.551847457885742]}