{"loss": [0.05598149076104164, 0.04793665185570717, 0.04499414935708046, 0.046779315918684006, 0.04078592360019684], "mse": [0.05598149076104164, 0.04793665185570717, 0.04499414935708046, 0.046779315918684006, 0.04078592360019684], "mae": [0.11634906381368637, 0.10542361438274384, 0.10290241986513138, 0.10288511216640472, 0.10220613330602646], "mape": [37.7686882019043, 37.75531005859375, 33.85906982421875, 36.090938568115234, 35.943389892578125]}