{"loss": [0.31653034687042236, 0.29978883266448975, 0.29415538907051086, 0.28451013565063477, 0.27516528964042664], "mse": [0.31653034687042236, 0.29978883266448975, 0.29415538907051086, 0.28451013565063477, 0.27516528964042664], "mae": [0.4037317633628845, 0.3932778537273407, 0.3894916772842407, 0.3822951912879944, 0.3785177171230316], "mape": [262.51708984375, 260.7427673339844, 256.51336669921875, 245.5240478515625, 249.86135864257812]}