{"loss": [0.11624203622341156, 0.11391561478376389, 0.11242227256298065, 0.11015573143959045, 0.10845725238323212], "mse": [0.11624203622341156, 0.11391561478376389, 0.11242227256298065, 0.11015573143959045, 0.10845725238323212], "mae": [0.2412848323583603, 0.23866112530231476, 0.23817433416843414, 0.23482385277748108, 0.23077593743801117], "mape": [136.169921875, 124.84487915039062, 125.64666748046875, 135.4449005126953, 137.05125427246094]}