{"loss": [0.15523947775363922, 0.15470288693904877, 0.15149004757404327, 0.14871211349964142, 0.1446450650691986], "mse": [0.15523947775363922, 0.15470288693904877, 0.15149004757404327, 0.14871211349964142, 0.1446450650691986], "mae": [0.28861668705940247, 0.28780966997146606, 0.2846740186214447, 0.2810671627521515, 0.27638062834739685], "mape": [340.59783935546875, 249.9817657470703, 265.56097412109375, 249.39646911621094, 259.46588134765625]}