{"loss": [0.08907235413789749, 0.08679129928350449, 0.08702928572893143, 0.08693577349185944, 0.08578124642372131], "mse": [0.08907235413789749, 0.08679129928350449, 0.08702928572893143, 0.08693577349185944, 0.08578124642372131], "mae": [0.22852961719036102, 0.225906640291214, 0.22451595962047577, 0.22573566436767578, 0.22570611536502838], "mape": [5142.07763671875, 5759.69189453125, 7306.0185546875, 7720.94384765625, 6529.16943359375]}