{"loss": [0.07423699647188187, 0.0731276348233223, 0.07363679260015488, 0.07297743111848831, 0.07289527356624603], "mse": [0.07423699647188187, 0.0731276348233223, 0.07363679260015488, 0.07297743111848831, 0.07289527356624603], "mae": [0.21037602424621582, 0.2100270539522171, 0.20905596017837524, 0.20910073816776276, 0.21033568680286407], "mape": [3236.36767578125, 3396.947021484375, 5548.3193359375, 5863.1748046875, 4576.74755859375]}