{"loss": [0.03818046674132347, 0.03494648635387421, 0.030843574553728104, 0.03737635910511017, 0.029863549396395683], "mse": [0.03818046674132347, 0.03494648635387421, 0.030843574553728104, 0.03737635910511017, 0.029863549396395683], "mae": [0.09557230025529861, 0.09132146090269089, 0.0863015204668045, 0.09326113760471344, 0.08738049119710922], "mape": [30.648527145385742, 30.213022232055664, 28.773494720458984, 29.330554962158203, 30.425046920776367]}