{"loss": [0.34000495076179504, 0.16486473381519318, 0.1466999351978302, 0.14221368730068207, 0.1374177634716034], "mse": [0.34000495076179504, 0.16486473381519318, 0.1466999351978302, 0.14221368730068207, 0.1374177634716034], "mae": [0.3965418338775635, 0.23057471215724945, 0.2197713553905487, 0.21673135459423065, 0.21510815620422363], "mape": [64.50250244140625, 50.03276824951172, 47.32176971435547, 48.77849197387695, 47.99557876586914]}