{"loss": [0.15509285032749176, 0.15138299763202667, 0.1506108194589615, 0.14495806396007538, 0.14509046077728271], "mse": [0.15509285032749176, 0.15138299763202667, 0.1506108194589615, 0.14495806396007538, 0.14509046077728271], "mae": [0.29069700837135315, 0.2837148904800415, 0.2820744216442108, 0.2776125371456146, 0.2783261239528656], "mape": [163.7187042236328, 155.92391967773438, 152.17041015625, 154.57261657714844, 168.9296112060547]}