{"loss": [0.255199134349823, 0.24241411685943604, 0.2334568351507187, 0.22189997136592865, 0.2127722203731537], "mse": [0.255199134349823, 0.24241411685943604, 0.2334568351507187, 0.22189997136592865, 0.2127722203731537], "mae": [0.3865273892879486, 0.37849801778793335, 0.36948439478874207, 0.3631506860256195, 0.3528788685798645], "mape": [199.29818725585938, 187.1923370361328, 181.85508728027344, 186.0647430419922, 185.9762420654297]}