{"loss": [0.1685628741979599, 0.15196464955806732, 0.13944824039936066, 0.13153760135173798, 0.11414463073015213], "mse": [0.1685628741979599, 0.15196464955806732, 0.13944824039936066, 0.13153760135173798, 0.11414463073015213], "mae": [0.11183599382638931, 0.10628990828990936, 0.10330077260732651, 0.09823653846979141, 0.09203393012285233], "mape": [54.08029556274414, 55.757781982421875, 50.83257293701172, 58.630191802978516, 48.524471282958984]}