{"loss": [0.2769847512245178, 0.27612587809562683, 0.27716389298439026, 0.27242493629455566, 0.27115392684936523], "mse": [0.2769847512245178, 0.27612587809562683, 0.27716389298439026, 0.27242493629455566, 0.27115392684936523], "mae": [0.30898526310920715, 0.30885201692581177, 0.3074745237827301, 0.3075580596923828, 0.30754324793815613], "mape": [254.95782470703125, 288.9400634765625, 243.2678680419922, 251.4375, 252.12362670898438]}