{"loss": [0.0848684012889862, 0.0844605341553688, 0.08328987658023834, 0.0845940113067627, 0.08294979482889175], "mse": [0.0848684012889862, 0.0844605341553688, 0.08328987658023834, 0.0845940113067627, 0.08294979482889175], "mae": [0.2218138426542282, 0.2182663381099701, 0.21921664476394653, 0.22008050978183746, 0.21908441185951233], "mape": [67.31373596191406, 65.99559783935547, 67.48014831542969, 70.43765258789062, 69.03067016601562]}