{"loss": [0.06187694892287254, 0.05868495628237724, 0.05687437579035759, 0.060730889439582825, 0.055248089134693146], "mse": [0.06187694892287254, 0.05868495628237724, 0.05687437579035759, 0.060730889439582825, 0.055248089134693146], "mae": [0.12156679481267929, 0.1156042143702507, 0.11554914712905884, 0.1164797767996788, 0.11290694028139114], "mape": [36.446834564208984, 35.699581146240234, 36.37363052368164, 34.47502899169922, 33.96329116821289]}