{"loss": [0.17075558006763458, 0.16522958874702454, 0.16321580111980438, 0.15647198259830475, 0.1548905223608017], "mse": [0.17075558006763458, 0.16522958874702454, 0.16321580111980438, 0.15647198259830475, 0.1548905223608017], "mae": [0.30963367223739624, 0.30418479442596436, 0.3015255033969879, 0.29241618514060974, 0.2906404137611389], "mape": [143.6351318359375, 131.39369201660156, 144.262939453125, 131.71267700195312, 133.31295776367188]}