{"loss": [0.05113673582673073, 0.04582304134964943, 0.04268971458077431, 0.047989536076784134, 0.041280027478933334], "mse": [0.05113673582673073, 0.04582304134964943, 0.04268971458077431, 0.047989536076784134, 0.041280027478933334], "mae": [0.110101118683815, 0.10382433980703354, 0.10123833268880844, 0.10517232865095139, 0.10080965608358383], "mape": [33.91514587402344, 33.689247131347656, 31.886577606201172, 32.26166915893555, 31.996366500854492]}