{"loss": [0.12665100395679474, 0.10187747329473495, 0.08808428794145584, 0.08707666397094727, 0.07639145106077194], "mse": [0.12665100395679474, 0.10187747329473495, 0.08808428794145584, 0.08707666397094727, 0.07639145106077194], "mae": [0.15683597326278687, 0.14009881019592285, 0.13210739195346832, 0.13212239742279053, 0.12668076157569885], "mape": [44.68939971923828, 39.60033416748047, 39.471126556396484, 38.35002136230469, 34.664119720458984]}