{"loss": [0.26511019468307495, 0.2648656368255615, 0.26542672514915466, 0.26007458567619324, 0.25933197140693665], "mse": [0.26511019468307495, 0.2648656368255615, 0.26542672514915466, 0.26007458567619324, 0.25933197140693665], "mae": [0.3039514124393463, 0.3038080334663391, 0.30215561389923096, 0.3021085858345032, 0.3017052710056305], "mape": [250.69137573242188, 284.76287841796875, 245.63406372070312, 254.74603271484375, 251.6518096923828]}