{"loss": [0.07423699647188187, 0.0731276348233223, 0.07363677769899368, 0.07297742366790771, 0.07289527356624603], "mse": [0.07423699647188187, 0.0731276348233223, 0.07363677769899368, 0.07297742366790771, 0.07289527356624603], "mae": [0.2103760987520218, 0.2100270539522171, 0.20905600488185883, 0.20910079777240753, 0.21033568680286407], "mape": [3236.366943359375, 3396.947265625, 5548.32666015625, 5863.181640625, 4576.7509765625]}