{"loss": [0.2265084981918335, 0.2178955078125, 0.21286024153232574, 0.20377163589000702, 0.19882966578006744], "mse": [0.2265084981918335, 0.2178955078125, 0.21286024153232574, 0.20377163589000702, 0.19882966578006744], "mae": [0.36153072118759155, 0.35348549485206604, 0.3519066274166107, 0.34171852469444275, 0.33673375844955444], "mape": [164.94058227539062, 145.2755126953125, 161.98594665527344, 145.3385467529297, 153.4541473388672]}