{"loss": [0.2398492842912674, 0.2398052215576172, 0.24044795334339142, 0.23664134740829468, 0.2357546091079712], "mse": [0.2398492842912674, 0.2398052215576172, 0.24044795334339142, 0.23664134740829468, 0.2357546091079712], "mae": [0.29269129037857056, 0.29287075996398926, 0.28976279497146606, 0.2895391285419464, 0.2885400056838989], "mape": [245.50205993652344, 280.760009765625, 242.8546142578125, 257.6076354980469, 260.5608825683594]}