{"loss": [0.0445566289126873, 0.039705365896224976, 0.03659454733133316, 0.04224701225757599, 0.0355868861079216], "mse": [0.0445566289126873, 0.039705365896224976, 0.03659454733133316, 0.04224701225757599, 0.0355868861079216], "mae": [0.1031554564833641, 0.09721169620752335, 0.09372448921203613, 0.09888994693756104, 0.09385471045970917], "mape": [32.21687698364258, 32.032676696777344, 30.204730987548828, 30.853233337402344, 30.819561004638672]}