{"loss": [0.0862581878900528, 0.08553630113601685, 0.08494582772254944, 0.08578044921159744, 0.08282828330993652], "mse": [0.0862581878900528, 0.08553630113601685, 0.08494582772254944, 0.08578044921159744, 0.08282828330993652], "mae": [0.22367195785045624, 0.21981017291545868, 0.21981677412986755, 0.22019731998443604, 0.21777337789535522], "mape": [66.58533477783203, 65.73255157470703, 67.36804962158203, 69.25298309326172, 65.43450164794922]}