{"loss": [0.1126130074262619, 0.1114710196852684, 0.11085789650678635, 0.10823910683393478, 0.10915961116552353], "mse": [0.1126130074262619, 0.1114710196852684, 0.11085789650678635, 0.10823910683393478, 0.10915961116552353], "mae": [0.2412746697664261, 0.23415663838386536, 0.23295165598392487, 0.23144005239009857, 0.2337898313999176], "mape": [133.6202392578125, 128.04685974121094, 130.41676330566406, 130.350830078125, 138.8736114501953]}