{"loss": [0.10039758682250977, 0.09839333593845367, 0.0959429144859314, 0.0962783619761467, 0.09371602535247803], "mse": [0.10039758682250977, 0.09839333593845367, 0.0959429144859314, 0.0962783619761467, 0.09371602535247803], "mae": [0.24344298243522644, 0.239531472325325, 0.23530974984169006, 0.23633387684822083, 0.23442350327968597], "mape": [71.0702896118164, 72.3735122680664, 72.76210021972656, 73.88247680664062, 73.1000747680664]}