{"loss": [0.10939814150333405, 0.10623004287481308, 0.10600465536117554, 0.10572265833616257, 0.10263174027204514], "mse": [0.10939814150333405, 0.10623004287481308, 0.10600465536117554, 0.10572265833616257, 0.10263174027204514], "mae": [0.2529650032520294, 0.2463054060935974, 0.2488904446363449, 0.24676445126533508, 0.24279478192329407], "mape": [108.42160034179688, 107.76473999023438, 104.07951354980469, 94.58555603027344, 101.78584289550781]}