{"loss": [0.06893108040094376, 0.05421489104628563, 0.06202097609639168, 0.061149947345256805, 0.044176243245601654], "mse": [0.06893108040094376, 0.05421489104628563, 0.06202097609639168, 0.061149947345256805, 0.044176243245601654], "mae": [0.07128504663705826, 0.06255819648504257, 0.06291062384843826, 0.06566427648067474, 0.059597909450531006], "mape": [177.20755004882812, 117.7576675415039, 161.09759521484375, 145.6183319091797, 181.27655029296875]}