{"loss": [0.33136114478111267, 0.31690776348114014, 0.31204578280448914, 0.30173560976982117, 0.29251769185066223], "mse": [0.33136114478111267, 0.31690776348114014, 0.31204578280448914, 0.30173560976982117, 0.29251769185066223], "mae": [0.4167768061161041, 0.40978845953941345, 0.40659523010253906, 0.3951498568058014, 0.39109209179878235], "mape": [255.71839904785156, 259.7690734863281, 252.2025146484375, 246.19992065429688, 249.93048095703125]}