{"loss": [0.28211817145347595, 0.2694256603717804, 0.26608577370643616, 0.25758203864097595, 0.25197961926460266], "mse": [0.28211817145347595, 0.2694256603717804, 0.26608577370643616, 0.25758203864097595, 0.25197961926460266], "mae": [0.38608625531196594, 0.38001522421836853, 0.38046663999557495, 0.37056007981300354, 0.36933061480522156], "mape": [249.0245361328125, 256.02679443359375, 246.8153839111328, 242.6476287841797, 246.37704467773438]}