{"loss": [0.23537293076515198, 0.23174923658370972, 0.2288336455821991, 0.2226516306400299, 0.21697409451007843], "mse": [0.23537293076515198, 0.23174923658370972, 0.2288336455821991, 0.2226516306400299, 0.21697409451007843], "mae": [0.3658369779586792, 0.36613887548446655, 0.3642895221710205, 0.35922467708587646, 0.3544340133666992], "mape": [311.1359558105469, 249.37506103515625, 299.47796630859375, 225.937744140625, 244.24806213378906]}