{"loss": [0.12397284805774689, 0.12397254258394241, 0.12192978709936142, 0.12363141030073166, 0.1230732724070549], "mse": [0.12397284805774689, 0.12397254258394241, 0.12192978709936142, 0.12363141030073166, 0.1230732724070549], "mae": [0.20661401748657227, 0.20763446390628815, 0.2057906836271286, 0.2040541023015976, 0.20622777938842773], "mape": [46.152156829833984, 46.47920608520508, 44.34233093261719, 45.86522674560547, 45.89030456542969]}