{"loss": [0.0875660702586174, 0.08519649505615234, 0.08525895327329636, 0.0854640081524849, 0.08457633852958679], "mse": [0.0875660702586174, 0.08519649505615234, 0.08525895327329636, 0.0854640081524849, 0.08457633852958679], "mae": [0.22685138881206512, 0.22484689950942993, 0.22251306474208832, 0.2246818095445633, 0.2257472574710846], "mape": [987.8563232421875, 1480.7989501953125, 2421.2587890625, 1930.8585205078125, 1459.9583740234375]}