{"loss": [0.16527307033538818, 0.1641155332326889, 0.16079974174499512, 0.15941137075424194, 0.15567229688167572], "mse": [0.16527307033538818, 0.1641155332326889, 0.16079974174499512, 0.15941137075424194, 0.15567229688167572], "mae": [0.2974790036678314, 0.30105847120285034, 0.29657605290412903, 0.2967546582221985, 0.29655206203460693], "mape": [261.6225280761719, 191.13909912109375, 227.6011962890625, 150.86395263671875, 191.12847900390625]}