{"loss": [0.255199134349823, 0.24241411685943604, 0.23345686495304108, 0.22189998626708984, 0.21277223527431488], "mse": [0.255199134349823, 0.24241411685943604, 0.23345686495304108, 0.22189998626708984, 0.21277223527431488], "mae": [0.3865274488925934, 0.37849798798561096, 0.36948439478874207, 0.3631506860256195, 0.3528788685798645], "mape": [199.29818725585938, 187.19229125976562, 181.8550567626953, 186.06478881835938, 185.9761962890625]}