{"loss": [0.15156738460063934, 0.14673905074596405, 0.1457526832818985, 0.13974763453006744, 0.1391531229019165], "mse": [0.15156738460063934, 0.14673905074596405, 0.1457526832818985, 0.13974763453006744, 0.1391531229019165], "mae": [0.2885415852069855, 0.2844359576702118, 0.28298255801200867, 0.27410081028938293, 0.27420055866241455], "mape": [131.67617797851562, 121.9308853149414, 136.1281280517578, 125.94000244140625, 127.78923797607422]}