{"loss": [0.08255709707736969, 0.08196115493774414, 0.08029456436634064, 0.08244936168193817, 0.08064667880535126], "mse": [0.08255709707736969, 0.08196115493774414, 0.08029456436634064, 0.08244936168193817, 0.08064667880535126], "mae": [0.22454407811164856, 0.22010043263435364, 0.21816551685333252, 0.2199259102344513, 0.2191023826599121], "mape": [99.9958724975586, 100.56269836425781, 97.32390594482422, 90.96728515625, 99.24537658691406]}