{"loss": [0.14104768633842468, 0.13545916974544525, 0.1320739984512329, 0.133481964468956, 0.13211189210414886], "mse": [0.14104768633842468, 0.13545916974544525, 0.1320739984512329, 0.133481964468956, 0.13211189210414886], "mae": [0.22032678127288818, 0.21449197828769684, 0.21302083134651184, 0.21100525557994843, 0.21219447255134583], "mape": [48.755455017089844, 48.47884750366211, 46.15217208862305, 47.529136657714844, 47.11419677734375]}