{"loss": [0.08939957618713379, 0.08804493397474289, 0.08781710267066956, 0.08906785398721695, 0.08678308874368668], "mse": [0.08939957618713379, 0.08804493397474289, 0.08781710267066956, 0.08906785398721695, 0.08678308874368668], "mae": [0.23308901488780975, 0.22753135859966278, 0.22889088094234467, 0.22912932932376862, 0.22603650391101837], "mape": [97.76678466796875, 98.6859130859375, 97.30471801757812, 88.67974853515625, 97.14564514160156]}