{"loss": [0.09340966492891312, 0.09252936393022537, 0.09124931693077087, 0.091888427734375, 0.0901917964220047], "mse": [0.09340966492891312, 0.09252936393022537, 0.09124931693077087, 0.091888427734375, 0.0901917964220047], "mae": [0.23373544216156006, 0.23011940717697144, 0.2293393611907959, 0.2295871526002884, 0.22885943949222565], "mape": [71.75955963134766, 69.7822494506836, 72.55567932128906, 74.6219482421875, 73.54470825195312]}