{"loss": [0.08095941692590714, 0.07901957631111145, 0.07895605266094208, 0.0793672576546669, 0.07835588604211807], "mse": [0.08095941692590714, 0.07901957631111145, 0.07895605266094208, 0.0793672576546669, 0.07835588604211807], "mae": [0.2189912050962448, 0.21775047481060028, 0.21566198766231537, 0.21708466112613678, 0.2189030945301056], "mape": [467.4875183105469, 1730.9019775390625, 4684.00146484375, 4074.860595703125, 3510.193603515625]}