{"loss": [0.052377719432115555, 0.047787729650735855, 0.05113719776272774, 0.05070408061146736, 0.04737513139843941], "mse": [0.052377719432115555, 0.047787729650735855, 0.05113719776272774, 0.05070408061146736, 0.04737513139843941], "mae": [0.06113254278898239, 0.05622989311814308, 0.05757885053753853, 0.055555541068315506, 0.05822506546974182], "mape": [48.173011779785156, 48.26190948486328, 43.958106994628906, 47.99905776977539, 51.857295989990234]}