{"loss": [0.09771832078695297, 0.0966600850224495, 0.09535424411296844, 0.0954974964261055, 0.09363475441932678], "mse": [0.09771832078695297, 0.0966600850224495, 0.09535424411296844, 0.0954974964261055, 0.09363475441932678], "mae": [0.2394782453775406, 0.2365182489156723, 0.23439519107341766, 0.23407255113124847, 0.23409925401210785], "mape": [73.24437713623047, 71.64922332763672, 73.9814453125, 75.99559020996094, 75.04067993164062]}