{"loss": [0.5571702122688293, 0.4012162387371063, 0.36257198452949524, 0.3384260833263397, 0.3282207250595093], "mse": [0.5571702122688293, 0.4012162387371063, 0.36257198452949524, 0.3384260833263397, 0.3282207250595093], "mae": [0.5748046040534973, 0.4900837242603302, 0.4670970141887665, 0.4503675699234009, 0.4422820806503296], "mape": [333.26904296875, 362.7384033203125, 376.4640197753906, 309.0550842285156, 362.5743713378906]}