{"loss": [0.12746986746788025, 0.12737657129764557, 0.12504354119300842, 0.12686146795749664, 0.12599235773086548], "mse": [0.12746986746788025, 0.12737657129764557, 0.12504354119300842, 0.12686146795749664, 0.12599235773086548], "mae": [0.20887456834316254, 0.2096523493528366, 0.2079610526561737, 0.20642292499542236, 0.2076236754655838], "mape": [46.913665771484375, 47.20439529418945, 44.945743560791016, 46.485347747802734, 46.148189544677734]}