{"loss": [0.07871858775615692, 0.07343274354934692, 0.06669090688228607, 0.06771742552518845, 0.059265051037073135], "mse": [0.07871858775615692, 0.07343274354934692, 0.06669090688228607, 0.06771742552518845, 0.059265051037073135], "mae": [0.12887299060821533, 0.12424851953983307, 0.12140335142612457, 0.1207352876663208, 0.11701034754514694], "mape": [36.37179183959961, 35.17236328125, 35.02689743041992, 34.9842643737793, 34.13911056518555]}