{"loss": [0.3108646869659424, 0.30069229006767273, 0.2912873327732086, 0.28145959973335266, 0.2792317271232605], "mse": [0.3108646869659424, 0.30069229006767273, 0.2912873327732086, 0.28145959973335266, 0.2792317271232605], "mae": [0.4309808313846588, 0.42360180616378784, 0.41894039511680603, 0.4106818735599518, 0.4099280834197998], "mape": [373.29705810546875, 358.55377197265625, 375.21282958984375, 316.7819519042969, 353.776611328125]}