{"loss": [0.07879133522510529, 0.07703962922096252, 0.07706177234649658, 0.07740264385938644, 0.07641738653182983], "mse": [0.07879133522510529, 0.07703962922096252, 0.07706177234649658, 0.07740264385938644, 0.07641738653182983], "mae": [0.21611055731773376, 0.2153121680021286, 0.2130718231201172, 0.21443195641040802, 0.21609635651111603], "mape": [444.7706298828125, 1937.849365234375, 4968.47314453125, 4184.36279296875, 3828.17529296875]}