{"loss": [0.183792844414711, 0.160525381565094, 0.14729313552379608, 0.1270386278629303, 0.10901172459125519], "mse": [0.183792844414711, 0.160525381565094, 0.14729313552379608, 0.1270386278629303, 0.10901172459125519], "mae": [0.11352357268333435, 0.10736525058746338, 0.10276950895786285, 0.09608697891235352, 0.09166806936264038], "mape": [60.64068603515625, 75.61573791503906, 59.42176818847656, 64.95328521728516, 54.996009826660156]}