{"loss": [0.05348683521151543, 0.05188322067260742, 0.06323255598545074, 0.04848445951938629, 0.05196351930499077], "mse": [0.05348683521151543, 0.05188322067260742, 0.06323255598545074, 0.04848445951938629, 0.05196351930499077], "mae": [0.0629267767071724, 0.059843432158231735, 0.06417454779148102, 0.05560661107301712, 0.059385016560554504], "mape": [49.76254653930664, 50.080223083496094, 47.60568618774414, 48.03844451904297, 52.49069595336914]}