{"loss": [0.29414883255958557, 0.28444716334342957, 0.28304973244667053, 0.27701863646507263, 0.27025455236434937], "mse": [0.29414883255958557, 0.28444716334342957, 0.28304973244667053, 0.27701863646507263, 0.27025455236434937], "mae": [0.39397409558296204, 0.38438722491264343, 0.3847879469394684, 0.3776633143424988, 0.37645190954208374], "mape": [243.64456176757812, 233.3952178955078, 238.8456268310547, 230.83990478515625, 233.3052520751953]}