{"loss": [0.6039027571678162, 0.4246250092983246, 0.3866191506385803, 0.36136898398399353, 0.346558153629303], "mse": [0.6039027571678162, 0.4246250092983246, 0.3866191506385803, 0.36136898398399353, 0.346558153629303], "mae": [0.5625320672988892, 0.4712684154510498, 0.4532307982444763, 0.432993084192276, 0.4269461929798126], "mape": [286.43951416015625, 283.57269287109375, 280.8830261230469, 258.96820068359375, 265.5019226074219]}