{"loss": [0.06291434913873672, 0.05756045877933502, 0.0656803697347641, 0.056226879358291626, 0.05912870541214943], "mse": [0.06291434913873672, 0.05756045877933502, 0.0656803697347641, 0.056226879358291626, 0.05912870541214943], "mae": [0.06730399280786514, 0.06158418580889702, 0.06574968248605728, 0.06030791252851486, 0.06264130026102066], "mape": [50.83281707763672, 53.62306594848633, 47.44189453125, 47.4437255859375, 51.321075439453125]}