{"loss": [0.5287258625030518, 0.3795854449272156, 0.33764612674713135, 0.31254860758781433, 0.2937909662723541], "mse": [0.5287258625030518, 0.3795854449272156, 0.33764612674713135, 0.31254860758781433, 0.2937909662723541], "mae": [0.5471958518028259, 0.46817708015441895, 0.44317129254341125, 0.4285041093826294, 0.41338831186294556], "mape": [281.27972412109375, 235.674072265625, 219.46006774902344, 219.40467834472656, 214.61973571777344]}