{"loss": [0.133815735578537, 0.11627568304538727, 0.11084773391485214, 0.10776451230049133, 0.10416502505540848], "mse": [0.133815735578537, 0.11627568304538727, 0.11084773391485214, 0.10776451230049133, 0.10416502505540848], "mae": [0.2768200635910034, 0.25851190090179443, 0.2505301833152771, 0.24794180691242218, 0.24600465595722198], "mape": [4387.4658203125, 4903.0458984375, 4044.953857421875, 4513.6474609375, 1990.09619140625]}