{"loss": [0.0445566289126873, 0.03970536217093468, 0.03659454360604286, 0.04224701225757599, 0.035586878657341], "mse": [0.0445566289126873, 0.03970536217093468, 0.03659454360604286, 0.04224701225757599, 0.035586878657341], "mae": [0.10315543413162231, 0.09721168130636215, 0.09372445940971375, 0.09888994693756104, 0.09385468810796738], "mape": [32.21687698364258, 32.032676696777344, 30.20472526550293, 30.853219985961914, 30.81956672668457]}