{"loss": [0.13514219224452972, 0.12717826664447784, 0.12801367044448853, 0.1240377128124237, 0.12171465903520584], "mse": [0.13514219224452972, 0.12717826664447784, 0.12801367044448853, 0.1240377128124237, 0.12171465903520584], "mae": [0.2747781276702881, 0.2622225284576416, 0.261361300945282, 0.25551655888557434, 0.2549513578414917], "mape": [202.59103393554688, 204.76451110839844, 196.76348876953125, 210.23483276367188, 203.34922790527344]}