{"loss": [0.05348683148622513, 0.051883213222026825, 0.06323257088661194, 0.04848445951938629, 0.05196348950266838], "mse": [0.05348683148622513, 0.051883213222026825, 0.06323257088661194, 0.04848445951938629, 0.05196348950266838], "mae": [0.06292678415775299, 0.059843454509973526, 0.06417456269264221, 0.055606599897146225, 0.05938500538468361], "mape": [49.76253128051758, 50.08020782470703, 47.60570526123047, 48.03851318359375, 52.49068069458008]}