{"loss": [0.11561736464500427, 0.11513116955757141, 0.11316157877445221, 0.11469381302595139, 0.11434481292963028], "mse": [0.11561736464500427, 0.11513116955757141, 0.11316157877445221, 0.11469381302595139, 0.11434481292963028], "mae": [0.20065215229988098, 0.1998288333415985, 0.19990943372249603, 0.19723211228847504, 0.20034350454807281], "mape": [44.52274703979492, 44.29366683959961, 42.80111312866211, 43.85944747924805, 44.31394958496094]}