{"loss": [0.22833135724067688, 0.22777727246284485, 0.2294357717037201, 0.2249879688024521, 0.22481538355350494], "mse": [0.22833135724067688, 0.22777727246284485, 0.2294357717037201, 0.2249879688024521, 0.22481538355350494], "mae": [0.28639325499534607, 0.28441131114959717, 0.28318992257118225, 0.28282836079597473, 0.2833765745162964], "mape": [255.6195831298828, 361.78875732421875, 328.0152587890625, 363.4557800292969, 381.51959228515625]}