{"loss": [0.42910072207450867, 0.17834362387657166, 0.15270541608333588, 0.14611861109733582, 0.140329971909523], "mse": [0.42910072207450867, 0.17834362387657166, 0.15270541608333588, 0.14611861109733582, 0.140329971909523], "mae": [0.4741106331348419, 0.24148963391780853, 0.22378186881542206, 0.22018365561962128, 0.2176973670721054], "mape": [73.26602935791016, 51.815181732177734, 48.063934326171875, 49.517730712890625, 48.41671371459961]}