{"loss": [0.08332858234643936, 0.08124208450317383, 0.08104293793439865, 0.08150172233581543, 0.08047007024288177], "mse": [0.08332858234643936, 0.08124208450317383, 0.08104293793439865, 0.08150172233581543, 0.08047007024288177], "mae": [0.2221313863992691, 0.22041194140911102, 0.21827463805675507, 0.21972942352294922, 0.22169454395771027], "mape": [639.3399658203125, 1344.66162109375, 4207.88525390625, 3845.302490234375, 3051.349365234375]}