{"loss": [0.22347491979599, 0.21621863543987274, 0.21013309061527252, 0.20087146759033203, 0.19739098846912384], "mse": [0.22347491979599, 0.21621863543987274, 0.21013309061527252, 0.20087146759033203, 0.19739098846912384], "mae": [0.35866251587867737, 0.35045188665390015, 0.34303390979766846, 0.33679720759391785, 0.3306364417076111], "mape": [193.80760192871094, 179.58602905273438, 184.9222412109375, 175.58309936523438, 182.65931701660156]}