{"loss": [0.1201074868440628, 0.11532603949308395, 0.11395585536956787, 0.11280552297830582, 0.10906600207090378], "mse": [0.1201074868440628, 0.11532603949308395, 0.11395585536956787, 0.11280552297830582, 0.10906600207090378], "mae": [0.2629599869251251, 0.2559643089771271, 0.2567644715309143, 0.25294381380081177, 0.24958156049251556], "mape": [117.8915023803711, 115.70899963378906, 109.61333465576172, 99.25695037841797, 106.72817993164062]}