{"loss": [0.04746462404727936, 0.04230817034840584, 0.039315711706876755, 0.04478759318590164, 0.038144178688526154], "mse": [0.04746462404727936, 0.04230817034840584, 0.039315711706876755, 0.04478759318590164, 0.038144178688526154], "mae": [0.1065504252910614, 0.10018955916166306, 0.09746039658784866, 0.10170231014490128, 0.09710028022527695], "mape": [33.09502029418945, 32.91828918457031, 31.121034622192383, 31.527210235595703, 31.394189834594727]}