{"loss": [0.08810534328222275, 0.08735569566488266, 0.08685708791017532, 0.08760140091180801, 0.08491814881563187], "mse": [0.08810534328222275, 0.08735569566488266, 0.08685708791017532, 0.08760140091180801, 0.08491814881563187], "mae": [0.22642631828784943, 0.2230025976896286, 0.22282859683036804, 0.2229868769645691, 0.2207871973514557], "mape": [67.74668884277344, 66.71107482910156, 68.76688385009766, 70.17477416992188, 66.911865234375]}