{"loss": [0.10295199602842331, 0.10054384171962738, 0.10047635436058044, 0.10088460892438889, 0.09822995215654373], "mse": [0.10295199602842331, 0.10054384171962738, 0.10047635436058044, 0.10088460892438889, 0.09822995215654373], "mae": [0.24712765216827393, 0.24041035771369934, 0.24311648309230804, 0.24231059849262238, 0.23842616379261017], "mape": [104.02996063232422, 103.7354965209961, 101.12909698486328, 92.54226684570312, 99.6884994506836]}