{"loss": [0.5571702122688293, 0.4012162983417511, 0.36257198452949524, 0.3384261131286621, 0.32822075486183167], "mse": [0.5571702122688293, 0.4012162983417511, 0.36257198452949524, 0.3384261131286621, 0.32822075486183167], "mae": [0.5748046636581421, 0.4900837540626526, 0.4670969843864441, 0.4503675103187561, 0.44228217005729675], "mape": [333.2691955566406, 362.73846435546875, 376.464111328125, 309.0552673339844, 362.5744323730469]}