{"loss": [0.16707611083984375, 0.16658326983451843, 0.16316434741020203, 0.159800186753273, 0.15574412047863007], "mse": [0.16707611083984375, 0.16658326983451843, 0.16316434741020203, 0.159800186753273, 0.15574412047863007], "mae": [0.3009171783924103, 0.30029088258743286, 0.2971420884132385, 0.292724609375, 0.2887422442436218], "mape": [335.5018005371094, 255.8711700439453, 272.2530822753906, 247.2022247314453, 264.2307434082031]}