{"loss": [0.06495629996061325, 0.05835380777716637, 0.05419308692216873, 0.057671066373586655, 0.05018534138798714], "mse": [0.06495629996061325, 0.05835380777716637, 0.05419308692216873, 0.057671066373586655, 0.05018534138798714], "mae": [0.12063317000865936, 0.11384408921003342, 0.11231374740600586, 0.11431792378425598, 0.10968945175409317], "mape": [34.54055404663086, 33.792869567871094, 32.51145553588867, 33.64958190917969, 32.852134704589844]}