{"loss": [0.1201075091958046, 0.11532603949308395, 0.11395583301782608, 0.11280549317598343, 0.10906599462032318], "mse": [0.1201075091958046, 0.11532603949308395, 0.11395583301782608, 0.11280549317598343, 0.10906599462032318], "mae": [0.2629599869251251, 0.2559642791748047, 0.2567644417285919, 0.25294381380081177, 0.24958156049251556], "mape": [117.8915023803711, 115.70901489257812, 109.61335754394531, 99.25692749023438, 106.72817993164062]}