{"loss": [0.060863666236400604, 0.05314456671476364, 0.06237977743148804, 0.05134272947907448, 0.057124700397253036], "mse": [0.060863666236400604, 0.05314456671476364, 0.06237977743148804, 0.05134272947907448, 0.057124700397253036], "mae": [0.06616433709859848, 0.05824054032564163, 0.06345144659280777, 0.05614718049764633, 0.06094518303871155], "mape": [50.57931900024414, 49.95122528076172, 46.2673225402832, 47.70711898803711, 51.7996940612793]}