{"loss": [0.21448302268981934, 0.20433181524276733, 0.2020566165447235, 0.19590723514556885, 0.19116516411304474], "mse": [0.21448302268981934, 0.20433181524276733, 0.2020566165447235, 0.19590723514556885, 0.19116516411304474], "mae": [0.3367694318294525, 0.32918408513069153, 0.3265838027000427, 0.3209395110607147, 0.3178156614303589], "mape": [233.82640075683594, 236.46774291992188, 215.275634765625, 202.3778839111328, 211.5347137451172]}