{"loss": [0.08592485636472702, 0.08371606469154358, 0.08334338665008545, 0.08379635214805603, 0.08271758258342743], "mse": [0.08592485636472702, 0.08371606469154358, 0.08334338665008545, 0.08379635214805603, 0.08271758258342743], "mae": [0.22539018094539642, 0.22324298322200775, 0.22080941498279572, 0.22239506244659424, 0.22433950006961823], "mape": [915.9514770507812, 762.4456787109375, 3538.40087890625, 3421.89453125, 2433.491455078125]}