{"loss": [0.08989255875349045, 0.08934832364320755, 0.08808714896440506, 0.08898605406284332, 0.08735187351703644], "mse": [0.08989255875349045, 0.08934832364320755, 0.08808714896440506, 0.08898605406284332, 0.08735187351703644], "mae": [0.2286912500858307, 0.22530291974544525, 0.2252720296382904, 0.22597534954547882, 0.22491666674613953], "mape": [70.21305084228516, 68.40126037597656, 70.74124145507812, 72.96965789794922, 71.84236907958984]}