{"losses": [0.06887985020875931, 0.06335654854774475, 0.06091003492474556, 0.05938338860869408, 0.05852990224957466, 0.05785773694515228, 0.057263586670160294, 0.05673249438405037, 0.05625826120376587, 0.05583279952406883, 0.055436015129089355, 0.05507807433605194, 0.05474837124347687, 0.054434847086668015, 0.05414845049381256, 0.05387163162231445, 0.05361313372850418, 0.05337265133857727, 0.05314018204808235, 0.05291995033621788, 0.05271793156862259, 0.05251704901456833, 0.05232929438352585, 0.052152812480926514, 0.05197302624583244, 0.051813386380672455, 0.0516526959836483, 0.05150363966822624, 0.051353614777326584, 0.05121496692299843, 0.05108214169740677, 0.05095347762107849, 0.05083084478974342, 0.05070863664150238, 0.05058895796537399, 0.05047786235809326, 0.05036839470267296, 0.05026547238230705, 0.050162795931100845, 0.05006630718708038, 0.04997332766652107, 0.04988272115588188, 0.04978601634502411, 0.04970162361860275, 0.04961616173386574, 0.04953896999359131, 0.0494597889482975, 0.049379415810108185, 0.04930351302027702, 0.04923342168331146, 0.04916154593229294, 0.04908733069896698, 0.04901856929063797, 0.048956457525491714, 0.04888959228992462, 0.048825234174728394, 0.04875897243618965, 0.048700395971536636, 0.04864098131656647, 0.04858263581991196], "rmses": [0.26244970986602234, 0.2517072675703758, 0.24679958453114453, 0.24368707107414228, 0.24192953984491986, 0.24053635264789455, 0.23929811255035066, 0.23818584001583798, 0.2371882400199594, 0.23628965174985728, 0.2354485402993388, 0.23468718400469155, 0.23398369867039215, 0.2333127666602666, 0.23269819615504664, 0.23210263165745118, 0.2315451008518733, 0.2310252179710632, 0.2305215435660675, 0.23004336620780413, 0.2296038579131949, 0.2291659857277435, 0.22875597125217487, 0.22836990274755234, 0.2279759334794628, 0.22762553982510939, 0.22727229479997843, 0.22694413336375593, 0.22661335966206092, 0.22630724010291503, 0.22601358741767444, 0.22572877003403552, 0.2254569688205344, 0.225185782503031, 0.22491989232918905, 0.22467278953645736, 0.2244290415758909, 0.22419962618681383, 0.22397052469264978, 0.22375501600429068, 0.22354714864323605, 0.22334440032354042, 0.22312780271634486, 0.22293860952872824, 0.22274685572161448, 0.2225735159303355, 0.22239556863457846, 0.22221479655978849, 0.2220439438946197, 0.22188605563061295, 0.2217240310212065, 0.2215566083396453, 0.2214013759908415, 0.22126106192796716, 0.2211099099767458, 0.220964327833088, 0.22081433929025002, 0.22068166206446932, 0.2205470047780438, 0.22041469057191254]}