{
    "losses": [
        3.1509957313537598,
        2.5536630153656006,
        2.1757075786590576,
        1.913511872291565,
        1.7127634286880493,
        1.5501251220703125,
        1.4170702695846558,
        1.3069664239883423,
        1.2154746055603027,
        1.138592004776001,
        1.0726020336151123,
        1.0154080390930176,
        0.965265154838562,
        0.9206216931343079,
        0.8805637955665588,
        0.8444259166717529,
        0.8115430474281311,
        0.7814258337020874,
        0.7537775039672852,
        0.7282232642173767,
        0.7045656442642212,
        0.6824884414672852,
        0.6618860363960266,
        0.642654538154602,
        0.6246289014816284,
        0.6076932549476624,
        0.591869056224823,
        0.5768516063690186,
        0.5628838539123535,
        0.5495826601982117,
        0.5370198488235474,
        0.5251879692077637,
        0.5139250755310059,
        0.5033254623413086,
        0.49321427941322327,
        0.4836340844631195,
        0.474446177482605,
        0.4659050405025482,
        0.45760810375213623,
        0.4498373866081238,
        0.4422745406627655,
        0.43514183163642883,
        0.42825090885162354,
        0.421670138835907,
        0.4153800308704376,
        0.4093412458896637,
        0.40356457233428955,
        0.3980340361595154,
        0.39267852902412415,
        0.3874886631965637,
        0.3825623095035553,
        0.3777778148651123,
        0.37308675050735474,
        0.3686486482620239,
        0.3643324673175812,
        0.3601306080818176,
        0.35606691241264343,
        0.3521687984466553,
        0.3483498990535736,
        0.3446846902370453
    ],
    "rmses": [
        1.7751044282953496,
        1.5980184652767941,
        1.475027992500162,
        1.3832974634154307,
        1.308725879887782,
        1.245040209017489,
        1.19040760648807,
        1.1432263222950836,
        1.1024856486867767,
        1.0670482673131525,
        1.0356650199823842,
        1.007674570033906,
        0.9824790862092495,
        0.959490329880561,
        0.938383607895278,
        0.9189265023230927,
        0.9008568406956408,
        0.8839829374496362,
        0.8682036074373828,
        0.8533599851278338,
        0.8393840862586216,
        0.8261285865210604,
        0.8135637875397519,
        0.8016573695504845,
        0.790334676881654,
        0.77954682665486,
        0.7693302647269397,
        0.7595074761771727,
        0.7502558589656955,
        0.7413384248763932,
        0.7328163813831862,
        0.7246985367777168,
        0.7168856781461085,
        0.7094543412660949,
        0.7022921610079549,
        0.6954380522110647,
        0.6888005353385006,
        0.6825723701575886,
        0.6764673707963572,
        0.670699177432121,
        0.6650372475754764,
        0.6596528114367655,
        0.6544088239408326,
        0.6493613314911098,
        0.6444998300003171,
        0.6397978164152045,
        0.635267323521594,
        0.6308993867167058,
        0.626640669781434,
        0.6224858738931862,
        0.6185162160392849,
        0.6146363273230051,
        0.6108082763906811,
        0.6071644326391524,
        0.6035995918798994,
        0.6001088301981713,
        0.5967134257016876,
        0.5934381167793785,
        0.5902117408638815,
        0.5870985353729349
    ]
}