{"loss": [0.0673358291387558, 0.0634830892086029, 0.06855561584234238, 0.058286841958761215, 0.06746114790439606], "mse": [0.0673358291387558, 0.0634830892086029, 0.06855561584234238, 0.058286841958761215, 0.06746114790439606], "mae": [0.06981999427080154, 0.06471714377403259, 0.06885829567909241, 0.06297557801008224, 0.06874126940965652], "mape": [57.626461029052734, 46.89495849609375, 49.94426727294922, 46.88936233520508, 51.800148010253906]}