{"loss": [0.18625487387180328, 0.1842331737279892, 0.18147173523902893, 0.176596000790596, 0.17329473793506622], "mse": [0.18625487387180328, 0.1842331737279892, 0.18147173523902893, 0.176596000790596, 0.17329473793506622], "mae": [0.3176003694534302, 0.3181873857975006, 0.3148159682750702, 0.3124629259109497, 0.3116108775138855], "mape": [298.09197998046875, 246.81935119628906, 279.8853759765625, 204.9451141357422, 220.15318298339844]}