{"loss": [0.1837928146123886, 0.1605253964662552, 0.14729316532611847, 0.1270386427640915, 0.10901171714067459], "mse": [0.1837928146123886, 0.1605253964662552, 0.14729316532611847, 0.1270386427640915, 0.10901171714067459], "mae": [0.11352355778217316, 0.10736523568630219, 0.10276947915554047, 0.09608698636293411, 0.09166804701089859], "mape": [60.64066696166992, 75.61572265625, 59.42180633544922, 64.95328521728516, 54.995994567871094]}