{"loss": [0.08332858234643936, 0.08124206215143204, 0.08104294538497925, 0.08150170743465424, 0.08047004789113998], "mse": [0.08332858234643936, 0.08124206215143204, 0.08104294538497925, 0.08150170743465424, 0.08047004789113998], "mae": [0.2221313863992691, 0.22041194140911102, 0.21827463805675507, 0.21972942352294922, 0.22169449925422668], "mape": [639.3385620117188, 1344.6558837890625, 4207.8916015625, 3845.303955078125, 3051.344970703125]}