{"loss": [0.24629756808280945, 0.24004466831684113, 0.2402600347995758, 0.2344752848148346, 0.22883959114551544], "mse": [0.24629756808280945, 0.24004466831684113, 0.2402600347995758, 0.2344752848148346, 0.22883959114551544], "mae": [0.35814380645751953, 0.3514246344566345, 0.352723091840744, 0.3463554084300995, 0.34627535939216614], "mape": [228.1476287841797, 223.026611328125, 225.5509033203125, 218.07162475585938, 219.9016571044922]}