{"loss": [0.3858122229576111, 0.33555155992507935, 0.3206440210342407, 0.3085247874259949, 0.30061987042427063], "mse": [0.3858122229576111, 0.33555155992507935, 0.3206440210342407, 0.3085247874259949, 0.30061987042427063], "mae": [0.37504488229751587, 0.3476959764957428, 0.33574214577674866, 0.3296605944633484, 0.3252542018890381], "mape": [389.9227600097656, 361.9687194824219, 302.5208435058594, 310.22509765625, 285.50384521484375]}