{"loss": [0.10939817130565643, 0.10623002797365189, 0.10600465536117554, 0.10572265088558197, 0.10263174027204514], "mse": [0.10939817130565643, 0.10623002797365189, 0.10600465536117554, 0.10572265088558197, 0.10263174027204514], "mae": [0.25296497344970703, 0.24630537629127502, 0.2488904446363449, 0.2467644363641739, 0.2427947223186493], "mape": [108.42158508300781, 107.76470947265625, 104.07948303222656, 94.5855484008789, 101.78584289550781]}