{"loss": [0.2663635015487671, 0.26194822788238525, 0.2556140124797821, 0.2506119906902313, 0.2454054206609726], "mse": [0.2663635015487671, 0.26194822788238525, 0.2556140124797821, 0.2506119906902313, 0.2454054206609726], "mae": [0.3935752213001251, 0.39340800046920776, 0.38757312297821045, 0.3842150568962097, 0.37980902194976807], "mape": [352.3123474121094, 327.4864196777344, 343.42437744140625, 294.9654846191406, 304.8187255859375]}