{"loss": [0.1244833916425705, 0.12445978820323944, 0.12214392423629761, 0.12389736622571945, 0.12310194969177246], "mse": [0.1244833916425705, 0.12445978820323944, 0.12214392423629761, 0.12389736622571945, 0.12310194969177246], "mae": [0.2064591497182846, 0.20706619322299957, 0.20548228919506073, 0.20381037890911102, 0.20530273020267487], "mape": [46.19984817504883, 46.49075698852539, 44.31232833862305, 45.826175689697266, 45.673702239990234]}