{"loss": [0.10246311873197556, 0.09879529476165771, 0.09708689898252487, 0.09652071446180344, 0.09466834366321564], "mse": [0.10246311873197556, 0.09879529476165771, 0.09708689898252487, 0.09652071446180344, 0.09466834366321564], "mae": [0.24384327232837677, 0.23960673809051514, 0.23497959971427917, 0.23597854375839233, 0.23608951270580292], "mape": [738.2389526367188, 934.7034912109375, 2012.1065673828125, 2665.2998046875, 649.9227905273438]}