{"loss": [0.0608636774122715, 0.05314456298947334, 0.06237977743148804, 0.05134274438023567, 0.05712470784783363], "mse": [0.0608636774122715, 0.05314456298947334, 0.06237977743148804, 0.05134274438023567, 0.05712470784783363], "mae": [0.06616438180208206, 0.05824056267738342, 0.06345144659280777, 0.056147173047065735, 0.06094518303871155], "mape": [50.579322814941406, 49.951194763183594, 46.26729202270508, 47.70714569091797, 51.79963302612305]}