{"loss": [0.03859901428222656, 0.03160467371344566, 0.028990915045142174, 0.030505847185850143, 0.02732418105006218], "mse": [0.03859901428222656, 0.03160467371344566, 0.028990915045142174, 0.030505847185850143, 0.02732418105006218], "mae": [0.09653083980083466, 0.08731571584939957, 0.0832216739654541, 0.08465643227100372, 0.08486003428697586], "mape": [32.03804016113281, 30.979135513305664, 28.284543991088867, 30.738317489624023, 30.315500259399414]}