{"loss": [0.09410114586353302, 0.09136226773262024, 0.091044120490551, 0.09077287465333939, 0.08929073810577393], "mse": [0.09410114586353302, 0.09136226773262024, 0.091044120490551, 0.09077287465333939, 0.08929073810577393], "mae": [0.2334989607334137, 0.23139482736587524, 0.22864268720149994, 0.22964364290237427, 0.2293754667043686], "mape": [5363.94970703125, 5678.77490234375, 6960.70947265625, 7590.05908203125, 5983.30029296875]}