{"loss": [0.08592485636472702, 0.08371607959270477, 0.08334338665008545, 0.08379636704921722, 0.08271758258342743], "mse": [0.08592485636472702, 0.08371607959270477, 0.08334338665008545, 0.08379636704921722, 0.08271758258342743], "mae": [0.22539016604423523, 0.22324298322200775, 0.2208094745874405, 0.22239506244659424, 0.22433951497077942], "mape": [915.946044921875, 762.4471435546875, 3538.392333984375, 3421.890625, 2433.48779296875]}