{"loss": [0.09340966492891312, 0.09252937883138657, 0.09124932438135147, 0.091888427734375, 0.0901918038725853], "mse": [0.09340966492891312, 0.09252937883138657, 0.09124932438135147, 0.091888427734375, 0.0901918038725853], "mae": [0.23373538255691528, 0.23011939227581024, 0.22933940589427948, 0.22958719730377197, 0.22885945439338684], "mape": [71.75956726074219, 69.78225708007812, 72.55569458007812, 74.6219482421875, 73.54470825195312]}