{"loss": [0.2916638255119324, 0.2891853451728821, 0.2890706956386566, 0.28386279940605164, 0.2819669544696808], "mse": [0.2916638255119324, 0.2891853451728821, 0.2890706956386566, 0.28386279940605164, 0.2819669544696808], "mae": [0.31618914008140564, 0.3164820671081543, 0.3141947388648987, 0.31296947598457336, 0.3130601644515991], "mape": [263.3500061035156, 292.1181335449219, 252.32205200195312, 257.2586975097656, 254.77529907226562]}