{"loss": [0.11851337552070618, 0.11826930940151215, 0.11580649018287659, 0.11729027330875397, 0.11670228093862534], "mse": [0.11851337552070618, 0.11826930940151215, 0.11580649018287659, 0.11729027330875397, 0.11670228093862534], "mae": [0.20164787769317627, 0.20083308219909668, 0.20022034645080566, 0.1980152577161789, 0.20031259953975677], "mape": [45.042293548583984, 45.029457092285156, 43.24111557006836, 44.466583251953125, 44.73568344116211]}