{"loss": [0.18459007143974304, 0.17903263866901398, 0.17913031578063965, 0.17577509582042694, 0.17268911004066467], "mse": [0.18459007143974304, 0.17903263866901398, 0.17913031578063965, 0.17577509582042694, 0.17268911004066467], "mae": [0.31619295477867126, 0.3094269335269928, 0.3153859078884125, 0.3109869658946991, 0.30758875608444214], "mape": [225.31381225585938, 226.0238800048828, 212.20140075683594, 213.84762573242188, 219.0435333251953]}