{"loss": [0.316927433013916, 0.2617405951023102, 0.2323126494884491, 0.21761520206928253, 0.1809805929660797], "mse": [0.316927433013916, 0.2617405951023102, 0.2323126494884491, 0.21761520206928253, 0.1809805929660797], "mae": [0.15603576600551605, 0.13897095620632172, 0.12844812870025635, 0.1223318949341774, 0.11584807187318802], "mape": [73.3225326538086, 84.64991760253906, 63.016273498535156, 56.3287467956543, 51.5636100769043]}