{"loss": [0.49837690591812134, 0.3614066541194916, 0.31925076246261597, 0.2893514335155487, 0.2684808075428009], "mse": [0.49837690591812134, 0.3614066541194916, 0.31925076246261597, 0.2893514335155487, 0.2684808075428009], "mae": [0.5420136451721191, 0.4636664390563965, 0.43388381600379944, 0.4173530638217926, 0.4004150629043579], "mape": [266.38775634765625, 227.5592041015625, 215.08998107910156, 224.32545471191406, 221.0927276611328]}