{"loss": [0.10135204344987869, 0.10023533552885056, 0.09885873645544052, 0.09742730110883713, 0.09682663530111313], "mse": [0.10135204344987869, 0.10023533552885056, 0.09885873645544052, 0.09742730110883713, 0.09682663530111313], "mae": [0.22047637403011322, 0.22005131840705872, 0.21865446865558624, 0.21711218357086182, 0.21505077183246613], "mape": [130.32754516601562, 117.58824157714844, 120.08628845214844, 128.78512573242188, 134.31077575683594]}