{"loss": [0.08332858234643936, 0.08124207705259323, 0.08104294538497925, 0.08150170743465424, 0.08047005534172058], "mse": [0.08332858234643936, 0.08124207705259323, 0.08104294538497925, 0.08150170743465424, 0.08047005534172058], "mae": [0.2221313863992691, 0.2204119861125946, 0.21827463805675507, 0.21972942352294922, 0.22169454395771027], "mape": [639.3358154296875, 1344.6627197265625, 4207.88623046875, 3845.30078125, 3051.34619140625]}