{"loss": [0.35506317019462585, 0.168516606092453, 0.14864486455917358, 0.14359034597873688, 0.13881899416446686], "mse": [0.35506317019462585, 0.168516606092453, 0.14864486455917358, 0.14359034597873688, 0.13881899416446686], "mae": [0.4076147973537445, 0.23299317061901093, 0.22071577608585358, 0.21658079326152802, 0.21500122547149658], "mape": [65.46102905273438, 49.946876525878906, 46.894535064697266, 48.3091926574707, 47.60054397583008]}