{"loss": [0.0935545489192009, 0.0928797647356987, 0.09098555892705917, 0.09224683046340942, 0.08991073817014694], "mse": [0.0935545489192009, 0.0928797647356987, 0.09098555892705917, 0.09224683046340942, 0.08991073817014694], "mae": [0.2339601367712021, 0.23101122677326202, 0.22871151566505432, 0.23064343631267548, 0.22892652451992035], "mape": [69.02861785888672, 70.33828735351562, 71.01689910888672, 72.22978210449219, 71.9170913696289]}