{"loss": [0.26511019468307495, 0.2648656368255615, 0.2654266953468323, 0.2600746154785156, 0.25933197140693665], "mse": [0.26511019468307495, 0.2648656368255615, 0.2654266953468323, 0.2600746154785156, 0.25933197140693665], "mae": [0.3039514124393463, 0.3038080632686615, 0.30215564370155334, 0.3021085560321808, 0.3017052114009857], "mape": [250.6913299560547, 284.762939453125, 245.6340789794922, 254.74600219726562, 251.6517791748047]}