{"loss": [0.04746463894844055, 0.042308174073696136, 0.039315707981586456, 0.04478757828474045, 0.03814418241381645], "mse": [0.04746463894844055, 0.042308174073696136, 0.039315707981586456, 0.04478757828474045, 0.03814418241381645], "mae": [0.1065504252910614, 0.10018955916166306, 0.09746038913726807, 0.10170229524374008, 0.09710031002759933], "mape": [33.09501647949219, 32.918296813964844, 31.121051788330078, 31.527196884155273, 31.394189834594727]}