{"loss": [0.14652244746685028, 0.13830482959747314, 0.13880522549152374, 0.13396047055721283, 0.13164326548576355], "mse": [0.14652244746685028, 0.13830482959747314, 0.13880522549152374, 0.13396047055721283, 0.13164326548576355], "mae": [0.28571802377700806, 0.27294817566871643, 0.27195677161216736, 0.265561580657959, 0.26564955711364746], "mape": [205.45741271972656, 205.43112182617188, 196.93887329101562, 212.47401428222656, 205.55824279785156]}