{"loss": [0.28211817145347595, 0.269425630569458, 0.26608577370643616, 0.25758203864097595, 0.25197964906692505], "mse": [0.28211817145347595, 0.269425630569458, 0.26608577370643616, 0.25758203864097595, 0.25197964906692505], "mae": [0.38608625531196594, 0.38001513481140137, 0.38046663999557495, 0.37056007981300354, 0.3693305552005768], "mape": [249.02452087402344, 256.02679443359375, 246.81539916992188, 242.6476287841797, 246.37704467773438]}