{"loss": [0.12820965051651, 0.128160759806633, 0.1260579377412796, 0.127729594707489, 0.12711958587169647], "mse": [0.12820965051651, 0.128160759806633, 0.1260579377412796, 0.127729594707489, 0.12711958587169647], "mae": [0.210397407412529, 0.21124842762947083, 0.2090349942445755, 0.2075107991695404, 0.2091389298439026], "mape": [47.109066009521484, 47.40863800048828, 45.23045349121094, 46.709468841552734, 46.466888427734375]}