{"loss": [0.21585819125175476, 0.2126731425523758, 0.21037650108337402, 0.20433126389980316, 0.19995169341564178], "mse": [0.21585819125175476, 0.2126731425523758, 0.21037650108337402, 0.20433126389980316, 0.19995169341564178], "mae": [0.34543317556381226, 0.3473554253578186, 0.34482020139694214, 0.34107139706611633, 0.33775708079338074], "mape": [300.69482421875, 248.03024291992188, 286.6701965332031, 215.43479919433594, 232.32655334472656]}