{"loss": [0.13590842485427856, 0.13203343749046326, 0.13171547651290894, 0.12648139894008636, 0.1263103485107422], "mse": [0.13590842485427856, 0.13203343749046326, 0.13171547651290894, 0.12648139894008636, 0.1263103485107422], "mae": [0.2717483639717102, 0.26741546392440796, 0.2677686810493469, 0.25910982489585876, 0.25959762930870056], "mape": [123.45515441894531, 114.90386199951172, 130.0952606201172, 122.47854614257812, 124.74629211425781]}