{"loss": [0.08592485636472702, 0.08371607959270477, 0.08334338665008545, 0.08379635959863663, 0.08271759003400803], "mse": [0.08592485636472702, 0.08371607959270477, 0.08334338665008545, 0.08379635959863663, 0.08271759003400803], "mae": [0.22539018094539642, 0.22324304282665253, 0.2208094596862793, 0.22239507734775543, 0.22433950006961823], "mape": [915.949462890625, 762.4471435546875, 3538.39501953125, 3421.8935546875, 2433.485595703125]}