{"loss": [0.07676533609628677, 0.07529259473085403, 0.07533732801675797, 0.07562042027711868, 0.07467707991600037], "mse": [0.07676533609628677, 0.07529259473085403, 0.07533732801675797, 0.07562042027711868, 0.07467707991600037], "mae": [0.21319863200187683, 0.2129329890012741, 0.21050363779067993, 0.21178491413593292, 0.21342188119888306], "mape": [470.66448974609375, 2067.07421875, 5133.4462890625, 4314.33544921875, 4107.9443359375]}