{"loss": [0.3015536069869995, 0.29077693819999695, 0.2810874879360199, 0.2735624611377716, 0.26392754912376404], "mse": [0.3015536069869995, 0.29077693819999695, 0.2810874879360199, 0.2735624611377716, 0.26392754912376404], "mae": [0.4222163259983063, 0.4188463091850281, 0.411261647939682, 0.40509551763534546, 0.3959844708442688], "mape": [373.2978515625, 300.92535400390625, 358.5867004394531, 280.6956787109375, 297.5190124511719]}