{"loss": [0.08286218345165253, 0.08084049820899963, 0.08142244070768356, 0.08119822293519974, 0.08042579889297485], "mse": [0.08286218345165253, 0.08084049820899963, 0.08142244070768356, 0.08119822293519974, 0.08042579889297485], "mae": [0.22187604010105133, 0.21876178681850433, 0.2190992683172226, 0.2200634628534317, 0.22040383517742157], "mape": [5292.99169921875, 6036.4873046875, 7933.4267578125, 7877.9912109375, 7201.4208984375]}