{"loss": [0.09576983749866486, 0.09453430026769638, 0.09488549083471298, 0.09656284749507904, 0.0933542475104332], "mse": [0.09576983749866486, 0.09453430026769638, 0.09488549083471298, 0.09656284749507904, 0.0933542475104332], "mae": [0.2400859147310257, 0.23632319271564484, 0.23704281449317932, 0.23829558491706848, 0.23480224609375], "mape": [98.41471099853516, 109.36904907226562, 103.57711791992188, 93.95985412597656, 102.93720245361328]}