{"loss": [0.06187695264816284, 0.05868495628237724, 0.05687437206506729, 0.06073087826371193, 0.05524810403585434], "mse": [0.06187695264816284, 0.05868495628237724, 0.05687437206506729, 0.06073087826371193, 0.05524810403585434], "mae": [0.12156680226325989, 0.1156042069196701, 0.11554916203022003, 0.11647975444793701, 0.11290695518255234], "mape": [36.44683074951172, 35.6995849609375, 36.373634338378906, 34.475032806396484, 33.963287353515625]}