{"loss": [0.06495629251003265, 0.05835382640361786, 0.05419308319687843, 0.05767107009887695, 0.05018533393740654], "mse": [0.06495629251003265, 0.05835382640361786, 0.05419308319687843, 0.05767107009887695, 0.05018533393740654], "mae": [0.12063317000865936, 0.1138441264629364, 0.11231372505426407, 0.11431790143251419, 0.10968944430351257], "mape": [34.54055404663086, 33.79286193847656, 32.51145553588867, 33.64957809448242, 32.85212707519531]}