{"loss": [0.05689571052789688, 0.05072939768433571, 0.04715915396809578, 0.052204594016075134, 0.045082367956638336], "mse": [0.05689571052789688, 0.05072939768433571, 0.04715915396809578, 0.052204594016075134, 0.045082367956638336], "mae": [0.11534000188112259, 0.10801726579666138, 0.10570114105939865, 0.10965060442686081, 0.10465185344219208], "mape": [34.69527816772461, 34.12178039550781, 32.3761100769043, 32.952003479003906, 32.42448806762695]}