{"loss": [0.07860357314348221, 0.07855455577373505, 0.07745318114757538, 0.07859645783901215, 0.07733128219842911], "mse": [0.07860357314348221, 0.07855455577373505, 0.07745318114757538, 0.07859645783901215, 0.07733128219842911], "mae": [0.21404780447483063, 0.21043160557746887, 0.21193891763687134, 0.21245869994163513, 0.21152263879776], "mape": [63.974037170410156, 62.983802795410156, 63.82689666748047, 67.52527618408203, 64.9114761352539]}