{"loss": [0.528725802898407, 0.3795853853225708, 0.33764609694480896, 0.31254857778549194, 0.2937909662723541], "mse": [0.528725802898407, 0.3795853853225708, 0.33764609694480896, 0.31254857778549194, 0.2937909662723541], "mae": [0.5471957921981812, 0.46817708015441895, 0.44317129254341125, 0.4285041391849518, 0.41338831186294556], "mape": [281.2797546386719, 235.674072265625, 219.46002197265625, 219.40464782714844, 214.6197052001953]}