{"loss": [0.18823537230491638, 0.14037534594535828, 0.1308986246585846, 0.12614257633686066, 0.11904938519001007], "mse": [0.18823537230491638, 0.14037534594535828, 0.1308986246585846, 0.12614257633686066, 0.11904938519001007], "mae": [0.32885462045669556, 0.28610411286354065, 0.2748783826828003, 0.2694307267665863, 0.2637121081352234], "mape": [148.81045532226562, 145.12960815429688, 133.72396850585938, 115.45571899414062, 128.4310760498047]}