{"loss": [0.2201855480670929, 0.22011464834213257, 0.2205929309129715, 0.2171667069196701, 0.2162320613861084], "mse": [0.2201855480670929, 0.22011464834213257, 0.2205929309129715, 0.2171667069196701, 0.2162320613861084], "mae": [0.28082308173179626, 0.2808598577976227, 0.27650561928749084, 0.27849578857421875, 0.27688708901405334], "mape": [246.85914611816406, 284.16790771484375, 241.27134704589844, 262.8418884277344, 262.37652587890625]}