{"loss": [0.22845207154750824, 0.22801518440246582, 0.2298082411289215, 0.22598496079444885, 0.22541511058807373], "mse": [0.22845207154750824, 0.22801518440246582, 0.2298082411289215, 0.22598496079444885, 0.22541511058807373], "mae": [0.28753578662872314, 0.285415917634964, 0.28228792548179626, 0.2844098210334778, 0.28273069858551025], "mape": [234.64993286132812, 277.7287902832031, 235.9522247314453, 256.8113098144531, 247.26080322265625]}