{"loss": [0.17456410825252533, 0.16938714683055878, 0.16561861336231232, 0.16100773215293884, 0.15616364777088165], "mse": [0.17456410825252533, 0.16938714683055878, 0.16561861336231232, 0.16100773215293884, 0.15616364777088165], "mae": [0.31297582387924194, 0.30765995383262634, 0.3028849959373474, 0.2994685173034668, 0.29346537590026855], "mape": [163.44110107421875, 148.64756774902344, 142.50611877441406, 149.1066131591797, 158.49147033691406]}