{"loss": [0.057305432856082916, 0.054022371768951416, 0.052727777510881424, 0.05659211799502373, 0.05115065351128578], "mse": [0.057305432856082916, 0.054022371768951416, 0.052727777510881424, 0.05659211799502373, 0.05115065351128578], "mae": [0.11695297062397003, 0.1113995760679245, 0.11083225160837173, 0.1122453585267067, 0.1083822101354599], "mape": [35.83642578125, 35.25580978393555, 35.887351989746094, 33.85540008544922, 32.86634063720703]}