{"loss": [0.13966062664985657, 0.10753942281007767, 0.09564168751239777, 0.09528697282075882, 0.0870964452624321], "mse": [0.13966062664985657, 0.10753942281007767, 0.09564168751239777, 0.09528697282075882, 0.0870964452624321], "mae": [0.16658148169517517, 0.14446760714054108, 0.13900430500507355, 0.13981293141841888, 0.13575315475463867], "mape": [49.77336120605469, 40.690185546875, 37.78518295288086, 37.85239028930664, 35.422725677490234]}