{"loss": [0.1918596774339676, 0.1837874948978424, 0.181508406996727, 0.17565830051898956, 0.17203696072101593], "mse": [0.1918596774339676, 0.1837874948978424, 0.181508406996727, 0.17565830051898956, 0.17203696072101593], "mae": [0.32043519616127014, 0.31291767954826355, 0.30948004126548767, 0.3037090301513672, 0.3024212121963501], "mape": [217.38990783691406, 219.35476684570312, 197.2967529296875, 202.85630798339844, 201.5619659423828]}