{"loss": [0.1918596476316452, 0.18378746509552002, 0.181508406996727, 0.17565833032131195, 0.17203696072101593], "mse": [0.1918596476316452, 0.18378746509552002, 0.181508406996727, 0.17565833032131195, 0.17203696072101593], "mae": [0.32043516635894775, 0.31291764974594116, 0.30948010087013245, 0.3037089407444, 0.3024212718009949], "mape": [217.38987731933594, 219.3547821044922, 197.29669189453125, 202.85629272460938, 201.5619659423828]}