{"loss": [0.08410639315843582, 0.08336067199707031, 0.0828644186258316, 0.08400978893041611, 0.0819854810833931], "mse": [0.08410639315843582, 0.08336067199707031, 0.0828644186258316, 0.08400978893041611, 0.0819854810833931], "mae": [0.22639615833759308, 0.2217189520597458, 0.2225591242313385, 0.22312559187412262, 0.21980854868888855], "mape": [95.53868865966797, 97.19729614257812, 95.9065170288086, 88.26136016845703, 96.47552490234375]}