{"loss": [0.09442834556102753, 0.09169446676969528, 0.09062644839286804, 0.09070832282304764, 0.08932339400053024], "mse": [0.09442834556102753, 0.09169446676969528, 0.09062644839286804, 0.09070832282304764, 0.08932339400053024], "mae": [0.2348494529724121, 0.23178154230117798, 0.22844719886779785, 0.23010727763175964, 0.23070736229419708], "mape": [738.5386352539062, 439.5942077636719, 1897.8494873046875, 2251.754150390625, 788.443603515625]}