{"loss": [0.10481875389814377, 0.10324621200561523, 0.10271923243999481, 0.09957116842269897, 0.09965075552463531], "mse": [0.10481875389814377, 0.10324621200561523, 0.10271923243999481, 0.09957116842269897, 0.09965075552463531], "mae": [0.23272672295570374, 0.23012299835681915, 0.22925178706645966, 0.22483406960964203, 0.22410964965820312], "mape": [112.78791046142578, 102.97168731689453, 116.17474365234375, 109.6290283203125, 113.37422943115234]}