{"loss": [0.12088566273450851, 0.10506977140903473, 0.10121827572584152, 0.09228239953517914, 0.09079747647047043], "mse": [0.12088566273450851, 0.10506977140903473, 0.10121827572584152, 0.09228239953517914, 0.09079747647047043], "mae": [0.09484914690256119, 0.08744461089372635, 0.08480957895517349, 0.07945550233125687, 0.08378665894269943], "mape": [145.49452209472656, 150.60784912109375, 173.52854919433594, 189.5026397705078, 189.9704132080078]}