{"loss": [0.2330165058374405, 0.23307375609874725, 0.2338494211435318, 0.2303732931613922, 0.22927282750606537], "mse": [0.2330165058374405, 0.23307375609874725, 0.2338494211435318, 0.2303732931613922, 0.22927282750606537], "mae": [0.28871914744377136, 0.2891820967197418, 0.2851766049861908, 0.285701185464859, 0.2844475209712982], "mape": [246.04730224609375, 281.9482727050781, 243.58743286132812, 260.8251953125, 262.66192626953125]}