{"loss": [0.09967648983001709, 0.09747922420501709, 0.09696804732084274, 0.0984557718038559, 0.09573627263307571], "mse": [0.09967648983001709, 0.09747922420501709, 0.09696804732084274, 0.0984557718038559, 0.09573627263307571], "mae": [0.242888405919075, 0.23770134150981903, 0.237088143825531, 0.23814034461975098, 0.23582665622234344], "mape": [105.39784240722656, 109.78563690185547, 105.73841094970703, 96.59675598144531, 106.25138854980469]}