{"loss": [0.13148777186870575, 0.13120487332344055, 0.12887604534626007, 0.13057515025138855, 0.12975193560123444], "mse": [0.13148777186870575, 0.13120487332344055, 0.12887604534626007, 0.13057515025138855, 0.12975193560123444], "mae": [0.2127142697572708, 0.2131015807390213, 0.21147575974464417, 0.20962202548980713, 0.2113027423620224], "mape": [47.759639739990234, 47.9822998046875, 45.863250732421875, 47.20018768310547, 46.926475524902344]}