{"loss": [0.4983769655227661, 0.3614066541194916, 0.3192507028579712, 0.2893514037132263, 0.2684808075428009], "mse": [0.4983769655227661, 0.3614066541194916, 0.3192507028579712, 0.2893514037132263, 0.2684808075428009], "mae": [0.5420135259628296, 0.4636664390563965, 0.4338837265968323, 0.4173531234264374, 0.4004150331020355], "mape": [266.38775634765625, 227.5592041015625, 215.08993530273438, 224.32546997070312, 221.09278869628906]}