{"loss": [0.04746463522315025, 0.04230817034840584, 0.039315707981586456, 0.04478759318590164, 0.03814418986439705], "mse": [0.04746463522315025, 0.04230817034840584, 0.039315707981586456, 0.04478759318590164, 0.03814418986439705], "mae": [0.1065504178404808, 0.10018958151340485, 0.09746039658784866, 0.10170232504606247, 0.09710031002759933], "mape": [33.095027923583984, 32.918296813964844, 31.121042251586914, 31.527204513549805, 31.394184112548828]}