{"loss": [0.1081300899386406, 0.1063920184969902, 0.10505367815494537, 0.10328700393438339, 0.10253676772117615], "mse": [0.1081300899386406, 0.1063920184969902, 0.10505367815494537, 0.10328700393438339, 0.10253676772117615], "mae": [0.23006685078144073, 0.2279694825410843, 0.22751720249652863, 0.22540093958377838, 0.22272354364395142], "mape": [133.87216186523438, 120.17650604248047, 120.5989761352539, 132.23890686035156, 136.6963653564453]}