{"loss": [0.19179317355155945, 0.18742841482162476, 0.18395887315273285, 0.1764267086982727, 0.17544879019260406], "mse": [0.19179317355155945, 0.18742841482162476, 0.18395887315273285, 0.1764267086982727, 0.17544879019260406], "mae": [0.3282415270805359, 0.3222287893295288, 0.31463587284088135, 0.3100428581237793, 0.3093760013580322], "mape": [184.00965881347656, 171.14439392089844, 171.08164978027344, 167.63294982910156, 179.8363037109375]}