{"loss": [0.43704280257225037, 0.18381467461585999, 0.15425576269626617, 0.14714990556240082, 0.1411343812942505], "mse": [0.43704280257225037, 0.18381467461585999, 0.15425576269626617, 0.14714990556240082, 0.1411343812942505], "mae": [0.47683024406433105, 0.24728164076805115, 0.22536280751228333, 0.21943850815296173, 0.21688276529312134], "mape": [72.92414093017578, 52.586856842041016, 47.691925048828125, 49.11534881591797, 48.31002426147461]}