{"loss": [0.2916638255119324, 0.28918540477752686, 0.28907066583633423, 0.28386279940605164, 0.2819669544696808], "mse": [0.2916638255119324, 0.28918540477752686, 0.28907066583633423, 0.28386279940605164, 0.2819669544696808], "mae": [0.31618911027908325, 0.3164820671081543, 0.3141947388648987, 0.312969446182251, 0.3130602240562439], "mape": [263.3500061035156, 292.1181335449219, 252.32211303710938, 257.2586975097656, 254.7753448486328]}