{"loss": [0.08410639315843582, 0.08336066454648972, 0.08286444842815399, 0.08400978147983551, 0.0819854810833931], "mse": [0.08410639315843582, 0.08336066454648972, 0.08286444842815399, 0.08400978147983551, 0.0819854810833931], "mae": [0.2263961136341095, 0.2217189520597458, 0.2225590944290161, 0.22312548756599426, 0.21980854868888855], "mape": [95.53870391845703, 97.19728088378906, 95.90650939941406, 88.26134490966797, 96.47549438476562]}