{"loss": [0.040462374687194824, 0.03420071303844452, 0.030830901116132736, 0.03231390193104744, 0.029146412387490273], "mse": [0.040462374687194824, 0.03420071303844452, 0.030830901116132736, 0.03231390193104744, 0.029146412387490273], "mae": [0.09919523447751999, 0.09003658592700958, 0.08580894768238068, 0.08745139837265015, 0.08675310015678406], "mape": [32.84735870361328, 31.861438751220703, 28.95594024658203, 31.45879364013672, 30.865856170654297]}