{"loss": [0.04008738324046135, 0.036233726888895035, 0.032510414719581604, 0.038728032261133194, 0.031522296369075775], "mse": [0.04008738324046135, 0.036233726888895035, 0.032510414719581604, 0.038728032261133194, 0.031522296369075775], "mae": [0.09778474271297455, 0.09283863753080368, 0.08812376111745834, 0.09483630210161209, 0.08918169885873795], "mape": [31.16251564025879, 30.508024215698242, 29.04863166809082, 29.78050422668457, 30.45247459411621]}