{"loss": [0.12168072909116745, 0.1216217428445816, 0.11923729628324509, 0.12084833532571793, 0.12013284862041473], "mse": [0.12168072909116745, 0.1216217428445816, 0.11923729628324509, 0.12084833532571793, 0.12013284862041473], "mae": [0.20417802035808563, 0.20417942106723785, 0.2029891312122345, 0.20102393627166748, 0.20283348858356476], "mape": [45.59129333496094, 45.78371047973633, 43.78190231323242, 45.179161071777344, 45.22250747680664]}