{"loss": [0.06291434913873672, 0.05756046622991562, 0.0656803697347641, 0.056226883083581924, 0.05912872403860092], "mse": [0.06291434913873672, 0.05756046622991562, 0.0656803697347641, 0.056226883083581924, 0.05912872403860092], "mae": [0.06730400025844574, 0.06158418580889702, 0.06574968248605728, 0.06030788645148277, 0.06264130026102066], "mape": [50.832828521728516, 53.62307357788086, 47.44187545776367, 47.44377517700195, 51.321075439453125]}