{"loss": [0.13139177858829498, 0.13118265569210052, 0.12887004017829895, 0.13057661056518555, 0.129752978682518], "mse": [0.13139177858829498, 0.13118265569210052, 0.12887004017829895, 0.13057661056518555, 0.129752978682518], "mae": [0.21261776983737946, 0.21308237314224243, 0.21146619319915771, 0.2096243053674698, 0.21130487322807312], "mape": [47.74656295776367, 47.97779083251953, 45.86039352416992, 47.19780349731445, 46.92619323730469]}