{"loss": [0.12088566273450851, 0.10506977140903473, 0.10121826082468033, 0.09228241443634033, 0.09079747647047043], "mse": [0.12088566273450851, 0.10506977140903473, 0.10121826082468033, 0.09228241443634033, 0.09079747647047043], "mae": [0.0948491245508194, 0.08744464069604874, 0.0848095491528511, 0.07945554703474045, 0.08378662168979645], "mape": [145.4945068359375, 150.6077880859375, 173.5284881591797, 189.50265502929688, 189.97023010253906]}