{"loss": [0.10813010483980179, 0.10639200359582901, 0.10505368560552597, 0.10328696668148041, 0.10253676027059555], "mse": [0.10813010483980179, 0.10639200359582901, 0.10505368560552597, 0.10328696668148041, 0.10253676027059555], "mae": [0.23006677627563477, 0.2279694825410843, 0.22751720249652863, 0.22540105879306793, 0.2227235734462738], "mape": [133.87213134765625, 120.17652893066406, 120.59912109375, 132.23890686035156, 136.6963653564453]}