{"loss": [0.1301732361316681, 0.12774553894996643, 0.12779881060123444, 0.12374477088451385, 0.12344899773597717], "mse": [0.1301732361316681, 0.12774553894996643, 0.12779881060123444, 0.12374477088451385, 0.12344899773597717], "mae": [0.26285526156425476, 0.2553213834762573, 0.25547540187835693, 0.25271540880203247, 0.25253257155418396], "mape": [151.79464721679688, 144.33631896972656, 143.49771118164062, 143.76084899902344, 154.17257690429688]}