{"loss": [0.08439651131629944, 0.0837036520242691, 0.08298423886299133, 0.08384787291288376, 0.08066116273403168], "mse": [0.08439651131629944, 0.0837036520242691, 0.08298423886299133, 0.08384787291288376, 0.08066116273403168], "mae": [0.22073866426944733, 0.21716877818107605, 0.2169094979763031, 0.2170601338148117, 0.21493524312973022], "mape": [65.67143249511719, 64.73613739013672, 66.18867492675781, 68.49825286865234, 64.31424713134766]}