{"loss": [0.1126129999756813, 0.1114710345864296, 0.11085792630910873, 0.10823912173509598, 0.10915956646203995], "mse": [0.1126129999756813, 0.1114710345864296, 0.11085792630910873, 0.10823912173509598, 0.10915956646203995], "mae": [0.24127472937107086, 0.23415666818618774, 0.23295161128044128, 0.2314399629831314, 0.23378977179527283], "mape": [133.62026977539062, 128.0468292236328, 130.4168243408203, 130.35084533691406, 138.87364196777344]}