{"loss": [0.133815735578537, 0.11627563089132309, 0.11084770411252975, 0.10776451230049133, 0.10416504740715027], "mse": [0.133815735578537, 0.11627563089132309, 0.11084770411252975, 0.10776451230049133, 0.10416504740715027], "mae": [0.2768200635910034, 0.25851184129714966, 0.2505301833152771, 0.24794186651706696, 0.24600465595722198], "mape": [4387.46484375, 4903.03759765625, 4044.954833984375, 4513.65234375, 1990.09912109375]}