{"loss": [0.03818047046661377, 0.03494648262858391, 0.030843567103147507, 0.037376366555690765, 0.029863566160202026], "mse": [0.03818047046661377, 0.03494648262858391, 0.030843567103147507, 0.037376366555690765, 0.029863566160202026], "mae": [0.095572330057621, 0.09132149815559387, 0.0863015279173851, 0.09326114505529404, 0.08738048374652863], "mape": [30.648530960083008, 30.213016510009766, 28.77349853515625, 29.330551147460938, 30.425052642822266]}