{"loss": [0.1033039391040802, 0.10182514786720276, 0.10013426840305328, 0.09986235201358795, 0.0978410616517067], "mse": [0.1033039391040802, 0.10182514786720276, 0.10013426840305328, 0.09986235201358795, 0.0978410616517067], "mae": [0.24732953310012817, 0.24392297863960266, 0.2409730851650238, 0.2401280403137207, 0.2397819608449936], "mape": [73.96422576904297, 72.92637634277344, 75.59418487548828, 76.80290985107422, 76.40503692626953]}