{"loss": [0.13953085243701935, 0.13526584208011627, 0.13472194969654083, 0.13210415840148926, 0.13035480678081512], "mse": [0.13953085243701935, 0.13526584208011627, 0.13472194969654083, 0.13210415840148926, 0.13035480678081512], "mae": [0.27953246235847473, 0.2741154432296753, 0.2774536907672882, 0.27171725034713745, 0.27088746428489685], "mape": [206.36410522460938, 208.76805114746094, 186.0628662109375, 191.5034637451172, 195.5059051513672]}