{"loss": [0.20617371797561646, 0.19844520092010498, 0.19271963834762573, 0.18526184558868408, 0.17867358028888702], "mse": [0.20617371797561646, 0.19844520092010498, 0.19271963834762573, 0.18526184558868408, 0.17867358028888702], "mae": [0.344525009393692, 0.33855879306793213, 0.33119192719459534, 0.3269060552120209, 0.3187501132488251], "mape": [181.14456176757812, 165.90493774414062, 154.28236389160156, 161.85768127441406, 167.42283630371094]}