{"loss": [0.0857025682926178, 0.08356394618749619, 0.08400217443704605, 0.08388306945562363, 0.08290573209524155], "mse": [0.0857025682926178, 0.08356394618749619, 0.08400217443704605, 0.08388306945562363, 0.08290573209524155], "mae": [0.22505143284797668, 0.2219296246767044, 0.22159884870052338, 0.22272460162639618, 0.22283531725406647], "mape": [5255.630859375, 5975.36181640625, 7761.9833984375, 7921.86669921875, 7030.80712890625]}