{"loss": [0.2411366105079651, 0.24033598601818085, 0.24158383905887604, 0.23716069757938385, 0.23709216713905334], "mse": [0.2411366105079651, 0.24033598601818085, 0.24158383905887604, 0.23716069757938385, 0.23709216713905334], "mae": [0.29425936937332153, 0.2921300530433655, 0.29029029607772827, 0.2911779582500458, 0.29001352190971375], "mape": [238.45755004882812, 279.4876403808594, 239.14219665527344, 254.20668029785156, 249.56761169433594]}