{"loss": [0.12542754411697388, 0.12542185187339783, 0.12339460104703903, 0.12492594867944717, 0.1244708001613617], "mse": [0.12542754411697388, 0.12542185187339783, 0.12339460104703903, 0.12492594867944717, 0.1244708001613617], "mae": [0.2081434279680252, 0.2091131955385208, 0.20689678192138672, 0.2052793651819229, 0.20700578391551971], "mape": [46.48979949951172, 46.82856750488281, 44.678585052490234, 46.15878677368164, 46.02548599243164]}