{"loss": [0.09340965002775192, 0.09252937883138657, 0.09124933928251266, 0.091888427734375, 0.0901917889714241], "mse": [0.09340965002775192, 0.09252937883138657, 0.09124933928251266, 0.091888427734375, 0.0901917889714241], "mae": [0.23373539745807648, 0.23011936247348785, 0.22933940589427948, 0.22958719730377197, 0.22885943949222565], "mape": [71.75955963134766, 69.78224182128906, 72.55569458007812, 74.6219482421875, 73.54471588134766]}