{"loss": [0.1397603452205658, 0.13581112027168274, 0.13235975801944733, 0.13375644385814667, 0.1323079615831375], "mse": [0.1397603452205658, 0.13581112027168274, 0.13235975801944733, 0.13375644385814667, 0.1323079615831375], "mae": [0.21987344324588776, 0.2148558497428894, 0.21332287788391113, 0.21136295795440674, 0.21240228414535522], "mape": [48.79154968261719, 48.63699722290039, 46.2460823059082, 47.62824630737305, 47.18288803100586]}