{"loss": [0.4441762864589691, 0.1790129393339157, 0.15190017223358154, 0.14565232396125793, 0.13998615741729736], "mse": [0.4441762864589691, 0.1790129393339157, 0.15190017223358154, 0.14565232396125793, 0.13998615741729736], "mae": [0.48684069514274597, 0.24320724606513977, 0.2229066789150238, 0.21818532049655914, 0.21654018759727478], "mape": [74.57723236083984, 51.63608169555664, 47.361175537109375, 48.905494689941406, 48.18391799926758]}