{"loss": [0.15422675013542175, 0.14916129410266876, 0.14834479987621307, 0.14495070278644562, 0.14272834360599518], "mse": [0.15422675013542175, 0.14916129410266876, 0.14834479987621307, 0.14495070278644562, 0.14272834360599518], "mae": [0.2913564443588257, 0.28628674149513245, 0.2906317114830017, 0.2850419580936432, 0.2838735282421112], "mape": [215.81680297851562, 214.35617065429688, 194.3555450439453, 199.93515014648438, 204.9931182861328]}