{"loss": [0.03859901800751686, 0.031604669988155365, 0.028990913182497025, 0.030505860224366188, 0.027324184775352478], "mse": [0.03859901800751686, 0.031604669988155365, 0.028990913182497025, 0.030505860224366188, 0.027324184775352478], "mae": [0.09653084725141525, 0.08731573820114136, 0.0832216888666153, 0.08465639501810074, 0.08486004918813705], "mape": [32.03803634643555, 30.97914695739746, 28.284543991088867, 30.738323211669922, 30.315507888793945]}