{"loss": [0.15422670543193817, 0.14916132390499115, 0.14834481477737427, 0.14495070278644562, 0.14272832870483398], "mse": [0.15422670543193817, 0.14916132390499115, 0.14834481477737427, 0.14495070278644562, 0.14272832870483398], "mae": [0.2913563549518585, 0.2862868010997772, 0.29063165187835693, 0.2850419282913208, 0.2838735282421112], "mape": [215.81680297851562, 214.35617065429688, 194.35556030273438, 199.9351806640625, 204.9931182861328]}