{"loss": [0.26698097586631775, 0.2659863531589508, 0.2672860622406006, 0.2619170844554901, 0.2612907290458679], "mse": [0.26698097586631775, 0.2659863531589508, 0.2672860622406006, 0.2619170844554901, 0.2612907290458679], "mae": [0.3047561049461365, 0.30363309383392334, 0.30254560708999634, 0.3025685250759125, 0.3024539351463318], "mape": [249.73980712890625, 285.0099182128906, 241.25057983398438, 247.7034149169922, 250.12017822265625]}