{"loss": [0.17996589839458466, 0.17875370383262634, 0.1753874123096466, 0.17160281538963318, 0.16789348423480988], "mse": [0.17996589839458466, 0.17875370383262634, 0.1753874123096466, 0.17160281538963318, 0.16789348423480988], "mae": [0.3145381510257721, 0.3129881024360657, 0.3103193938732147, 0.3055301308631897, 0.3021199107170105], "mape": [332.9672546386719, 261.9854736328125, 279.02337646484375, 246.59078979492188, 267.7513732910156]}