{"loss": [0.1589600145816803, 0.1544806808233261, 0.15212613344192505, 0.15035440027713776, 0.14431674778461456], "mse": [0.1589600145816803, 0.1544806808233261, 0.15212613344192505, 0.15035440027713776, 0.14431674778461456], "mae": [0.2969471216201782, 0.2882603108882904, 0.29047030210494995, 0.2865596115589142, 0.2822674512863159], "mape": [197.39215087890625, 193.61279296875, 193.45965576171875, 189.83787536621094, 189.6724090576172]}