{"loss": [0.12023606151342392, 0.11532851308584213, 0.11496959626674652, 0.11386817693710327, 0.10961757600307465], "mse": [0.12023606151342392, 0.11532851308584213, 0.11496959626674652, 0.11386817693710327, 0.10961757600307465], "mae": [0.2629562318325043, 0.25703150033950806, 0.2570459246635437, 0.2530335783958435, 0.2506461441516876], "mape": [111.3589096069336, 114.91261291503906, 110.76136016845703, 99.06539154052734, 110.64651489257812]}