{"loss": [0.23749293386936188, 0.23335577547550201, 0.22809523344039917, 0.22129115462303162, 0.21969473361968994], "mse": [0.23749293386936188, 0.23335577547550201, 0.22809523344039917, 0.22129115462303162, 0.21969473361968994], "mae": [0.3731023073196411, 0.3694421350955963, 0.36577898263931274, 0.3588011860847473, 0.3583999276161194], "mape": [360.1356506347656, 306.8612976074219, 325.5162353515625, 278.1890869140625, 310.69775390625]}