{"loss": [0.05141601711511612, 0.04984431713819504, 0.04856818914413452, 0.04553710296750069, 0.041087403893470764], "mse": [0.05141601711511612, 0.04984431713819504, 0.04856818914413452, 0.04553710296750069, 0.041087403893470764], "mae": [0.0627167671918869, 0.0587807297706604, 0.058921653777360916, 0.05318675562739372, 0.057736534625291824], "mape": [55.55386734008789, 48.099525451660156, 48.38755798339844, 43.22243118286133, 50.05208206176758]}