{"loss": [0.11602069437503815, 0.11520972847938538, 0.11354581266641617, 0.11506140977144241, 0.11486798524856567], "mse": [0.11602069437503815, 0.11520972847938538, 0.11354581266641617, 0.11506140977144241, 0.11486798524856567], "mae": [0.20059023797512054, 0.2002204954624176, 0.200283944606781, 0.1977897733449936, 0.20084647834300995], "mape": [44.65970230102539, 44.34428024291992, 43.38903045654297, 43.85480880737305, 44.22319793701172]}