{"loss": [0.09007144719362259, 0.08924591541290283, 0.08887787908315659, 0.08945166319608688, 0.08700987696647644], "mse": [0.09007144719362259, 0.08924591541290283, 0.08887787908315659, 0.08945166319608688, 0.08700987696647644], "mae": [0.22892972826957703, 0.22599810361862183, 0.22579672932624817, 0.22561028599739075, 0.22389571368694305], "mape": [69.28990936279297, 67.61163330078125, 70.47858428955078, 71.36750793457031, 68.6411361694336]}