{"loss": [0.07616914808750153, 0.07483050227165222, 0.07541418075561523, 0.0747767984867096, 0.07457323372364044], "mse": [0.07616914808750153, 0.07483050227165222, 0.07541418075561523, 0.0747767984867096, 0.07457323372364044], "mae": [0.21291273832321167, 0.21223099529743195, 0.21178807318210602, 0.2118867039680481, 0.2127346396446228], "mape": [4044.5478515625, 4410.22607421875, 6497.845703125, 6669.49462890625, 5653.78076171875]}