{"loss": [0.0620463527739048, 0.057956110686063766, 0.06219051033258438, 0.055411502718925476, 0.05850612372159958], "mse": [0.0620463527739048, 0.057956110686063766, 0.06219051033258438, 0.055411502718925476, 0.05850612372159958], "mae": [0.06692475825548172, 0.0614657998085022, 0.06516209244728088, 0.06055500730872154, 0.06486105918884277], "mape": [57.70487976074219, 47.73307800292969, 50.546714782714844, 45.89335632324219, 51.378963470458984]}