{"loss": [0.12168069183826447, 0.12162172794342041, 0.1192372515797615, 0.12084828317165375, 0.12013276666402817], "mse": [0.12168069183826447, 0.12162172794342041, 0.1192372515797615, 0.12084828317165375, 0.12013276666402817], "mae": [0.20417803525924683, 0.20417940616607666, 0.2029891312122345, 0.20102399587631226, 0.20283325016498566], "mape": [45.59131622314453, 45.78369903564453, 43.781925201416016, 45.1792106628418, 45.22252655029297]}