{"loss": [0.26511019468307495, 0.2648656368255615, 0.26542672514915466, 0.2600746154785156, 0.25933197140693665], "mse": [0.26511019468307495, 0.2648656368255615, 0.26542672514915466, 0.2600746154785156, 0.25933197140693665], "mae": [0.3039513826370239, 0.3038080930709839, 0.30215561389923096, 0.3021085560321808, 0.3017052114009857], "mape": [250.6913299560547, 284.7629089355469, 245.6340789794922, 254.74603271484375, 251.65176391601562]}