{"loss": [0.13970723748207092, 0.11725932359695435, 0.11062323302030563, 0.10738953948020935, 0.10442543029785156], "mse": [0.13970723748207092, 0.11725932359695435, 0.11062323302030563, 0.10738953948020935, 0.10442543029785156], "mae": [0.2899519205093384, 0.26475125551223755, 0.2547231912612915, 0.2501806318759918, 0.24832525849342346], "mape": [91.7643051147461, 81.0090560913086, 76.70364379882812, 77.0228271484375, 76.36243438720703]}