{"loss": [0.05113673210144043, 0.045823048800230026, 0.04268969967961311, 0.047989536076784134, 0.04128003865480423], "mse": [0.05113673210144043, 0.045823048800230026, 0.04268969967961311, 0.047989536076784134, 0.04128003865480423], "mae": [0.1101011410355568, 0.10382431745529175, 0.10123833268880844, 0.10517232865095139, 0.10080964118242264], "mape": [33.91514205932617, 33.68926239013672, 31.886566162109375, 32.26167297363281, 31.996389389038086]}