{"loss": [0.2201855480670929, 0.22011464834213257, 0.2205929309129715, 0.2171667069196701, 0.2162320762872696], "mse": [0.2201855480670929, 0.22011464834213257, 0.2205929309129715, 0.2171667069196701, 0.2162320762872696], "mae": [0.28082308173179626, 0.2808597981929779, 0.27650558948516846, 0.27849581837654114, 0.27688705921173096], "mape": [246.859130859375, 284.16790771484375, 241.27145385742188, 262.84197998046875, 262.3765563964844]}