{"loss": [0.2330164909362793, 0.23307374119758606, 0.2338494509458542, 0.2303732931613922, 0.22927279770374298], "mse": [0.2330164909362793, 0.23307374119758606, 0.2338494509458542, 0.2303732931613922, 0.22927279770374298], "mae": [0.28871917724609375, 0.2891821265220642, 0.2851766049861908, 0.2857011556625366, 0.28444749116897583], "mape": [246.0472869873047, 281.9482727050781, 243.58743286132812, 260.82525634765625, 262.66192626953125]}