{"loss": [0.15156738460063934, 0.14673906564712524, 0.1457526683807373, 0.13974763453006744, 0.1391531080007553], "mse": [0.15156738460063934, 0.14673906564712524, 0.1457526683807373, 0.13974763453006744, 0.1391531080007553], "mae": [0.2885415852069855, 0.2844359576702118, 0.28298261761665344, 0.2741008698940277, 0.27420058846473694], "mape": [131.67616271972656, 121.93087005615234, 136.12814331054688, 125.94003295898438, 127.78926086425781]}