{"loss": [0.2769848108291626, 0.27612587809562683, 0.27716389298439026, 0.27242493629455566, 0.27115392684936523], "mse": [0.2769848108291626, 0.27612587809562683, 0.27716389298439026, 0.27242493629455566, 0.27115392684936523], "mae": [0.30898526310920715, 0.30885207653045654, 0.3074744641780853, 0.3075580894947052, 0.3075433075428009], "mape": [254.95782470703125, 288.9400939941406, 243.26791381835938, 251.43756103515625, 252.1236572265625]}