{"loss": [0.089399553835392, 0.08804493397474289, 0.08781713247299194, 0.08906785398721695, 0.08678309619426727], "mse": [0.089399553835392, 0.08804493397474289, 0.08781713247299194, 0.08906785398721695, 0.08678309619426727], "mae": [0.23308901488780975, 0.22753138840198517, 0.22889088094234467, 0.229129359126091, 0.22603650391101837], "mape": [97.76679992675781, 98.6859130859375, 97.30472564697266, 88.67974853515625, 97.14564514160156]}