{"loss": [0.10141944140195847, 0.09870511293411255, 0.09782243520021439, 0.09712278842926025, 0.09488611668348312], "mse": [0.10141944140195847, 0.09870511293411255, 0.09782243520021439, 0.09712278842926025, 0.09488611668348312], "mae": [0.24340151250362396, 0.23905952274799347, 0.2364879548549652, 0.23584780097007751, 0.23503266274929047], "mape": [75.1637954711914, 72.4148178100586, 76.67058563232422, 76.84249114990234, 74.75713348388672]}