{"loss": [0.3580290377140045, 0.16516050696372986, 0.14626289904117584, 0.14179053902626038, 0.13705027103424072], "mse": [0.3580290377140045, 0.16516050696372986, 0.14626289904117584, 0.14179053902626038, 0.13705027103424072], "mae": [0.4120138883590698, 0.23051370680332184, 0.21951934695243835, 0.21687453985214233, 0.2153894454240799], "mape": [65.41338348388672, 50.38880920410156, 47.34772872924805, 48.93500518798828, 47.98676681518555]}