{"loss": [0.05071639642119408, 0.04743767902255058, 0.04657827690243721, 0.05028814449906349, 0.04525483027100563], "mse": [0.05071639642119408, 0.04743767902255058, 0.04657827690243721, 0.05028814449906349, 0.04525483027100563], "mae": [0.10899552702903748, 0.10410046577453613, 0.10333722084760666, 0.10559798032045364, 0.10184741020202637], "mape": [33.974639892578125, 33.69282150268555, 33.54653549194336, 32.2905387878418, 31.2086238861084]}