{"loss": [0.15422677993774414, 0.14916129410266876, 0.14834481477737427, 0.14495068788528442, 0.14272832870483398], "mse": [0.15422677993774414, 0.14916129410266876, 0.14834481477737427, 0.14495068788528442, 0.14272832870483398], "mae": [0.2913564145565033, 0.28628677129745483, 0.2906317114830017, 0.2850418984889984, 0.28387346863746643], "mape": [215.81680297851562, 214.35618591308594, 194.35556030273438, 199.93515014648438, 204.99314880371094]}