{"loss": [0.3080579936504364, 0.30036067962646484, 0.28958219289779663, 0.2812599837779999, 0.2752445936203003], "mse": [0.3080579936504364, 0.30036067962646484, 0.28958219289779663, 0.2812599837779999, 0.2752445936203003], "mae": [0.42597851157188416, 0.4245961010456085, 0.41651758551597595, 0.40968501567840576, 0.4048600196838379], "mape": [389.190185546875, 361.1445007324219, 374.25909423828125, 319.37127685546875, 337.99945068359375]}