{"loss": [0.055981483310461044, 0.04793665185570717, 0.04499414190649986, 0.046779319643974304, 0.04078591987490654], "mse": [0.055981483310461044, 0.04793665185570717, 0.04499414190649986, 0.046779319643974304, 0.04078591987490654], "mae": [0.11634907871484756, 0.10542363673448563, 0.10290239006280899, 0.10288511961698532, 0.10220615565776825], "mape": [37.76870346069336, 37.755313873291016, 33.85907745361328, 36.0909309387207, 35.9433708190918]}