{"loss": [0.03818046674132347, 0.03494648635387421, 0.030843576416373253, 0.03737635537981987, 0.02986355870962143], "mse": [0.03818046674132347, 0.03494648635387421, 0.030843576416373253, 0.03737635537981987, 0.02986355870962143], "mae": [0.095572330057621, 0.0913214385509491, 0.0863015279173851, 0.09326110780239105, 0.08738048374652863], "mape": [30.648530960083008, 30.213022232055664, 28.773502349853516, 29.330562591552734, 30.4250431060791]}