{"loss": [0.3886490762233734, 0.16704803705215454, 0.1470121145248413, 0.14228881895542145, 0.1373376101255417], "mse": [0.3886490762233734, 0.16704803705215454, 0.1470121145248413, 0.14228881895542145, 0.1373376101255417], "mae": [0.43675535917282104, 0.23254410922527313, 0.22008240222930908, 0.2174244374036789, 0.2156650573015213], "mape": [68.52621459960938, 50.80550003051758, 47.74769973754883, 49.30747604370117, 48.453407287597656]}