{"loss": [0.03648582845926285, 0.040154844522476196, 0.03968724235892296, 0.034095458686351776, 0.026744600385427475], "mse": [0.03648582845926285, 0.040154844522476196, 0.03968724235892296, 0.034095458686351776, 0.026744600385427475], "mae": [0.05428864061832428, 0.05531477928161621, 0.05758337303996086, 0.05037999898195267, 0.05017031356692314], "mape": [54.505775451660156, 46.67063522338867, 48.82084274291992, 45.13173294067383, 47.926795959472656]}