{"loss": [0.11330640316009521, 0.11232554167509079, 0.11097179353237152, 0.11272423714399338, 0.1123889908194542], "mse": [0.11330640316009521, 0.11232554167509079, 0.11097179353237152, 0.11272423714399338, 0.1123889908194542], "mae": [0.19881431758403778, 0.19791091978549957, 0.198893204331398, 0.1961686611175537, 0.19916297495365143], "mape": [44.089847564697266, 43.5844612121582, 43.141239166259766, 43.2692756652832, 43.61258316040039]}