{"loss": [0.08564227819442749, 0.084780253469944, 0.08317730575799942, 0.08552297204732895, 0.08339943736791611], "mse": [0.08564227819442749, 0.084780253469944, 0.08317730575799942, 0.08552297204732895, 0.08339943736791611], "mae": [0.22797587513923645, 0.2234226018190384, 0.2212297022342682, 0.22342698276042938, 0.2220669537782669], "mape": [100.98116302490234, 102.35327911376953, 98.58746337890625, 91.7880630493164, 99.7413558959961]}