{"loss": [0.10073857754468918, 0.09755001217126846, 0.09662283211946487, 0.09616442024707794, 0.09522810578346252], "mse": [0.10073857754468918, 0.09755001217126846, 0.09662283211946487, 0.09616442024707794, 0.09522810578346252], "mae": [0.24187736213207245, 0.23917536437511444, 0.2357373684644699, 0.2361598163843155, 0.23744669556617737], "mape": [2209.400634765625, 2261.894287109375, 2948.6865234375, 2766.4482421875, 1317.30908203125]}