{"loss": [0.5242359042167664, 0.3872659206390381, 0.3462778627872467, 0.3171263039112091, 0.29508063197135925], "mse": [0.5242359042167664, 0.3872659206390381, 0.3462778627872467, 0.3171263039112091, 0.29508063197135925], "mae": [0.5505041480064392, 0.4756709635257721, 0.45424312353134155, 0.4320525825023651, 0.4164886772632599], "mape": [266.2089538574219, 219.41432189941406, 210.939208984375, 195.77996826171875, 185.1556396484375]}