{"loss": [0.23446966707706451, 0.23391707241535187, 0.23544912040233612, 0.2313677966594696, 0.23101834952831268], "mse": [0.23446966707706451, 0.23391707241535187, 0.23544912040233612, 0.2313677966594696, 0.23101834952831268], "mae": [0.29102128744125366, 0.2888334095478058, 0.286284863948822, 0.2877896726131439, 0.28632810711860657], "mape": [237.09970092773438, 279.37261962890625, 237.79037475585938, 255.91806030273438, 248.66819763183594]}