{"loss": [0.15509283542633057, 0.15138299763202667, 0.15061083436012268, 0.14495807886123657, 0.1450904905796051], "mse": [0.15509283542633057, 0.15138299763202667, 0.15061083436012268, 0.14495807886123657, 0.1450904905796051], "mae": [0.29069700837135315, 0.2837148606777191, 0.282074511051178, 0.27761250734329224, 0.278326153755188], "mape": [163.7187042236328, 155.9239044189453, 152.17047119140625, 154.5726318359375, 168.9296417236328]}