{"loss": [0.10408690571784973, 0.1014740839600563, 0.10144345462322235, 0.10221747308969498, 0.09933941066265106], "mse": [0.10408690571784973, 0.1014740839600563, 0.10144345462322235, 0.10221747308969498, 0.09933941066265106], "mae": [0.24711506068706512, 0.24177183210849762, 0.24242998659610748, 0.24206691980361938, 0.23965921998023987], "mape": [105.6622085571289, 110.61931610107422, 106.96233367919922, 97.1618881225586, 107.32228088378906]}