{"loss": [0.0875660628080368, 0.08519649505615234, 0.08525897562503815, 0.0854639858007431, 0.08457633852958679], "mse": [0.0875660628080368, 0.08519649505615234, 0.08525897562503815, 0.0854639858007431, 0.08457633852958679], "mae": [0.2268514335155487, 0.22484689950942993, 0.2225130945444107, 0.2246817648410797, 0.2257472574710846], "mape": [987.8533325195312, 1480.7979736328125, 2421.262451171875, 1930.865966796875, 1459.9573974609375]}