{"loss": [0.1372721642255783, 0.11512722074985504, 0.10892996191978455, 0.10562066733837128, 0.10180249065160751], "mse": [0.1372721642255783, 0.11512722074985504, 0.10892996191978455, 0.10562066733837128, 0.10180249065160751], "mae": [0.28632795810699463, 0.2617073357105255, 0.25225120782852173, 0.2501792311668396, 0.24490095674991608], "mape": [86.73768615722656, 78.30354309082031, 75.42504119873047, 76.77843475341797, 74.90080261230469]}