{"loss": [0.09229112416505814, 0.09134484082460403, 0.0911039263010025, 0.0914526954293251, 0.08920444548130035], "mse": [0.09229112416505814, 0.09134484082460403, 0.0911039263010025, 0.0914526954293251, 0.08920444548130035], "mae": [0.23161984980106354, 0.22890779376029968, 0.2285185158252716, 0.2282324880361557, 0.22709466516971588], "mape": [71.03240203857422, 69.01292419433594, 72.3251724243164, 73.0377197265625, 70.56389617919922]}