{"loss": [0.13839147984981537, 0.13484004139900208, 0.132609024643898, 0.12950296700000763, 0.12642808258533478], "mse": [0.13839147984981537, 0.13484004139900208, 0.132609024643898, 0.12950296700000763, 0.12642808258533478], "mae": [0.26962733268737793, 0.2671436071395874, 0.2644217312335968, 0.2607406675815582, 0.25551655888557434], "mape": [144.1044464111328, 135.8702392578125, 132.9993896484375, 143.03628540039062, 143.71690368652344]}