{"loss": [0.11330641061067581, 0.11232554167509079, 0.11097180843353271, 0.11272422224283218, 0.1123889908194542], "mse": [0.11330641061067581, 0.11232554167509079, 0.11097180843353271, 0.11272422224283218, 0.1123889908194542], "mae": [0.19881436228752136, 0.19791091978549957, 0.19889317452907562, 0.1961686760187149, 0.199163019657135], "mape": [44.0898551940918, 43.58446502685547, 43.141239166259766, 43.26927947998047, 43.61258316040039]}