{"loss": [0.15287412703037262, 0.1519881635904312, 0.14915776252746582, 0.14520856738090515, 0.14258623123168945], "mse": [0.15287412703037262, 0.1519881635904312, 0.14915776252746582, 0.14520856738090515, 0.14258623123168945], "mae": [0.28849682211875916, 0.2868805229663849, 0.28076258301734924, 0.2794904112815857, 0.2816039025783539], "mape": [292.4955139160156, 217.9993133544922, 258.39361572265625, 172.4677276611328, 184.73350524902344]}