{"loss": [0.0857025682926178, 0.0835639238357544, 0.08400218933820724, 0.08388306945562363, 0.08290572464466095], "mse": [0.0857025682926178, 0.0835639238357544, 0.08400218933820724, 0.08388306945562363, 0.08290572464466095], "mae": [0.2250514179468155, 0.22192968428134918, 0.22159884870052338, 0.2227245420217514, 0.22283527255058289], "mape": [5255.63525390625, 5975.36376953125, 7761.9814453125, 7921.85986328125, 7030.8076171875]}