{"loss": [0.08440828323364258, 0.08481384813785553, 0.08430999517440796, 0.08623237162828445, 0.08382131904363632], "mse": [0.08440828323364258, 0.08481384813785553, 0.08430999517440796, 0.08623237162828445, 0.08382131904363632], "mae": [0.22592975199222565, 0.22376564145088196, 0.2236391007900238, 0.22529959678649902, 0.22306343913078308], "mape": [91.6978988647461, 103.88066864013672, 97.35206604003906, 87.69617462158203, 97.07025909423828]}