{"loss": [0.07483953982591629, 0.07370051741600037, 0.07374715805053711, 0.07397966831922531, 0.07309317588806152], "mse": [0.07483953982591629, 0.07370051741600037, 0.07374715805053711, 0.07397966831922531, 0.07309317588806152], "mae": [0.21016287803649902, 0.21065600216388702, 0.20782442390918732, 0.20920751988887787, 0.2108364999294281], "mape": [423.2720947265625, 2171.317138671875, 5257.30712890625, 4517.33251953125, 4408.83984375]}