{"loss": [0.05348683521151543, 0.05188324674963951, 0.06323254108428955, 0.048484452068805695, 0.051963504403829575], "mse": [0.05348683521151543, 0.05188324674963951, 0.06323254108428955, 0.048484452068805695, 0.051963504403829575], "mae": [0.06292674690485, 0.05984343960881233, 0.06417453289031982, 0.05560661479830742, 0.059384990483522415], "mape": [49.76253890991211, 50.080223083496094, 47.605709075927734, 48.0384635925293, 52.49064254760742]}