{"loss": [0.1552395075559616, 0.15470291674137115, 0.15149007737636566, 0.1487121433019638, 0.1446451097726822], "mse": [0.1552395075559616, 0.15470291674137115, 0.15149007737636566, 0.1487121433019638, 0.1446451097726822], "mae": [0.28861668705940247, 0.28780969977378845, 0.2846740484237671, 0.2810671031475067, 0.27638062834739685], "mape": [340.5977783203125, 249.98179626464844, 265.5610046386719, 249.39651489257812, 259.466064453125]}