{"loss": [0.24754910171031952, 0.24743029475212097, 0.24797622859477997, 0.24352797865867615, 0.24294129014015198], "mse": [0.24754910171031952, 0.24743029475212097, 0.24797622859477997, 0.24352797865867615, 0.24294129014015198], "mae": [0.29670199751853943, 0.29662835597991943, 0.2943783402442932, 0.293753445148468, 0.2928503453731537], "mape": [245.82020568847656, 278.8681335449219, 243.6973876953125, 254.48150634765625, 256.23187255859375]}