{"loss": [0.28211817145347595, 0.2694256603717804, 0.26608574390411377, 0.25758203864097595, 0.25197967886924744], "mse": [0.28211817145347595, 0.2694256603717804, 0.26608574390411377, 0.25758203864097595, 0.25197967886924744], "mae": [0.38608625531196594, 0.380015105009079, 0.38046666979789734, 0.3705601096153259, 0.36933061480522156], "mape": [249.0245361328125, 256.02679443359375, 246.8153839111328, 242.64759826660156, 246.3769989013672]}