{"loss": [0.09442835301160812, 0.09169446676969528, 0.09062643349170685, 0.09070831537246704, 0.08932341635227203], "mse": [0.09442835301160812, 0.09169446676969528, 0.09062643349170685, 0.09070831537246704, 0.08932341635227203], "mae": [0.2348494529724121, 0.2317815124988556, 0.22844721376895905, 0.23010727763175964, 0.23070737719535828], "mape": [738.539306640625, 439.5891418457031, 1897.84912109375, 2251.750732421875, 788.4353637695312]}