{"loss": [0.2223661094903946, 0.22187964618206024, 0.2237398475408554, 0.21960121393203735, 0.2191704511642456], "mse": [0.2223661094903946, 0.22187964618206024, 0.2237398475408554, 0.21960121393203735, 0.2191704511642456], "mae": [0.2831578850746155, 0.2814262807369232, 0.27943217754364014, 0.2797587811946869, 0.2793469727039337], "mape": [254.78199768066406, 371.13140869140625, 339.9397277832031, 370.076171875, 386.4737243652344]}