{"loss": [0.082779660820961, 0.07962324470281601, 0.07534753531217575, 0.07748311012983322, 0.07110485434532166], "mse": [0.082779660820961, 0.07962324470281601, 0.07534753531217575, 0.07748311012983322, 0.07110485434532166], "mae": [0.13542680442333221, 0.12809239327907562, 0.12869685888290405, 0.12997861206531525, 0.12675897777080536], "mape": [38.57176208496094, 36.80680847167969, 35.98489761352539, 35.0833625793457, 34.771568298339844]}