{"loss": [0.15381622314453125, 0.14957797527313232, 0.14700357615947723, 0.14334814250469208, 0.1393965631723404], "mse": [0.15381622314453125, 0.14957797527313232, 0.14700357615947723, 0.14334814250469208, 0.1393965631723404], "mae": [0.2888665795326233, 0.28585323691368103, 0.28121936321258545, 0.2783772647380829, 0.27251002192497253], "mape": [151.9461212158203, 141.5595245361328, 135.22354125976562, 146.19754028320312, 150.4952392578125]}