{"loss": [0.25551900267601013, 0.25542470812797546, 0.25599414110183716, 0.2510131895542145, 0.25055426359176636], "mse": [0.25551900267601013, 0.25542470812797546, 0.25599414110183716, 0.2510131895542145, 0.25055426359176636], "mae": [0.29982468485832214, 0.29989418387413025, 0.2983472943305969, 0.2978017330169678, 0.2970394194126129], "mape": [247.55853271484375, 281.18017578125, 244.52696228027344, 254.4189453125, 252.47872924804688]}