{"loss": [0.08989257365465164, 0.08934830129146576, 0.08808714151382446, 0.08898606151342392, 0.08735188096761703], "mse": [0.08989257365465164, 0.08934830129146576, 0.08808714151382446, 0.08898606151342392, 0.08735188096761703], "mae": [0.2286912053823471, 0.22530291974544525, 0.2252720147371292, 0.22597536444664001, 0.22491666674613953], "mape": [70.21305084228516, 68.4012451171875, 70.74126434326172, 72.96964263916016, 71.84237670898438]}