{"loss": [0.07616914808750153, 0.07483048737049103, 0.07541419565677643, 0.07477680593729019, 0.07457324117422104], "mse": [0.07616914808750153, 0.07483048737049103, 0.07541419565677643, 0.07477680593729019, 0.07457324117422104], "mae": [0.21291279792785645, 0.21223098039627075, 0.21178805828094482, 0.21188674867153168, 0.21273468434810638], "mape": [4044.550048828125, 4410.236328125, 6497.8486328125, 6669.490234375, 5653.77392578125]}