{"loss": [0.12448325008153915, 0.12445951253175735, 0.12214380502700806, 0.12389697134494781, 0.12310171872377396], "mse": [0.12448325008153915, 0.12445951253175735, 0.12214380502700806, 0.12389697134494781, 0.12310171872377396], "mae": [0.20645885169506073, 0.20706585049629211, 0.20548224449157715, 0.20381036400794983, 0.2053029090166092], "mape": [46.19987869262695, 46.49069595336914, 44.31238555908203, 45.826087951660156, 45.673614501953125]}