{"loss": [0.05237771198153496, 0.04778773710131645, 0.051137201488018036, 0.050704073160886765, 0.047375161200761795], "mse": [0.05237771198153496, 0.04778773710131645, 0.051137201488018036, 0.050704073160886765, 0.047375161200761795], "mae": [0.06113255023956299, 0.05622991919517517, 0.057578835636377335, 0.0555555634200573, 0.058225080370903015], "mape": [48.17300796508789, 48.26190948486328, 43.958106994628906, 47.99906921386719, 51.857322692871094]}