{"loss": [0.2769848108291626, 0.27612587809562683, 0.27716389298439026, 0.27242493629455566, 0.2711539566516876], "mse": [0.2769848108291626, 0.27612587809562683, 0.27716389298439026, 0.27242493629455566, 0.2711539566516876], "mae": [0.30898529291152954, 0.30885201692581177, 0.3074744939804077, 0.3075580596923828, 0.3075432777404785], "mape": [254.95782470703125, 288.9400634765625, 243.26788330078125, 251.43751525878906, 252.12364196777344]}