{"loss": [0.07512498646974564, 0.06732151657342911, 0.07248622179031372, 0.06874019652605057, 0.05714224651455879], "mse": [0.07512498646974564, 0.06732151657342911, 0.07248622179031372, 0.06874019652605057, 0.05714224651455879], "mae": [0.0750526413321495, 0.06828642636537552, 0.06875789910554886, 0.06582064926624298, 0.0650692954659462], "mape": [167.53707885742188, 117.04104614257812, 160.6216278076172, 145.12896728515625, 170.07443237304688]}