{"loss": [0.1491631120443344, 0.10529828816652298, 0.08864179253578186, 0.08540071547031403, 0.07474721223115921], "mse": [0.1491631120443344, 0.10529828816652298, 0.08864179253578186, 0.08540071547031403, 0.07474721223115921], "mae": [0.16992594301700592, 0.1433686912059784, 0.1326548010110855, 0.13038186728954315, 0.12446125596761703], "mape": [49.54801940917969, 42.8814697265625, 40.597408294677734, 39.90914535522461, 40.310611724853516]}