{"loss": [0.08439651131629944, 0.0837036520242691, 0.08298423141241074, 0.08384784311056137, 0.08066116273403168], "mse": [0.08439651131629944, 0.0837036520242691, 0.08298423141241074, 0.08384784311056137, 0.08066116273403168], "mae": [0.22073866426944733, 0.21716873347759247, 0.2169095128774643, 0.2170601338148117, 0.21493524312973022], "mape": [65.67144012451172, 64.73614501953125, 66.18865966796875, 68.49826049804688, 64.31425476074219]}