{"loss": [0.0445566326379776, 0.03970535844564438, 0.03659455478191376, 0.042247019708156586, 0.0355868861079216], "mse": [0.0445566326379776, 0.03970535844564438, 0.03659455478191376, 0.042247019708156586, 0.0355868861079216], "mae": [0.1031554564833641, 0.09721168130636215, 0.09372448176145554, 0.09888994693756104, 0.09385468810796738], "mape": [32.21687698364258, 32.032684326171875, 30.20472526550293, 30.85321617126465, 30.819562911987305]}