{"loss": [0.10939815640449524, 0.10623002797365189, 0.10600464046001434, 0.10572268068790436, 0.10263171792030334], "mse": [0.10939815640449524, 0.10623002797365189, 0.10600464046001434, 0.10572268068790436, 0.10263171792030334], "mae": [0.2529650032520294, 0.24630536139011383, 0.2488904446363449, 0.2467644065618515, 0.24279473721981049], "mape": [108.42158508300781, 107.76473999023438, 104.0794906616211, 94.58557891845703, 101.78582763671875]}