{"loss": [0.22833135724067688, 0.22777733206748962, 0.22943581640720367, 0.2249879539012909, 0.22481535375118256], "mse": [0.22833135724067688, 0.22777733206748962, 0.22943581640720367, 0.2249879539012909, 0.22481535375118256], "mae": [0.2863932251930237, 0.2844112813472748, 0.283189982175827, 0.28282836079597473, 0.2833765745162964], "mape": [255.61961364746094, 361.7886962890625, 328.0152282714844, 363.45574951171875, 381.51959228515625]}