{"loss": [0.13839146494865417, 0.13484002649784088, 0.132609024643898, 0.12950293719768524, 0.12642808258533478], "mse": [0.13839146494865417, 0.13484002649784088, 0.132609024643898, 0.12950293719768524, 0.12642808258533478], "mae": [0.26962733268737793, 0.2671436369419098, 0.2644217610359192, 0.2607406675815582, 0.2555166184902191], "mape": [144.1044464111328, 135.8702392578125, 132.99942016601562, 143.0363311767578, 143.7169647216797]}