{"loss": [0.1552395224571228, 0.15470288693904877, 0.15149004757404327, 0.1487121284008026, 0.144645094871521], "mse": [0.1552395224571228, 0.15470288693904877, 0.15149004757404327, 0.1487121284008026, 0.144645094871521], "mae": [0.28861677646636963, 0.28780969977378845, 0.2846740186214447, 0.2810671329498291, 0.27638062834739685], "mape": [340.5977783203125, 249.98178100585938, 265.5609436035156, 249.39645385742188, 259.4659729003906]}