{"loss": [0.1201074868440628, 0.11532606184482574, 0.11395583301782608, 0.11280551552772522, 0.10906598716974258], "mse": [0.1201074868440628, 0.11532606184482574, 0.11395583301782608, 0.11280551552772522, 0.10906598716974258], "mae": [0.2629599869251251, 0.2559642493724823, 0.2567644715309143, 0.25294387340545654, 0.24958156049251556], "mape": [117.8914794921875, 115.70902252197266, 109.61335754394531, 99.25692749023438, 106.72818756103516]}