{"loss": [0.08255709707736969, 0.08196115493774414, 0.08029454946517944, 0.08244937658309937, 0.08064667135477066], "mse": [0.08255709707736969, 0.08196115493774414, 0.08029454946517944, 0.08244937658309937, 0.08064667135477066], "mae": [0.22454409301280975, 0.22010043263435364, 0.21816550195217133, 0.2199258953332901, 0.2191023826599121], "mape": [99.99586486816406, 100.5626449584961, 97.32390594482422, 90.96730041503906, 99.24539184570312]}