{"loss": [0.6086738705635071, 0.41066569089889526, 0.3778296411037445, 0.35231325030326843, 0.3319648802280426], "mse": [0.6086738705635071, 0.41066569089889526, 0.3778296411037445, 0.35231325030326843, 0.3319648802280426], "mae": [0.5654770731925964, 0.46122312545776367, 0.44068899750709534, 0.4227124750614166, 0.4149896800518036], "mape": [348.9761047363281, 280.05242919921875, 264.54046630859375, 253.6836700439453, 261.14501953125]}