{"loss": [0.06893107295036316, 0.05421488359570503, 0.062021005898714066, 0.061149962246418, 0.04417625442147255], "mse": [0.06893107295036316, 0.05421488359570503, 0.062021005898714066, 0.061149962246418, 0.04417625442147255], "mae": [0.07128505408763885, 0.06255818903446198, 0.06291064620018005, 0.06566427648067474, 0.059597890824079514], "mape": [177.2073516845703, 117.75787353515625, 161.09751892089844, 145.6183319091797, 181.27664184570312]}