{"loss": [0.08642448484897614, 0.0783725455403328, 0.08546137064695358, 0.07592987269163132, 0.07348090410232544], "mse": [0.08642448484897614, 0.0783725455403328, 0.08546137064695358, 0.07592987269163132, 0.07348090410232544], "mae": [0.08142631500959396, 0.07576615363359451, 0.07602561265230179, 0.07025737315416336, 0.07362275570631027], "mape": [158.75320434570312, 117.6808090209961, 168.36416625976562, 160.03758239746094, 175.42860412597656]}