{"loss": [0.23749291896820068, 0.23335576057434082, 0.22809523344039917, 0.22129115462303162, 0.21969471871852875], "mse": [0.23749291896820068, 0.23335576057434082, 0.22809523344039917, 0.22129115462303162, 0.21969471871852875], "mae": [0.3731023073196411, 0.3694421350955963, 0.3657791018486023, 0.3588011860847473, 0.358399897813797], "mape": [360.1356201171875, 306.8612060546875, 325.5162048339844, 278.1890869140625, 310.69775390625]}