{"loss": [0.20617370307445526, 0.19844523072242737, 0.19271965324878693, 0.1852618157863617, 0.17867355048656464], "mse": [0.20617370307445526, 0.19844523072242737, 0.19271965324878693, 0.1852618157863617, 0.17867355048656464], "mae": [0.3445250391960144, 0.33855879306793213, 0.33119192719459534, 0.3269060254096985, 0.3187500238418579], "mape": [181.1445770263672, 165.9049530029297, 154.28240966796875, 161.85768127441406, 167.4228515625]}