{"loss": [0.09223368018865585, 0.09075668454170227, 0.08941420912742615, 0.09183916449546814, 0.08927405625581741], "mse": [0.09223368018865585, 0.09075668454170227, 0.08941420912742615, 0.09183916449546814, 0.08927405625581741], "mae": [0.2354545146226883, 0.23012100160121918, 0.2284023016691208, 0.23056374490261078, 0.22890885174274445], "mape": [103.68342590332031, 106.32965087890625, 102.05327606201172, 93.99837493896484, 102.93478393554688]}