{"loss": [0.06495628505945206, 0.05835380777716637, 0.05419308319687843, 0.05767105892300606, 0.05018533393740654], "mse": [0.06495628505945206, 0.05835380777716637, 0.05419308319687843, 0.05767105892300606, 0.05018533393740654], "mae": [0.12063315510749817, 0.11384408921003342, 0.11231372505426407, 0.11431791633367538, 0.10968946665525436], "mape": [34.540557861328125, 33.79286575317383, 32.5114631652832, 33.64957809448242, 32.85211944580078]}