{"loss": [0.07616915553808212, 0.07483051717281342, 0.07541418820619583, 0.0747767984867096, 0.07457324117422104], "mse": [0.07616915553808212, 0.07483051717281342, 0.07541418820619583, 0.0747767984867096, 0.07457324117422104], "mae": [0.21291278302669525, 0.21223099529743195, 0.21178805828094482, 0.21188674867153168, 0.21273468434810638], "mape": [4044.544189453125, 4410.2314453125, 6497.84716796875, 6669.49267578125, 5653.7666015625]}