{"loss": [0.10838565230369568, 0.10540619492530823, 0.10639011114835739, 0.10657905042171478, 0.10289739072322845], "mse": [0.10838565230369568, 0.10540619492530823, 0.10639011114835739, 0.10657905042171478, 0.10289739072322845], "mae": [0.25325652956962585, 0.24899794161319733, 0.2497950792312622, 0.2510782778263092, 0.24584844708442688], "mape": [108.95793151855469, 118.48413848876953, 112.42610168457031, 100.84111785888672, 110.57826232910156]}