{"loss": [0.2402941882610321, 0.23933462798595428, 0.2411765158176422, 0.23654963076114655, 0.23657283186912537], "mse": [0.2402941882610321, 0.23933462798595428, 0.2411765158176422, 0.23654963076114655, 0.23657283186912537], "mae": [0.29186439514160156, 0.29022330045700073, 0.28932052850723267, 0.28930702805519104, 0.28980693221092224], "mape": [257.4744873046875, 346.6286926269531, 304.0940246582031, 354.9832458496094, 363.92236328125]}