{"loss": [0.07828900218009949, 0.07002351433038712, 0.06416979432106018, 0.06685788929462433, 0.058666620403528214], "mse": [0.07828900218009949, 0.07002351433038712, 0.06416979432106018, 0.06685788929462433, 0.058666620403528214], "mae": [0.1312239021062851, 0.12373828142881393, 0.12068243324756622, 0.12012498825788498, 0.11722637712955475], "mape": [39.57600784301758, 41.727745056152344, 40.165489196777344, 39.0272216796875, 40.047874450683594]}