{"loss": [0.24113664031028748, 0.24033598601818085, 0.24158383905887604, 0.23716068267822266, 0.23709219694137573], "mse": [0.24113664031028748, 0.24033598601818085, 0.24158383905887604, 0.23716068267822266, 0.23709219694137573], "mae": [0.29425933957099915, 0.29213008284568787, 0.2902902364730835, 0.29117801785469055, 0.29001346230506897], "mape": [238.4575653076172, 279.4875793457031, 239.14219665527344, 254.2067108154297, 249.56764221191406]}