{"loss": [0.08670610189437866, 0.08564798533916473, 0.08530967682600021, 0.08649825304746628, 0.08433342725038528], "mse": [0.08670610189437866, 0.08564798533916473, 0.08530967682600021, 0.08649825304746628, 0.08433342725038528], "mae": [0.22980248928070068, 0.22450865805149078, 0.22562538087368011, 0.22619542479515076, 0.22291675209999084], "mape": [96.63748931884766, 97.89142608642578, 96.63500213623047, 88.53804016113281, 96.8751449584961]}