{"loss": [0.12746483087539673, 0.1273750364780426, 0.12504397332668304, 0.12686273455619812, 0.1259935349225998], "mse": [0.12746483087539673, 0.1273750364780426, 0.12504397332668304, 0.12686273455619812, 0.1259935349225998], "mae": [0.2088710516691208, 0.20965002477169037, 0.20796076953411102, 0.20642337203025818, 0.20762385427951813], "mape": [46.912960052490234, 47.20436096191406, 44.9455680847168, 46.48518371582031, 46.14823532104492]}