{"loss": [0.0620463527739048, 0.05795613303780556, 0.062190525233745575, 0.05541151016950607, 0.05850613862276077], "mse": [0.0620463527739048, 0.05795613303780556, 0.062190525233745575, 0.05541151016950607, 0.05850613862276077], "mae": [0.06692474335432053, 0.06146581470966339, 0.06516209244728088, 0.06055499240756035, 0.06486108154058456], "mape": [57.704898834228516, 47.73304748535156, 50.546730041503906, 45.89335632324219, 51.378990173339844]}