{"loss": [0.16309411823749542, 0.16168130934238434, 0.15884260833263397, 0.15449464321136475, 0.15164810419082642], "mse": [0.16309411823749542, 0.16168130934238434, 0.15884260833263397, 0.15449464321136475, 0.15164810419082642], "mae": [0.2979162633419037, 0.29642629623413086, 0.29119381308555603, 0.2896125316619873, 0.290447860956192], "mape": [298.21844482421875, 234.3316650390625, 270.4200134277344, 187.19056701660156, 200.09640502929688]}