{"loss": [0.200133815407753, 0.19760115444660187, 0.1949833631515503, 0.18974454700946808, 0.18606488406658173], "mse": [0.200133815407753, 0.19760115444660187, 0.1949833631515503, 0.18974454700946808, 0.18606488406658173], "mae": [0.3301580846309662, 0.33207249641418457, 0.32870984077453613, 0.32604584097862244, 0.3240342438220978], "mape": [297.91259765625, 247.8751678466797, 282.3798828125, 209.41458129882812, 225.44174194335938]}