{"loss": [0.33224257826805115, 0.266010046005249, 0.24135644733905792, 0.21367739140987396, 0.18623019754886627], "mse": [0.33224257826805115, 0.266010046005249, 0.24135644733905792, 0.21367739140987396, 0.18623019754886627], "mae": [0.15769262611865997, 0.14175154268741608, 0.13039875030517578, 0.11691393703222275, 0.11122212558984756], "mape": [165.51693725585938, 307.4952087402344, 226.5862579345703, 199.4087371826172, 157.93374633789062]}