{"loss": [0.2330165058374405, 0.23307374119758606, 0.2338494211435318, 0.23037326335906982, 0.22927282750606537], "mse": [0.2330165058374405, 0.23307374119758606, 0.2338494211435318, 0.23037326335906982, 0.22927282750606537], "mae": [0.28871917724609375, 0.2891821265220642, 0.2851766347885132, 0.2857011556625366, 0.28444746136665344], "mape": [246.0472869873047, 281.9482421875, 243.5874481201172, 260.8252258300781, 262.6618957519531]}