{"loss": [0.25771966576576233, 0.2562081813812256, 0.2573736011981964, 0.2519542872905731, 0.2520613968372345], "mse": [0.25771966576576233, 0.2562081813812256, 0.2573736011981964, 0.2519542872905731, 0.2520613968372345], "mae": [0.30095380544662476, 0.29938769340515137, 0.2983817458152771, 0.29839619994163513, 0.29787883162498474], "mape": [243.25241088867188, 279.8913269042969, 241.1405487060547, 249.2054901123047, 248.4787139892578]}