{"loss": [0.524394690990448, 0.39652809500694275, 0.3581315279006958, 0.3343116044998169, 0.31450343132019043], "mse": [0.524394690990448, 0.39652809500694275, 0.3581315279006958, 0.3343116044998169, 0.31450343132019043], "mae": [0.5541979670524597, 0.4874469041824341, 0.4654894769191742, 0.447953462600708, 0.43155980110168457], "mape": [579.4918212890625, 409.63360595703125, 404.1370544433594, 324.5368347167969, 341.9579772949219]}