{"loss": [0.06291435658931732, 0.05756046995520592, 0.06568039208650589, 0.05622688680887222, 0.05912868306040764], "mse": [0.06291435658931732, 0.05756046995520592, 0.06568039208650589, 0.05622688680887222, 0.05912868306040764], "mae": [0.06730400025844574, 0.06158420071005821, 0.06574967503547668, 0.06030788645148277, 0.06264130771160126], "mape": [50.83281707763672, 53.62306594848633, 47.44192123413086, 47.443748474121094, 51.32109069824219]}