{"loss": [0.24887385964393616, 0.24766166508197784, 0.24874165654182434, 0.24384473264217377, 0.24399742484092712], "mse": [0.24887385964393616, 0.24766166508197784, 0.24874165654182434, 0.24384473264217377, 0.24399742484092712], "mae": [0.29739129543304443, 0.29559433460235596, 0.2943149507045746, 0.29475417733192444, 0.29382362961769104], "mape": [239.36573791503906, 278.8959655761719, 240.0465087890625, 251.85202026367188, 249.6031951904297]}