{"loss": [0.11772645264863968, 0.11355922371149063, 0.11362477391958237, 0.11268170177936554, 0.1083495020866394], "mse": [0.11772645264863968, 0.11355922371149063, 0.11362477391958237, 0.11268170177936554, 0.1083495020866394], "mae": [0.2627679109573364, 0.2580816149711609, 0.25765371322631836, 0.2573860287666321, 0.25182071328163147], "mape": [118.25094604492188, 126.30409240722656, 119.1246109008789, 105.64891052246094, 116.8024673461914]}