{"loss": [0.10408692806959152, 0.10147411376237869, 0.10144346207380295, 0.10221750289201736, 0.09933943301439285], "mse": [0.10408692806959152, 0.10147411376237869, 0.10144346207380295, 0.10221750289201736, 0.09933943301439285], "mae": [0.24711500108242035, 0.24177183210849762, 0.2424299716949463, 0.24206691980361938, 0.23965920507907867], "mape": [105.66222381591797, 110.61933898925781, 106.96231842041016, 97.16188049316406, 107.32231903076172]}