{"loss": [0.06891871988773346, 0.06417810916900635, 0.06847579777240753, 0.05954469367861748, 0.06262662261724472], "mse": [0.06891871988773346, 0.06417810916900635, 0.06847579777240753, 0.05954469367861748, 0.06262662261724472], "mae": [0.07158774137496948, 0.06570307910442352, 0.06816520541906357, 0.06309845298528671, 0.06502950191497803], "mape": [51.737056732177734, 53.75617599487305, 49.090091705322266, 46.64852523803711, 50.80167007446289]}