{"loss": [0.08564228564500809, 0.0847802609205246, 0.08317729830741882, 0.08552301675081253, 0.08339940756559372], "mse": [0.08564228564500809, 0.0847802609205246, 0.08317729830741882, 0.08552301675081253, 0.08339940756559372], "mae": [0.22797586023807526, 0.2234225869178772, 0.22122971713542938, 0.22342701256275177, 0.2220669835805893], "mape": [100.98114013671875, 102.3532943725586, 98.58744812011719, 91.78807067871094, 99.7413558959961]}