{"loss": [0.2009592205286026, 0.19487576186656952, 0.19485045969486237, 0.19114738702774048, 0.18779827654361725], "mse": [0.2009592205286026, 0.19487576186656952, 0.19485045969486237, 0.19114738702774048, 0.18779827654361725], "mae": [0.3298366963863373, 0.32330450415611267, 0.3279116153717041, 0.3233588635921478, 0.3209954500198364], "mape": [229.75918579101562, 232.3386688232422, 219.77879333496094, 219.75543212890625, 223.90487670898438]}