{"loss": [0.10073859244585037, 0.09755000472068787, 0.09662284702062607, 0.09616442769765854, 0.09522811323404312], "mse": [0.10073859244585037, 0.09755000472068787, 0.09662284702062607, 0.09616442769765854, 0.09522811323404312], "mae": [0.24187736213207245, 0.2391754537820816, 0.2357373684644699, 0.2361597716808319, 0.23744672536849976], "mape": [2209.402099609375, 2261.89501953125, 2948.68408203125, 2766.4462890625, 1317.310546875]}