{"loss": [0.09912269562482834, 0.097370445728302, 0.09806706756353378, 0.09941058605909348, 0.09608869254589081], "mse": [0.09912269562482834, 0.097370445728302, 0.09806706756353378, 0.09941058605909348, 0.09608869254589081], "mae": [0.24374128878116608, 0.2396848201751709, 0.24071457982063293, 0.2419109046459198, 0.23803739249706268], "mape": [100.7298583984375, 111.46260833740234, 105.81433868408203, 95.6848373413086, 104.82966613769531]}