{"loss": [0.08241696655750275, 0.08192472904920578, 0.08102213591337204, 0.08191656321287155, 0.07873224467039108], "mse": [0.08241696655750275, 0.08192472904920578, 0.08102213591337204, 0.08191656321287155, 0.07873224467039108], "mae": [0.2179059386253357, 0.21460600197315216, 0.2142806351184845, 0.21422800421714783, 0.21244755387306213], "mape": [64.78327178955078, 63.57331848144531, 65.64803314208984, 67.9730453491211, 63.49488830566406]}