{"loss": [0.2330165058374405, 0.23307375609874725, 0.2338494211435318, 0.2303732931613922, 0.22927282750606537], "mse": [0.2330165058374405, 0.23307375609874725, 0.2338494211435318, 0.2303732931613922, 0.22927282750606537], "mae": [0.28871917724609375, 0.28918206691741943, 0.2851766347885132, 0.2857011556625366, 0.2844475209712982], "mape": [246.04727172851562, 281.9482421875, 243.5874481201172, 260.8252258300781, 262.6618957519531]}