{"loss": [0.10481872409582138, 0.10324627161026001, 0.10271919518709183, 0.09957113862037659, 0.09965077042579651], "mse": [0.10481872409582138, 0.10324627161026001, 0.10271919518709183, 0.09957113862037659, 0.09965077042579651], "mae": [0.23272669315338135, 0.23012298345565796, 0.22925174236297607, 0.22483401000499725, 0.22410959005355835], "mape": [112.78794860839844, 102.97172546386719, 116.17478942871094, 109.62905883789062, 113.37419891357422]}