{"loss": [0.23929546773433685, 0.22820298373699188, 0.2267889827489853, 0.22090812027454376, 0.21425305306911469], "mse": [0.23929546773433685, 0.22820298373699188, 0.2267889827489853, 0.22090812027454376, 0.21425305306911469], "mae": [0.3543647229671478, 0.346343994140625, 0.34500953555107117, 0.3396119177341461, 0.3358666002750397], "mape": [247.84671020507812, 251.01187133789062, 232.69659423828125, 222.7464141845703, 229.148193359375]}