{"loss": [0.08439651131629944, 0.0837036520242691, 0.08298425376415253, 0.08384787291288376, 0.08066115528345108], "mse": [0.08439651131629944, 0.0837036520242691, 0.08298425376415253, 0.08384787291288376, 0.08066115528345108], "mae": [0.22073866426944733, 0.21716877818107605, 0.2169094979763031, 0.2170601785182953, 0.21493525803089142], "mape": [65.67143249511719, 64.73613739013672, 66.18866729736328, 68.49826049804688, 64.31427001953125]}