{"loss": [0.030601773411035538, 0.021704865619540215, 0.026442157104611397, 0.03840707987546921, 0.023777402937412262], "mse": [0.030601773411035538, 0.021704865619540215, 0.026442157104611397, 0.03840707987546921, 0.023777402937412262], "mae": [0.050711099058389664, 0.043581634759902954, 0.046520620584487915, 0.05507921800017357, 0.04811682552099228], "mape": [168.78622436523438, 132.15367126464844, 160.49441528320312, 147.1977996826172, 158.9403076171875]}