{"loss": [0.31454312801361084, 0.2585256099700928, 0.23596391081809998, 0.21509648859500885, 0.17918194830417633], "mse": [0.31454312801361084, 0.2585256099700928, 0.23596391081809998, 0.21509648859500885, 0.17918194830417633], "mae": [0.1532639116048813, 0.13845250010490417, 0.12830856442451477, 0.12235706299543381, 0.11550702154636383], "mape": [68.44219970703125, 93.692138671875, 74.81102752685547, 67.63814544677734, 62.987178802490234]}