{"loss": [0.2398492395877838, 0.2398052215576172, 0.2404479831457138, 0.23664134740829468, 0.23575462400913239], "mse": [0.2398492395877838, 0.2398052215576172, 0.2404479831457138, 0.23664134740829468, 0.23575462400913239], "mae": [0.29269129037857056, 0.29287075996398926, 0.2897627651691437, 0.2895391285419464, 0.2885400056838989], "mape": [245.50205993652344, 280.7600402832031, 242.85458374023438, 257.6075744628906, 260.5609436035156]}