{"loss": [0.528725802898407, 0.3795854449272156, 0.33764609694480896, 0.3125484585762024, 0.2937909662723541], "mse": [0.528725802898407, 0.3795854449272156, 0.33764609694480896, 0.3125484585762024, 0.2937909662723541], "mae": [0.5471958518028259, 0.46817708015441895, 0.44317129254341125, 0.4285041391849518, 0.4133882224559784], "mape": [281.2797546386719, 235.67405700683594, 219.4600830078125, 219.40464782714844, 214.61973571777344]}