{"loss": [0.11561734229326248, 0.1151311844587326, 0.11316157132387161, 0.11469381302595139, 0.11434483528137207], "mse": [0.11561734229326248, 0.1151311844587326, 0.11316157132387161, 0.11469381302595139, 0.11434483528137207], "mae": [0.2006521075963974, 0.1998288631439209, 0.19990947842597961, 0.19723209738731384, 0.20034350454807281], "mape": [44.522743225097656, 44.29367446899414, 42.801116943359375, 43.85944747924805, 44.31395721435547]}