{"loss": [0.12820185720920563, 0.1281592696905136, 0.12605848908424377, 0.12773488461971283, 0.12712377309799194], "mse": [0.12820185720920563, 0.1281592696905136, 0.12605848908424377, 0.12773488461971283, 0.12712377309799194], "mae": [0.21038444340229034, 0.21124722063541412, 0.2090359479188919, 0.20751500129699707, 0.20914296805858612], "mape": [47.10786056518555, 47.40877151489258, 45.23073196411133, 46.710086822509766, 46.46776580810547]}