{"loss": [0.14652244746685028, 0.13830481469631195, 0.13880519568920135, 0.13396044075489044, 0.13164326548576355], "mse": [0.14652244746685028, 0.13830481469631195, 0.13880519568920135, 0.13396044075489044, 0.13164326548576355], "mae": [0.28571805357933044, 0.27294814586639404, 0.27195680141448975, 0.26556164026260376, 0.2656494677066803], "mape": [205.4574737548828, 205.43112182617188, 196.93887329101562, 212.4739990234375, 205.55831909179688]}