{"loss": [0.07985279709100723, 0.08031070232391357, 0.0789918452501297, 0.08068332821130753, 0.07820189744234085], "mse": [0.07985279709100723, 0.08031070232391357, 0.0789918452501297, 0.08068332821130753, 0.07820189744234085], "mae": [0.21447505056858063, 0.2121376395225525, 0.21251322329044342, 0.21504460275173187, 0.21189412474632263], "mape": [64.40321350097656, 64.8765640258789, 65.73715209960938, 67.39717864990234, 66.96611022949219]}