{"loss": [0.26722702383995056, 0.25964444875717163, 0.2594522535800934, 0.254108190536499, 0.24789704382419586], "mse": [0.26722702383995056, 0.25964444875717163, 0.2594522535800934, 0.254108190536499, 0.24789704382419586], "mae": [0.37411168217658997, 0.3661225736141205, 0.36797648668289185, 0.36046716570854187, 0.35992029309272766], "mape": [235.0740509033203, 227.4376678466797, 231.60523986816406, 224.59474182128906, 226.07798767089844]}