{"loss": [0.08518622815608978, 0.0854790210723877, 0.08415059745311737, 0.08570750057697296, 0.08328871428966522], "mse": [0.08518622815608978, 0.0854790210723877, 0.08415059745311737, 0.08570750057697296, 0.08328871428966522], "mae": [0.22194358706474304, 0.21963965892791748, 0.2190554440021515, 0.2218674123287201, 0.21964342892169952], "mape": [66.98713684082031, 67.09520721435547, 68.59075164794922, 70.24468994140625, 70.09612274169922]}