{"loss": [0.3145431578159332, 0.25852563977241516, 0.23596397042274475, 0.21509647369384766, 0.17918196320533752], "mse": [0.3145431578159332, 0.25852563977241516, 0.23596397042274475, 0.21509647369384766, 0.17918196320533752], "mae": [0.1532638818025589, 0.13845248520374298, 0.12830860912799835, 0.1223570704460144, 0.11550699174404144], "mape": [68.44219207763672, 93.692138671875, 74.81100463867188, 67.63812255859375, 62.98714828491211]}