{"loss": [0.09771832823753357, 0.09666010737419128, 0.09535426646471024, 0.0954974964261055, 0.09363473206758499], "mse": [0.09771832823753357, 0.09666010737419128, 0.09535426646471024, 0.0954974964261055, 0.09363473206758499], "mae": [0.2394782304763794, 0.23651830852031708, 0.23439519107341766, 0.23407258093357086, 0.23409920930862427], "mape": [73.244384765625, 71.64920806884766, 73.9814453125, 75.99561309814453, 75.04066467285156]}