{"loss": [0.13108395040035248, 0.13062742352485657, 0.12810267508029938, 0.12986239790916443, 0.12887047231197357], "mse": [0.13108395040035248, 0.13062742352485657, 0.12810267508029938, 0.12986239790916443, 0.12887047231197357], "mae": [0.21159683167934418, 0.21176350116729736, 0.21037670969963074, 0.20873337984085083, 0.21001280844211578], "mape": [47.65732192993164, 47.81709671020508, 45.648101806640625, 47.09806442260742, 46.679595947265625]}