{"loss": [0.2201855331659317, 0.220114603638649, 0.2205929309129715, 0.21716666221618652, 0.21623201668262482], "mse": [0.2201855331659317, 0.220114603638649, 0.2205929309129715, 0.21716666221618652, 0.21623201668262482], "mae": [0.28082308173179626, 0.2808598279953003, 0.27650558948516846, 0.27849578857421875, 0.27688702940940857], "mape": [246.8590850830078, 284.1679382324219, 241.27139282226562, 262.8419494628906, 262.3765563964844]}