{"loss": [0.089399553835392, 0.08804493397474289, 0.08781712502241135, 0.08906784653663635, 0.08678309619426727], "mse": [0.089399553835392, 0.08804493397474289, 0.08781712502241135, 0.08906784653663635, 0.08678309619426727], "mae": [0.23308901488780975, 0.22753138840198517, 0.2288908213376999, 0.229129359126091, 0.22603654861450195], "mape": [97.76679992675781, 98.68592834472656, 97.30474090576172, 88.67975616455078, 97.14566040039062]}