{"loss": [0.14916309714317322, 0.10529831796884537, 0.08864179253578186, 0.08540070056915283, 0.07474721223115921], "mse": [0.14916309714317322, 0.10529831796884537, 0.08864179253578186, 0.08540070056915283, 0.07474721223115921], "mae": [0.1699259728193283, 0.143368661403656, 0.1326548010110855, 0.13038185238838196, 0.12446124106645584], "mape": [49.54803466796875, 42.88148498535156, 40.597408294677734, 39.90913772583008, 40.31060028076172]}