{"loss": [0.1226261556148529, 0.12245921045541763, 0.12036670744419098, 0.12162601947784424, 0.12133189290761948], "mse": [0.1226261556148529, 0.12245921045541763, 0.12036670744419098, 0.12162601947784424, 0.12133189290761948], "mae": [0.2056317776441574, 0.20645809173583984, 0.20474553108215332, 0.2023986130952835, 0.20499105751514435], "mape": [45.85948181152344, 46.147483825683594, 44.1368522644043, 45.40094757080078, 45.53696823120117]}