{"loss": [0.12665098905563354, 0.10187746584415436, 0.08808426558971405, 0.08707666397094727, 0.07639145106077194], "mse": [0.12665098905563354, 0.10187746584415436, 0.08808426558971405, 0.08707666397094727, 0.07639145106077194], "mae": [0.15683595836162567, 0.14009876549243927, 0.1321074217557907, 0.13212239742279053, 0.12668076157569885], "mape": [44.68939971923828, 39.60032272338867, 39.47112274169922, 38.35003662109375, 34.66411590576172]}