{"loss": [0.11935476213693619, 0.11882485449314117, 0.11684267222881317, 0.11807409673929214, 0.11793500930070877], "mse": [0.11935476213693619, 0.11882485449314117, 0.11684267222881317, 0.11807409673929214, 0.11793500930070877], "mae": [0.2030026614665985, 0.20319312810897827, 0.20238181948661804, 0.1999400109052658, 0.202820286154747], "mape": [45.24028778076172, 45.256324768066406, 43.566776275634766, 44.600486755371094, 44.898582458496094]}