{"loss": [0.24629747867584229, 0.2400447577238083, 0.2402600347995758, 0.2344752550125122, 0.22883959114551544], "mse": [0.24629747867584229, 0.2400447577238083, 0.2402600347995758, 0.2344752550125122, 0.22883959114551544], "mae": [0.35814380645751953, 0.3514246940612793, 0.35272306203842163, 0.3463553190231323, 0.3462753891944885], "mape": [228.1475830078125, 223.02667236328125, 225.55088806152344, 218.071533203125, 219.90171813964844]}