{"loss": [0.24066071212291718, 0.2369108945131302, 0.23282457888126373, 0.2289675772190094, 0.2242797464132309], "mse": [0.24066071212291718, 0.2369108945131302, 0.23282457888126373, 0.2289675772190094, 0.2242797464132309], "mae": [0.3722694218158722, 0.3708849847316742, 0.3660919964313507, 0.3654397428035736, 0.36147716641426086], "mape": [327.4499816894531, 296.4013366699219, 317.9521484375, 272.0815734863281, 279.4678039550781]}