{"loss": [0.11290521919727325, 0.11232832819223404, 0.1105770692229271, 0.11219917982816696, 0.1117541715502739], "mse": [0.11290521919727325, 0.11232832819223404, 0.1105770692229271, 0.11219917982816696, 0.1117541715502739], "mae": [0.1984444260597229, 0.19744448363780975, 0.19793210923671722, 0.19516728818416595, 0.1981717050075531], "mape": [44.01366424560547, 43.60774230957031, 42.465606689453125, 43.261566162109375, 43.70387268066406]}