{"loss": [0.0935545489192009, 0.0928797572851181, 0.09098557382822037, 0.09224683791399002, 0.08991072326898575], "mse": [0.0935545489192009, 0.0928797572851181, 0.09098557382822037, 0.09224683791399002, 0.08991072326898575], "mae": [0.23396015167236328, 0.23101133108139038, 0.22871153056621552, 0.2306433916091919, 0.22892650961875916], "mape": [69.02861785888672, 70.33827209472656, 71.01689147949219, 72.22977447509766, 71.91707611083984]}