{"loss": [0.12071032077074051, 0.11888868361711502, 0.1187884584069252, 0.11551021784543991, 0.11566292494535446], "mse": [0.12071032077074051, 0.11888868361711502, 0.1187884584069252, 0.11551021784543991, 0.11566292494535446], "mae": [0.2512185871601105, 0.2442101687192917, 0.24379941821098328, 0.24178554117679596, 0.24244694411754608], "mape": [143.30291748046875, 137.3406982421875, 137.7754669189453, 138.0941162109375, 145.94650268554688]}