{"loss": [0.2102195918560028, 0.20519039034843445, 0.2039390206336975, 0.19904030859470367, 0.1931689977645874], "mse": [0.2102195918560028, 0.20519039034843445, 0.2039390206336975, 0.19904030859470367, 0.1931689977645874], "mae": [0.3318907916545868, 0.32689571380615234, 0.3273880183696747, 0.32225584983825684, 0.3187338411808014], "mape": [213.16433715820312, 210.54043579101562, 209.51295471191406, 203.4838409423828, 202.8367156982422]}