{"loss": [0.15422675013542175, 0.14916129410266876, 0.14834479987621307, 0.14495070278644562, 0.1427283138036728], "mse": [0.15422675013542175, 0.14916129410266876, 0.14834479987621307, 0.14495070278644562, 0.1427283138036728], "mae": [0.29135650396347046, 0.28628674149513245, 0.29063165187835693, 0.2850419282913208, 0.2838735580444336], "mape": [215.8168182373047, 214.35618591308594, 194.3555908203125, 199.93515014648438, 204.99310302734375]}