{"loss": [0.06495629251003265, 0.058353815227746964, 0.054193075746297836, 0.05767105892300606, 0.05018532648682594], "mse": [0.06495629251003265, 0.058353815227746964, 0.054193075746297836, 0.05767105892300606, 0.05018532648682594], "mae": [0.12063317000865936, 0.11384410411119461, 0.11231374740600586, 0.11431792378425598, 0.10968940705060959], "mape": [34.540557861328125, 33.792869567871094, 32.511451721191406, 33.64958572387695, 32.85212707519531]}