{"loss": [0.10813010483980179, 0.1063920184969902, 0.10505367815494537, 0.10328696668148041, 0.10253676772117615], "mse": [0.10813010483980179, 0.1063920184969902, 0.10505367815494537, 0.10328696668148041, 0.10253676772117615], "mae": [0.23006682097911835, 0.2279694676399231, 0.22751720249652863, 0.22540098428726196, 0.2227236032485962], "mape": [133.8721923828125, 120.17647552490234, 120.5989761352539, 132.23890686035156, 136.69638061523438]}