{"loss": [0.49837684631347656, 0.3614066541194916, 0.3192507326602936, 0.2893514335155487, 0.2684807777404785], "mse": [0.49837684631347656, 0.3614066541194916, 0.3192507326602936, 0.2893514335155487, 0.2684807777404785], "mae": [0.5420135855674744, 0.46366646885871887, 0.4338836967945099, 0.4173530638217926, 0.4004150629043579], "mape": [266.38775634765625, 227.5591583251953, 215.08999633789062, 224.3254852294922, 221.09275817871094]}