{"loss": [0.5571702122688293, 0.40121620893478394, 0.36257198452949524, 0.3384261131286621, 0.32822081446647644], "mse": [0.5571702122688293, 0.40121620893478394, 0.36257198452949524, 0.3384261131286621, 0.32822081446647644], "mae": [0.5748046636581421, 0.4900837540626526, 0.4670970141887665, 0.4503675699234009, 0.44228214025497437], "mape": [333.2691650390625, 362.73834228515625, 376.4640197753906, 309.05517578125, 362.5744323730469]}