{"loss": [0.294531911611557, 0.29145780205726624, 0.29060274362564087, 0.2839018404483795, 0.28148576617240906], "mse": [0.294531911611557, 0.29145780205726624, 0.29060274362564087, 0.2839018404483795, 0.28148576617240906], "mae": [0.31965577602386475, 0.3186182975769043, 0.3150594234466553, 0.31381598114967346, 0.31335994601249695], "mape": [278.9990539550781, 303.4462890625, 260.87060546875, 269.8345031738281, 259.8446044921875]}