{"loss": [0.08518624305725098, 0.0854790210723877, 0.08415059745311737, 0.08570749312639236, 0.08328871428966522], "mse": [0.08518624305725098, 0.0854790210723877, 0.08415059745311737, 0.08570749312639236, 0.08328871428966522], "mae": [0.22194355726242065, 0.21963967382907867, 0.21905547380447388, 0.22186744213104248, 0.2196434587240219], "mape": [66.98715209960938, 67.09521484375, 68.59075164794922, 70.24468994140625, 70.09613037109375]}