{"loss": [0.05730544403195381, 0.05402236431837082, 0.05272776633501053, 0.056592125445604324, 0.051150646060705185], "mse": [0.05730544403195381, 0.05402236431837082, 0.05272776633501053, 0.056592125445604324, 0.051150646060705185], "mae": [0.11695298552513123, 0.11139955371618271, 0.11083226650953293, 0.11224540323019028, 0.1083821952342987], "mape": [35.83644104003906, 35.255802154541016, 35.887351989746094, 33.85539627075195, 32.8663215637207]}