{"loss": [0.25771966576576233, 0.2562081217765808, 0.25737354159355164, 0.2519542872905731, 0.2520613968372345], "mse": [0.25771966576576233, 0.2562081217765808, 0.25737354159355164, 0.2519542872905731, 0.2520613968372345], "mae": [0.30095377564430237, 0.29938772320747375, 0.2983817160129547, 0.2983962595462799, 0.29787880182266235], "mape": [243.25241088867188, 279.89129638671875, 241.1405792236328, 249.20553588867188, 248.4787139892578]}