{"loss": [0.11862927675247192, 0.1183435395359993, 0.11617247760295868, 0.11764153093099594, 0.11725941300392151], "mse": [0.11862927675247192, 0.1183435395359993, 0.11617247760295868, 0.11764153093099594, 0.11725941300392151], "mae": [0.20288005471229553, 0.20238055288791656, 0.20199964940547943, 0.1992773562669754, 0.20251765847206116], "mape": [45.05274200439453, 45.0374870300293, 43.317596435546875, 44.47808074951172, 44.8887825012207]}