{"loss": [0.16952265799045563, 0.16430829465389252, 0.1638573855161667, 0.16012762486934662, 0.1574171632528305], "mse": [0.16952265799045563, 0.16430829465389252, 0.1638573855161667, 0.16012762486934662, 0.1574171632528305], "mae": [0.3036928176879883, 0.2980000674724579, 0.3034099340438843, 0.29869064688682556, 0.2963756322860718], "mape": [222.0042266845703, 220.05499267578125, 203.82899475097656, 206.93348693847656, 213.21197509765625]}