{"loss": [0.09544578939676285, 0.09343232959508896, 0.09337297081947327, 0.09452632069587708, 0.09211039543151855], "mse": [0.09544578939676285, 0.09343232959508896, 0.09337297081947327, 0.09452632069587708, 0.09211039543151855], "mae": [0.24016733467578888, 0.23354768753051758, 0.23540695011615753, 0.23541007936000824, 0.23220300674438477], "mape": [100.4057846069336, 100.57272338867188, 98.90062713623047, 90.59778594970703, 97.8258285522461]}