{"loss": [0.03818046674132347, 0.03494647890329361, 0.03084358386695385, 0.03737636283040047, 0.029863553121685982], "mse": [0.03818046674132347, 0.03494647890329361, 0.03084358386695385, 0.03737636283040047, 0.029863553121685982], "mae": [0.0955723375082016, 0.09132146090269089, 0.0863015279173851, 0.09326115250587463, 0.08738048374652863], "mape": [30.64852523803711, 30.213024139404297, 28.77350425720215, 29.330554962158203, 30.42505645751953]}