{"loss": [0.0748395323753357, 0.07370051741600037, 0.07374714314937592, 0.07397965341806412, 0.07309316843748093], "mse": [0.0748395323753357, 0.07370051741600037, 0.07374714314937592, 0.07397965341806412, 0.07309316843748093], "mae": [0.21016287803649902, 0.21065598726272583, 0.20782442390918732, 0.20920754969120026, 0.2108364850282669], "mape": [423.2716064453125, 2171.317626953125, 5257.31005859375, 4517.3408203125, 4408.83251953125]}