{"loss": [0.2577196955680847, 0.2562081515789032, 0.2573736011981964, 0.25195425748825073, 0.2520613968372345], "mse": [0.2577196955680847, 0.2562081515789032, 0.2573736011981964, 0.25195425748825073, 0.2520613968372345], "mae": [0.30095377564430237, 0.29938772320747375, 0.2983817160129547, 0.29839617013931274, 0.29787877202033997], "mape": [243.2523956298828, 279.8913269042969, 241.1405487060547, 249.2055206298828, 248.47872924804688]}