{"loss": [0.27770712971687317, 0.26223576068878174, 0.2510805130004883, 0.23830798268318176, 0.2305339127779007], "mse": [0.27770712971687317, 0.26223576068878174, 0.2510805130004883, 0.23830798268318176, 0.2305339127779007], "mae": [0.4024909436702728, 0.3899698555469513, 0.3800891041755676, 0.3718152344226837, 0.36254066228866577], "mape": [207.02456665039062, 195.6686248779297, 194.7583770751953, 188.8660430908203, 194.24305725097656]}