{"loss": [0.3108646869659424, 0.30069226026535034, 0.29128730297088623, 0.2814595699310303, 0.2792316675186157], "mse": [0.3108646869659424, 0.30069226026535034, 0.29128730297088623, 0.2814595699310303, 0.2792316675186157], "mae": [0.43098077178001404, 0.42360180616378784, 0.41894039511680603, 0.4106818735599518, 0.40992802381515503], "mape": [373.2970886230469, 358.55389404296875, 375.2128601074219, 316.7820129394531, 353.776611328125]}