{"loss": [0.3858122229576111, 0.33555155992507935, 0.3206440210342407, 0.3085247576236725, 0.30061987042427063], "mse": [0.3858122229576111, 0.33555155992507935, 0.3206440210342407, 0.3085247576236725, 0.30061987042427063], "mae": [0.37504491209983826, 0.3476959764957428, 0.33574211597442627, 0.3296605944633484, 0.3252541720867157], "mape": [389.92279052734375, 361.9686584472656, 302.5208435058594, 310.22509765625, 285.5038146972656]}