{"loss": [0.05598148703575134, 0.04793664813041687, 0.044994134455919266, 0.04677931219339371, 0.04078592732548714], "mse": [0.05598148703575134, 0.04793664813041687, 0.044994134455919266, 0.04677931219339371, 0.04078592732548714], "mae": [0.11634909361600876, 0.10542361438274384, 0.10290239006280899, 0.10288511961698532, 0.10220617055892944], "mape": [37.76869201660156, 37.75529861450195, 33.85906982421875, 36.090946197509766, 35.943389892578125]}