{"loss": [0.13271166384220123, 0.1321495920419693, 0.12975221872329712, 0.13146521151065826, 0.13051797449588776], "mse": [0.13271166384220123, 0.1321495920419693, 0.12975221872329712, 0.13146521151065826, 0.13051797449588776], "mae": [0.21354416012763977, 0.21350280940532684, 0.21204033493995667, 0.21010759472846985, 0.2117536962032318], "mape": [48.10275650024414, 48.224613189697266, 46.125160217285156, 47.46761703491211, 47.13284683227539]}