{"loss": [0.07818853855133057, 0.07662499696016312, 0.07727488875389099, 0.07676536589860916, 0.07640612125396729], "mse": [0.07818853855133057, 0.07662499696016312, 0.07727488875389099, 0.07676536589860916, 0.07640612125396729], "mae": [0.2157546579837799, 0.2142847627401352, 0.21428510546684265, 0.21455468237400055, 0.21533074975013733], "mape": [4666.0478515625, 5211.77783203125, 7225.29248046875, 7231.4775390625, 6447.5810546875]}