{"loss": [0.27770721912384033, 0.26223576068878174, 0.2510805130004883, 0.23830798268318176, 0.2305338829755783], "mse": [0.27770721912384033, 0.26223576068878174, 0.2510805130004883, 0.23830798268318176, 0.2305338829755783], "mae": [0.4024909436702728, 0.3899698257446289, 0.38008904457092285, 0.37181535363197327, 0.36254069209098816], "mape": [207.0245819091797, 195.66864013671875, 194.7584228515625, 188.8660430908203, 194.2430877685547]}