{"loss": [0.19179317355155945, 0.18742841482162476, 0.18395887315273285, 0.1764267086982727, 0.17544876039028168], "mse": [0.19179317355155945, 0.18742841482162476, 0.18395887315273285, 0.1764267086982727, 0.17544876039028168], "mae": [0.32824158668518066, 0.32222872972488403, 0.31463584303855896, 0.31004276871681213, 0.30937597155570984], "mape": [184.00962829589844, 171.1444091796875, 171.08164978027344, 167.63299560546875, 179.83631896972656]}