{"loss": [0.11862927675247192, 0.1183435320854187, 0.11617245525121689, 0.11764152348041534, 0.11725936084985733], "mse": [0.11862927675247192, 0.1183435320854187, 0.11617245525121689, 0.11764152348041534, 0.11725936084985733], "mae": [0.20288003981113434, 0.20238055288791656, 0.20199960470199585, 0.19927732646465302, 0.20251764357089996], "mape": [45.05276107788086, 45.03749465942383, 43.31760025024414, 44.47809982299805, 44.88878631591797]}