{"loss": [0.18625488877296448, 0.1842331737279892, 0.18147170543670654, 0.176596000790596, 0.17329470813274384], "mse": [0.18625488877296448, 0.1842331737279892, 0.18147170543670654, 0.176596000790596, 0.17329470813274384], "mae": [0.3176003694534302, 0.318187415599823, 0.3148159086704254, 0.3124629557132721, 0.3116109073162079], "mape": [298.0920104980469, 246.8193359375, 279.88543701171875, 204.9452362060547, 220.1531982421875]}