{"loss": [0.26001277565956116, 0.2558329701423645, 0.25014665722846985, 0.24446141719818115, 0.2372683733701706], "mse": [0.26001277565956116, 0.2558329701423645, 0.25014665722846985, 0.24446141719818115, 0.2372683733701706], "mae": [0.38914451003074646, 0.3901240825653076, 0.3851880133152008, 0.37964382767677307, 0.37247923016548157], "mape": [339.81103515625, 265.1492004394531, 324.7740173339844, 247.97276306152344, 263.9945983886719]}