{"loss": [0.036485832184553146, 0.0401548407971859, 0.03968726098537445, 0.034095462411642075, 0.02674460969865322], "mse": [0.036485832184553146, 0.0401548407971859, 0.03968726098537445, 0.034095462411642075, 0.02674460969865322], "mae": [0.05428861081600189, 0.05531476438045502, 0.05758334696292877, 0.05037998408079147, 0.05017030984163284], "mape": [54.50579833984375, 46.67064666748047, 48.820884704589844, 45.13174819946289, 47.926753997802734]}