{"loss": [0.17691390216350555, 0.17510952055454254, 0.17212410271167755, 0.17007124423980713, 0.16651174426078796], "mse": [0.17691390216350555, 0.17510952055454254, 0.17212410271167755, 0.17007124423980713, 0.16651174426078796], "mae": [0.3098956048488617, 0.3117057681083679, 0.30796030163764954, 0.30803197622299194, 0.3072721064090729], "mape": [272.312744140625, 204.8847198486328, 241.4735107421875, 172.2189483642578, 206.66043090820312]}