{"loss": [0.12023606151342392, 0.11532849073410034, 0.11496959626674652, 0.11386817693710327, 0.10961756110191345], "mse": [0.12023606151342392, 0.11532849073410034, 0.11496959626674652, 0.11386817693710327, 0.10961756110191345], "mae": [0.2629561424255371, 0.2570314407348633, 0.2570459544658661, 0.2530335783958435, 0.25064608454704285], "mape": [111.35889434814453, 114.91259765625, 110.7613754272461, 99.06539916992188, 110.64649963378906]}