{"loss": [0.12615950405597687, 0.12328416109085083, 0.12141714245080948, 0.11865619570016861, 0.11634639650583267], "mse": [0.12615950405597687, 0.12328416109085083, 0.12141714245080948, 0.11865619570016861, 0.11634639650583267], "mae": [0.25455325841903687, 0.2519093453884125, 0.2504289448261261, 0.24634554982185364, 0.24170951545238495], "mape": [139.75006103515625, 130.4632568359375, 130.09420776367188, 139.46194458007812, 138.87351989746094]}