{"loss": [0.06733584403991699, 0.06348308175802231, 0.06855559349060059, 0.05828684940934181, 0.06746115535497665], "mse": [0.06733584403991699, 0.06348308175802231, 0.06855559349060059, 0.05828684940934181, 0.06746115535497665], "mae": [0.06981999427080154, 0.0647171139717102, 0.06885828822851181, 0.06297558546066284, 0.0687413215637207], "mape": [57.62647247314453, 46.89497756958008, 49.944252014160156, 46.88938903808594, 51.8001594543457]}