{"loss": [0.18966318666934967, 0.18728092312812805, 0.18474465608596802, 0.18199977278709412, 0.17839625477790833], "mse": [0.18966318666934967, 0.18728092312812805, 0.18474465608596802, 0.18199977278709412, 0.17839625477790833], "mae": [0.32356444001197815, 0.3228146731853485, 0.3200353980064392, 0.320098876953125, 0.3190937936306], "mape": [282.8039855957031, 221.96124267578125, 264.07177734375, 199.24391174316406, 224.46490478515625]}