{"loss": [0.0451374389231205, 0.04489802569150925, 0.04494999349117279, 0.03954830765724182, 0.03344095125794411], "mse": [0.0451374389231205, 0.04489802569150925, 0.04494999349117279, 0.03954830765724182, 0.03344095125794411], "mae": [0.06088123470544815, 0.05764874070882797, 0.058481454849243164, 0.052495475858449936, 0.05439639091491699], "mape": [57.065895080566406, 49.45401382446289, 49.41395568847656, 44.36001968383789, 48.72758102416992]}