{"loss": [0.07716993987560272, 0.07526486366987228, 0.07568502426147461, 0.07555539906024933, 0.07470668107271194], "mse": [0.07716993987560272, 0.07526486366987228, 0.07568502426147461, 0.07555539906024933, 0.07470668107271194], "mae": [0.2145494520664215, 0.2134869396686554, 0.21150144934654236, 0.21326704323291779, 0.21345065534114838], "mape": [1587.978759765625, 2453.98388671875, 3487.82666015625, 2527.303466796875, 2669.767578125]}