{"loss": [0.12023605406284332, 0.11532849818468094, 0.11496958881616592, 0.11386819183826447, 0.10961759090423584], "mse": [0.12023605406284332, 0.11532849818468094, 0.11496958881616592, 0.11386819183826447, 0.10961759090423584], "mae": [0.2629561722278595, 0.25703147053718567, 0.2570458948612213, 0.2530335783958435, 0.25064611434936523], "mape": [111.3589096069336, 114.91259765625, 110.7613525390625, 99.06541442871094, 110.64652252197266]}