{"loss": [0.06815232336521149, 0.05956779047846794, 0.05563298240303993, 0.058235082775354385, 0.05052923411130905], "mse": [0.06815232336521149, 0.05956779047846794, 0.05563298240303993, 0.058235082775354385, 0.05052923411130905], "mae": [0.1254308670759201, 0.11665479093790054, 0.1140274628996849, 0.11327764391899109, 0.11129787564277649], "mape": [39.16561508178711, 40.57691192626953, 38.11681365966797, 38.29793930053711, 38.64215850830078]}