{"loss": [0.17456404864788055, 0.16938714683055878, 0.16561859846115112, 0.16100773215293884, 0.15616366267204285], "mse": [0.17456404864788055, 0.16938714683055878, 0.16561859846115112, 0.16100773215293884, 0.15616366267204285], "mae": [0.31297585368156433, 0.30765995383262634, 0.302884966135025, 0.29946860671043396, 0.2934653162956238], "mape": [163.44110107421875, 148.64759826660156, 142.5061492919922, 149.1066131591797, 158.49148559570312]}