{"loss": [0.0827796533703804, 0.07962324470281601, 0.07534755021333694, 0.07748311758041382, 0.07110485434532166], "mse": [0.0827796533703804, 0.07962324470281601, 0.07534755021333694, 0.07748311758041382, 0.07110485434532166], "mae": [0.13542680442333221, 0.12809240818023682, 0.12869684398174286, 0.12997862696647644, 0.12675896286964417], "mape": [38.57176971435547, 36.80682373046875, 35.984886169433594, 35.083370208740234, 34.77156066894531]}