{"loss": [0.21585819125175476, 0.212673157453537, 0.2103765457868576, 0.20433123409748077, 0.19995170831680298], "mse": [0.21585819125175476, 0.212673157453537, 0.2103765457868576, 0.20433123409748077, 0.19995170831680298], "mae": [0.34543317556381226, 0.3473554253578186, 0.3448202908039093, 0.34107136726379395, 0.33775705099105835], "mape": [300.6947937011719, 248.03024291992188, 286.670166015625, 215.43466186523438, 232.32664489746094]}