{"loss": [0.26001277565956116, 0.2558330297470093, 0.25014662742614746, 0.24446146190166473, 0.23726829886436462], "mse": [0.26001277565956116, 0.2558330297470093, 0.25014662742614746, 0.24446146190166473, 0.23726829886436462], "mae": [0.38914456963539124, 0.3901240825653076, 0.3851880133152008, 0.37964385747909546, 0.3724791705608368], "mape": [339.8111267089844, 265.1491394042969, 324.77398681640625, 247.97276306152344, 263.99456787109375]}