{"loss": [0.10970582813024521, 0.10913069546222687, 0.10735536366701126, 0.10913362354040146, 0.10831514000892639], "mse": [0.10970582813024521, 0.10913069546222687, 0.10735536366701126, 0.10913362354040146, 0.10831514000892639], "mae": [0.19468922913074493, 0.19322678446769714, 0.19433237612247467, 0.19117704033851624, 0.19392894208431244], "mape": [43.750343322753906, 43.29946517944336, 42.09447479248047, 42.86996841430664, 43.379154205322266]}