{"loss": [0.12088566273450851, 0.10506977885961533, 0.10121826082468033, 0.09228239208459854, 0.09079749137163162], "mse": [0.12088566273450851, 0.10506977885961533, 0.10121826082468033, 0.09228239208459854, 0.09079749137163162], "mae": [0.0948491320014, 0.08744463324546814, 0.08480958640575409, 0.07945550978183746, 0.08378661423921585], "mape": [145.49459838867188, 150.60777282714844, 173.52835083007812, 189.50270080566406, 189.97068786621094]}