{"loss": [0.09544578939676285, 0.09343232959508896, 0.09337297081947327, 0.09452633559703827, 0.09211039543151855], "mse": [0.09544578939676285, 0.09343232959508896, 0.09337297081947327, 0.09452633559703827, 0.09211039543151855], "mae": [0.24016733467578888, 0.23354773223400116, 0.23540695011615753, 0.23541006445884705, 0.23220302164554596], "mape": [100.4057846069336, 100.5727310180664, 98.90061950683594, 90.59778594970703, 97.8258056640625]}