{"loss": [0.3313611149787903, 0.31690776348114014, 0.3120458126068115, 0.30173560976982117, 0.29251769185066223], "mse": [0.3313611149787903, 0.31690776348114014, 0.3120458126068115, 0.30173560976982117, 0.29251769185066223], "mae": [0.4167768061161041, 0.40978842973709106, 0.40659525990486145, 0.3951498866081238, 0.39109212160110474], "mape": [255.71839904785156, 259.7690734863281, 252.2025146484375, 246.19993591308594, 249.9304962158203]}