{"loss": [0.1233891025185585, 0.1204138919711113, 0.12026885151863098, 0.11581340432167053, 0.11579771339893341], "mse": [0.1233891025185585, 0.1204138919711113, 0.12026885151863098, 0.11581340432167053, 0.11579771339893341], "mae": [0.2573762536048889, 0.25350430607795715, 0.253587543964386, 0.2461986541748047, 0.2463822066783905], "mape": [118.05563354492188, 110.160888671875, 125.8431625366211, 117.90999603271484, 121.54441833496094]}