{"loss": [0.16309410333633423, 0.16168130934238434, 0.15884262323379517, 0.15449467301368713, 0.15164805948734283], "mse": [0.16309410333633423, 0.16168130934238434, 0.15884262323379517, 0.15449467301368713, 0.15164805948734283], "mae": [0.29791635274887085, 0.29642629623413086, 0.2911938428878784, 0.2896125018596649, 0.29044780135154724], "mape": [298.218505859375, 234.3317108154297, 270.4200744628906, 187.19073486328125, 200.0963592529297]}