{"loss": [0.12820950150489807, 0.12816211581230164, 0.12605822086334229, 0.1277300864458084, 0.12711994349956512], "mse": [0.12820950150489807, 0.12816211581230164, 0.12605822086334229, 0.1277300864458084, 0.12711994349956512], "mae": [0.21039751172065735, 0.21124902367591858, 0.20903469622135162, 0.20751073956489563, 0.20913812518119812], "mape": [47.109222412109375, 47.40896224975586, 45.23068618774414, 46.70964050292969, 46.46702194213867]}