{"loss": [0.14419279992580414, 0.1435902863740921, 0.14093302190303802, 0.13825292885303497, 0.1338503360748291], "mse": [0.14419279992580414, 0.1435902863740921, 0.14093302190303802, 0.13825292885303497, 0.1338503360748291], "mae": [0.277890145778656, 0.2760782539844513, 0.27301010489463806, 0.2696674168109894, 0.26387324929237366], "mape": [345.3815002441406, 240.88401794433594, 257.2501525878906, 251.91651916503906, 250.28807067871094]}