{"loss": [0.08708517253398895, 0.08712118119001389, 0.08674557507038116, 0.08873817324638367, 0.08606787025928497], "mse": [0.08708517253398895, 0.08712118119001389, 0.08674557507038116, 0.08873817324638367, 0.08606787025928497], "mae": [0.22943738102912903, 0.22675223648548126, 0.22673951089382172, 0.22861157357692719, 0.22572429478168488], "mape": [92.99127197265625, 104.85651397705078, 98.55547332763672, 89.1458511352539, 98.4525375366211]}