{"loss": [0.16707615554332733, 0.16658324003219604, 0.16316434741020203, 0.159800186753273, 0.15574416518211365], "mse": [0.16707615554332733, 0.16658324003219604, 0.16316434741020203, 0.159800186753273, 0.15574416518211365], "mae": [0.3009171783924103, 0.3002908527851105, 0.29714202880859375, 0.2927245497703552, 0.288742333650589], "mape": [335.5018615722656, 255.8712158203125, 272.2530822753906, 247.2022247314453, 264.2308349609375]}