{"loss": [0.08480610698461533, 0.08249382674694061, 0.08267106860876083, 0.08282429724931717, 0.08192989975214005], "mse": [0.08480610698461533, 0.08249382674694061, 0.08267106860876083, 0.08282429724931717, 0.08192989975214005], "mae": [0.22384211421012878, 0.22205762565135956, 0.21971780061721802, 0.22217676043510437, 0.22288668155670166], "mape": [1179.716552734375, 1725.5980224609375, 2689.47705078125, 2104.143310546875, 1755.2939453125]}