{"loss": [0.15381617844104767, 0.14957796037197113, 0.14700359106063843, 0.14334812760353088, 0.1393965184688568], "mse": [0.15381617844104767, 0.14957796037197113, 0.14700359106063843, 0.14334812760353088, 0.1393965184688568], "mae": [0.2888665795326233, 0.2858533263206482, 0.2812193036079407, 0.2783772945404053, 0.27251002192497253], "mape": [151.94610595703125, 141.55950927734375, 135.2235870361328, 146.19752502441406, 150.49517822265625]}