{"loss": [0.03060176968574524, 0.021704863756895065, 0.02644217386841774, 0.03840705752372742, 0.02377733401954174], "mse": [0.03060176968574524, 0.021704863756895065, 0.02644217386841774, 0.03840705752372742, 0.02377733401954174], "mae": [0.05071110650897026, 0.043581608682870865, 0.04652061685919762, 0.05507919192314148, 0.04811680316925049], "mape": [168.78622436523438, 132.1536407470703, 160.49427795410156, 147.19796752929688, 158.94032287597656]}