{"loss": [0.03648582100868225, 0.04015485942363739, 0.03968722000718117, 0.034095436334609985, 0.026744641363620758], "mse": [0.03648582100868225, 0.04015485942363739, 0.03968722000718117, 0.034095436334609985, 0.026744641363620758], "mae": [0.054288625717163086, 0.05531477928161621, 0.057583343237638474, 0.05037998408079147, 0.05017036199569702], "mape": [54.505794525146484, 46.67064666748047, 48.82086944580078, 45.131752014160156, 47.926841735839844]}