{"loss": [0.14419278502464294, 0.14359025657176971, 0.14093302190303802, 0.1382528841495514, 0.1338503658771515], "mse": [0.14419278502464294, 0.14359025657176971, 0.14093302190303802, 0.1382528841495514, 0.1338503658771515], "mae": [0.2778901159763336, 0.27607816457748413, 0.27301010489463806, 0.2696673572063446, 0.26387327909469604], "mape": [345.3815002441406, 240.88397216796875, 257.2502136230469, 251.9165802001953, 250.2880096435547]}