{"loss": [0.03859900310635567, 0.03160467371344566, 0.028990913182497025, 0.030505847185850143, 0.027324195951223373], "mse": [0.03859900310635567, 0.03160467371344566, 0.028990913182497025, 0.030505847185850143, 0.027324195951223373], "mae": [0.09653083980083466, 0.08731573820114136, 0.08322169631719589, 0.08465640246868134, 0.08486005663871765], "mape": [32.03803253173828, 30.979141235351562, 28.284530639648438, 30.738346099853516, 30.315500259399414]}