{"loss": [0.2475491464138031, 0.24743030965328217, 0.2479761838912964, 0.24352791905403137, 0.24294129014015198], "mse": [0.2475491464138031, 0.24743030965328217, 0.2479761838912964, 0.24352791905403137, 0.24294129014015198], "mae": [0.29670196771621704, 0.29662832617759705, 0.294378399848938, 0.29375341534614563, 0.2928503751754761], "mape": [245.82015991210938, 278.8681335449219, 243.6973419189453, 254.48150634765625, 256.23187255859375]}