{"loss": [0.05646606534719467, 0.05427231639623642, 0.055476658046245575, 0.052232444286346436, 0.04977283626794815], "mse": [0.05646606534719467, 0.05427231639623642, 0.055476658046245575, 0.052232444286346436, 0.04977283626794815], "mae": [0.06400329619646072, 0.06014138460159302, 0.061659734696149826, 0.057075101882219315, 0.06073247268795967], "mape": [56.78461456298828, 48.76527404785156, 49.80252456665039, 43.53704071044922, 51.025978088378906]}