{"loss": [0.2402941882610321, 0.23933464288711548, 0.24117650091648102, 0.23654961585998535, 0.23657280206680298], "mse": [0.2402941882610321, 0.23933464288711548, 0.24117650091648102, 0.23654961585998535, 0.23657280206680298], "mae": [0.29186439514160156, 0.29022321105003357, 0.28932052850723267, 0.28930702805519104, 0.28980693221092224], "mape": [257.4744873046875, 346.6286315917969, 304.093994140625, 354.9832458496094, 363.92236328125]}