{"losses": [4.479865550994873, 3.7084221839904785, 3.1876142024993896, 2.843243360519409, 2.599426507949829, 2.404060125350952, 2.235487699508667, 2.086714744567871, 1.9539835453033447, 1.8354345560073853, 1.7283666133880615, 1.6311116218566895, 1.5424818992614746, 1.4615399837493896, 1.3876913785934448, 1.3199372291564941, 1.2578016519546509, 1.20089590549469, 1.1485453844070435, 1.1002094745635986, 1.0557948350906372, 1.0144723653793335, 0.9763676524162292, 0.9408982992172241, 0.9080196619033813, 0.8773401975631714, 0.8489243388175964, 0.8219835162162781, 0.7971405386924744, 0.7737478613853455, 0.7515893578529358, 0.7311252951622009, 0.7115660309791565, 0.6933497786521912, 0.6762768626213074, 0.6599938273429871, 0.6445005536079407, 0.6299322247505188, 0.6162484884262085, 0.6031849384307861, 0.5907776951789856, 0.5789214968681335, 0.5677886605262756, 0.557096540927887, 0.5468801259994507, 0.5371903777122498, 0.5278012156486511, 0.5189326405525208, 0.51035475730896, 0.5022521615028381, 0.49438390135765076, 0.48687615990638733, 0.47966307401657104, 0.4727271795272827, 0.46598702669143677, 0.459480881690979, 0.4532982110977173, 0.4473057687282562, 0.4414384663105011, 0.43588918447494507], "rmses": [2.116569288021272, 1.925726404240872, 1.7853890899463314, 1.686191970245206, 1.612273707516757, 1.5505031845665305, 1.4951547409912684, 1.4445465532712578, 1.3978496146951376, 1.3547821064685588, 1.3146735767436954, 1.277149803999785, 1.2419669477331008, 1.2089416792175667, 1.1780031318266708, 1.1488852114795864, 1.121517566494012, 1.0958539617552558, 1.0717020968566981, 1.0489087064962321, 1.0275187760282716, 1.0072101892749763, 0.9881131779387567, 0.9699991233074513, 0.9529006568910431, 0.93666439964545, 0.9213709018726369, 0.9066330659182237, 0.8928272725967069, 0.879629388654873, 0.8669425343429262, 0.8550586501300369, 0.8435437338864871, 0.8326762748224493, 0.8223605429623356, 0.8124000414469383, 0.8028079182518946, 0.7936826977769635, 0.7850149606384635, 0.7766498171188777, 0.7686206445178178, 0.7608689091217576, 0.7535175250292959, 0.7463890010764407, 0.739513438687527, 0.7329327238650556, 0.7264992881267339, 0.7203697943088124, 0.714391179473095, 0.7086975105803873, 0.7031243854096164, 0.6977651180063298, 0.6925771249590699, 0.6875515831756064, 0.6826324242895563, 0.6778501911860607, 0.6732742465724627, 0.6688092169881156, 0.6644083580980157, 0.6602190427993917]}