{"loss": [0.08939231187105179, 0.08702704310417175, 0.0863863155245781, 0.08674345910549164, 0.08556260168552399], "mse": [0.08939231187105179, 0.08702704310417175, 0.0863863155245781, 0.08674345910549164, 0.08556260168552399], "mae": [0.22921034693717957, 0.22665642201900482, 0.2239658534526825, 0.22574491798877716, 0.2272977977991104], "mape": [1089.185546875, 246.2584228515625, 2627.681884765625, 2742.507080078125, 1585.322265625]}