{"loss": [0.044474244117736816, 0.042461760342121124, 0.04048227146267891, 0.04459058865904808, 0.03916295990347862], "mse": [0.044474244117736816, 0.042461760342121124, 0.04048227146267891, 0.04459058865904808, 0.03916295990347862], "mae": [0.10155188292264938, 0.09897416830062866, 0.09806425869464874, 0.09996738284826279, 0.09510331600904465], "mape": [31.725339889526367, 32.99332046508789, 32.1315803527832, 30.361623764038086, 30.007658004760742]}