{"loss": [0.07676533609628677, 0.07529259473085403, 0.07533733546733856, 0.07562041282653809, 0.07467707246541977], "mse": [0.07676533609628677, 0.07529259473085403, 0.07533733546733856, 0.07562041282653809, 0.07467707246541977], "mae": [0.21319863200187683, 0.21293294429779053, 0.21050363779067993, 0.21178492903709412, 0.21342186629772186], "mape": [470.66180419921875, 2067.07568359375, 5133.44677734375, 4314.34375, 4107.9482421875]}