{"loss": [0.5750274658203125, 0.40930092334747314, 0.3818666934967041, 0.36149969696998596, 0.34749987721443176], "mse": [0.5750274658203125, 0.40930092334747314, 0.3818666934967041, 0.36149969696998596, 0.34749987721443176], "mae": [0.5531600713729858, 0.46022018790245056, 0.44676917791366577, 0.4331846237182617, 0.4304752051830292], "mape": [295.7581787109375, 238.9561767578125, 241.7479248046875, 234.22183227539062, 241.9978790283203]}