{"loss": [0.2663635015487671, 0.26194822788238525, 0.2556140720844269, 0.2506119906902313, 0.24540545046329498], "mse": [0.2663635015487671, 0.26194822788238525, 0.2556140720844269, 0.2506119906902313, 0.24540545046329498], "mae": [0.3935752213001251, 0.3934080898761749, 0.3875730335712433, 0.3842151463031769, 0.37980902194976807], "mape": [352.3124084472656, 327.4864196777344, 343.42437744140625, 294.9654235839844, 304.81866455078125]}