{"loss": [0.11219245940446854, 0.11165978759527206, 0.10972781479358673, 0.11141669005155563, 0.1107514277100563], "mse": [0.11219245940446854, 0.11165978759527206, 0.10972781479358673, 0.11141669005155563, 0.1107514277100563], "mae": [0.1966073215007782, 0.19538742303848267, 0.1959143728017807, 0.19323153793811798, 0.19586370885372162], "mape": [44.1757926940918, 43.81886672973633, 42.320213317871094, 43.35111618041992, 43.789772033691406]}