{"loss": [0.11752860248088837, 0.10092511028051376, 0.09997763484716415, 0.09602589905261993, 0.08998271822929382], "mse": [0.11752860248088837, 0.10092511028051376, 0.09997763484716415, 0.09602589905261993, 0.08998271822929382], "mae": [0.09377674758434296, 0.08480576425790787, 0.08810234069824219, 0.08307583630084991, 0.07961548864841461], "mape": [49.94184494018555, 48.103729248046875, 53.26133728027344, 55.56401443481445, 50.071449279785156]}