{"loss": [0.04008737951517105, 0.03623373061418533, 0.032510414719581604, 0.038728028535842896, 0.031522300094366074], "mse": [0.04008737951517105, 0.03623373061418533, 0.032510414719581604, 0.038728028535842896, 0.031522300094366074], "mae": [0.09778470546007156, 0.09283864498138428, 0.08812376856803894, 0.0948362797498703, 0.08918169140815735], "mape": [31.16250991821289, 30.50800323486328, 29.048629760742188, 29.780515670776367, 30.452468872070312]}