{"loss": [0.17425285279750824, 0.1723558008670807, 0.16958773136138916, 0.16483435034751892, 0.16170264780521393], "mse": [0.17425285279750824, 0.1723558008670807, 0.16958773136138916, 0.16483435034751892, 0.16170264780521393], "mae": [0.30723708868026733, 0.3062596917152405, 0.3027043342590332, 0.30054885149002075, 0.30038708448410034], "mape": [299.0367736816406, 243.7922821044922, 277.4466552734375, 199.54287719726562, 213.0430908203125]}