{"loss": [0.08989257365465164, 0.08934832364320755, 0.08808714896440506, 0.08898606151342392, 0.08735188096761703], "mse": [0.08989257365465164, 0.08934832364320755, 0.08808714896440506, 0.08898606151342392, 0.08735188096761703], "mae": [0.2286912351846695, 0.22530288994312286, 0.22527199983596802, 0.22597534954547882, 0.22491663694381714], "mape": [70.21305084228516, 68.40126037597656, 70.74126434326172, 72.96965026855469, 71.84236907958984]}