{"loss": [0.15381617844104767, 0.14957797527313232, 0.14700356125831604, 0.14334815740585327, 0.139396533370018], "mse": [0.15381617844104767, 0.14957797527313232, 0.14700356125831604, 0.14334815740585327, 0.139396533370018], "mae": [0.2888665497303009, 0.2858532965183258, 0.28121933341026306, 0.2783772051334381, 0.27251002192497253], "mape": [151.9460906982422, 141.55950927734375, 135.2235107421875, 146.19752502441406, 150.49517822265625]}