{"loss": [0.08725959807634354, 0.08679816126823425, 0.085625059902668, 0.08673841506242752, 0.08515208214521408], "mse": [0.08725959807634354, 0.08679816126823425, 0.085625059902668, 0.08673841506242752, 0.08515208214521408], "mae": [0.22503581643104553, 0.22161352634429932, 0.2222888469696045, 0.22300894558429718, 0.22185935080051422], "mape": [68.75066375732422, 67.14610290527344, 69.06533813476562, 71.613037109375, 70.41281127929688]}