{"loss": [0.18966318666934967, 0.18728092312812805, 0.1847446709871292, 0.18199977278709412, 0.17839625477790833], "mse": [0.18966318666934967, 0.18728092312812805, 0.1847446709871292, 0.18199977278709412, 0.17839625477790833], "mae": [0.3235643804073334, 0.32281461358070374, 0.3200353980064392, 0.32009872794151306, 0.3190937638282776], "mape": [282.8039855957031, 221.9613037109375, 264.0716857910156, 199.24386596679688, 224.46493530273438]}