{"loss": [0.1201074942946434, 0.11532603949308395, 0.11395582556724548, 0.11280553042888641, 0.10906599462032318], "mse": [0.1201074942946434, 0.11532603949308395, 0.11395582556724548, 0.11280553042888641, 0.10906599462032318], "mae": [0.26295995712280273, 0.2559642791748047, 0.2567644715309143, 0.25294381380081177, 0.24958156049251556], "mape": [117.89148712158203, 115.70899963378906, 109.61335754394531, 99.25695037841797, 106.72818756103516]}