{"loss": [0.19179317355155945, 0.18742842972278595, 0.18395887315273285, 0.17642667889595032, 0.17544877529144287], "mse": [0.19179317355155945, 0.18742842972278595, 0.18395887315273285, 0.17642667889595032, 0.17544877529144287], "mae": [0.3282415270805359, 0.32222869992256165, 0.31463587284088135, 0.31004273891448975, 0.30937597155570984], "mape": [184.00961303710938, 171.1443634033203, 171.08169555664062, 167.63296508789062, 179.83633422851562]}