{"loss": [0.2443322092294693, 0.2363281399011612, 0.23543885350227356, 0.2292957752943039, 0.22527723014354706], "mse": [0.2443322092294693, 0.2363281399011612, 0.23543885350227356, 0.2292957752943039, 0.22527723014354706], "mae": [0.36257120966911316, 0.35749906301498413, 0.35947152972221375, 0.35224449634552, 0.3517216145992279], "mape": [246.2777557373047, 250.33895874023438, 239.15765380859375, 235.04415893554688, 237.1874542236328]}