{"loss": [0.08332858234643936, 0.08124206215143204, 0.08104294538497925, 0.08150171488523483, 0.08047004044055939], "mse": [0.08332858234643936, 0.08124206215143204, 0.08104294538497925, 0.08150171488523483, 0.08047004044055939], "mae": [0.2221313863992691, 0.2204119861125946, 0.2182745784521103, 0.21972936391830444, 0.2216944843530655], "mape": [639.3392333984375, 1344.6611328125, 4207.890625, 3845.302490234375, 3051.347412109375]}