{"loss": [0.1301732063293457, 0.12774555385112762, 0.12779884040355682, 0.12374471873044968, 0.12344899773597717], "mse": [0.1301732063293457, 0.12774555385112762, 0.12779884040355682, 0.12374471873044968, 0.12344899773597717], "mae": [0.26285529136657715, 0.25532132387161255, 0.2554755210876465, 0.25271540880203247, 0.25253257155418396], "mape": [151.79466247558594, 144.3363037109375, 143.49766540527344, 143.76084899902344, 154.17259216308594]}