{"loss": [0.03859900310635567, 0.03160467371344566, 0.028990916907787323, 0.03050585277378559, 0.027324184775352478], "mse": [0.03859900310635567, 0.03160467371344566, 0.028990916907787323, 0.03050585277378559, 0.027324184775352478], "mae": [0.09653083980083466, 0.08731575310230255, 0.0832216888666153, 0.08465642482042313, 0.08486006408929825], "mape": [32.038021087646484, 30.979148864746094, 28.284530639648438, 30.738330841064453, 30.315509796142578]}