{"loss": [0.07481629401445389, 0.07313773036003113, 0.0736391693353653, 0.07341139763593674, 0.07262326776981354], "mse": [0.07481629401445389, 0.07313773036003113, 0.0736391693353653, 0.07341139763593674, 0.07262326776981354], "mae": [0.21133123338222504, 0.21078668534755707, 0.20887668430805206, 0.21013028919696808, 0.21016183495521545], "mape": [1750.61474609375, 2790.35595703125, 3762.836669921875, 2713.99853515625, 2991.423828125]}