{"loss": [0.24629756808280945, 0.24004466831684113, 0.24026000499725342, 0.2344752550125122, 0.22883962094783783], "mse": [0.24629756808280945, 0.24004466831684113, 0.24026000499725342, 0.2344752550125122, 0.22883962094783783], "mae": [0.3581438362598419, 0.3514246642589569, 0.35272306203842163, 0.3463553786277771, 0.3462754487991333], "mape": [228.1475830078125, 223.0266571044922, 225.5509033203125, 218.07162475585938, 219.90167236328125]}