{"loss": [0.31692740321159363, 0.2617405652999878, 0.23231260478496552, 0.21761520206928253, 0.1809805929660797], "mse": [0.31692740321159363, 0.2617405652999878, 0.23231260478496552, 0.21761520206928253, 0.1809805929660797], "mae": [0.15603575110435486, 0.13897095620632172, 0.12844814360141754, 0.1223318800330162, 0.11584804207086563], "mape": [73.32256317138672, 84.6499252319336, 63.0162467956543, 56.32878494262695, 51.563621520996094]}