{"loss": [0.04008737578988075, 0.03623373061418533, 0.032510414719581604, 0.03872803971171379, 0.03152230381965637], "mse": [0.04008737578988075, 0.03623373061418533, 0.032510414719581604, 0.03872803971171379, 0.03152230381965637], "mae": [0.09778472036123276, 0.09283866733312607, 0.08812373876571655, 0.09483630955219269, 0.08918172866106033], "mape": [31.162519454956055, 30.50800895690918, 29.048641204833984, 29.78052520751953, 30.452478408813477]}