{"loss": [0.08440825343132019, 0.08481384813785553, 0.08430997282266617, 0.08623237907886505, 0.08382131904363632], "mse": [0.08440825343132019, 0.08481384813785553, 0.08430997282266617, 0.08623237907886505, 0.08382131904363632], "mae": [0.22592973709106445, 0.22376559674739838, 0.22363916039466858, 0.22529958188533783, 0.22306345403194427], "mape": [91.69786834716797, 103.88069152832031, 97.35206604003906, 87.69617462158203, 97.07027435302734]}