{"loss": [0.15156735479831696, 0.14673903584480286, 0.1457526832818985, 0.13974760472774506, 0.13915318250656128], "mse": [0.15156735479831696, 0.14673903584480286, 0.1457526832818985, 0.13974760472774506, 0.13915318250656128], "mae": [0.2885415554046631, 0.2844359576702118, 0.28298255801200867, 0.27410081028938293, 0.27420055866241455], "mape": [131.67617797851562, 121.93086242675781, 136.1280975341797, 125.93998718261719, 127.78926086425781]}