{"loss": [0.1301732212305069, 0.12774550914764404, 0.12779884040355682, 0.12374474108219147, 0.12344903498888016], "mse": [0.1301732212305069, 0.12774550914764404, 0.12779884040355682, 0.12374474108219147, 0.12344903498888016], "mae": [0.26285532116889954, 0.2553213834762573, 0.2554754912853241, 0.25271543860435486, 0.2525325417518616], "mape": [151.79461669921875, 144.33633422851562, 143.4976806640625, 143.76083374023438, 154.1725616455078]}