{"loss": [0.10295199602842331, 0.10054384171962738, 0.10047636181116104, 0.10088460147380829, 0.09822994470596313], "mse": [0.10295199602842331, 0.10054384171962738, 0.10047636181116104, 0.10088460147380829, 0.09822994470596313], "mae": [0.24712762236595154, 0.24041035771369934, 0.24311643838882446, 0.2423105686903, 0.23842617869377136], "mape": [104.02996063232422, 103.73550415039062, 101.12911987304688, 92.54228210449219, 99.6884994506836]}