{"loss": [0.3345820903778076, 0.32012420892715454, 0.3161472976207733, 0.3075948655605316, 0.3002949655056], "mse": [0.3345820903778076, 0.32012420892715454, 0.3161472976207733, 0.3075948655605316, 0.3002949655056], "mae": [0.42105287313461304, 0.4090135395526886, 0.4072130620479584, 0.3986964225769043, 0.3986230194568634], "mape": [247.0138397216797, 238.76361083984375, 245.1416473388672, 237.19894409179688, 240.90896606445312]}