{"loss": [0.12143988907337189, 0.12135763466358185, 0.11922196298837662, 0.12078587710857391, 0.1203039214015007], "mse": [0.12143988907337189, 0.12135763466358185, 0.11922196298837662, 0.12078587710857391, 0.1203039214015007], "mae": [0.20479755103588104, 0.2051706165075302, 0.20399877429008484, 0.20168665051460266, 0.20448873937129974], "mape": [45.5979118347168, 45.80897903442383, 43.85347366333008, 45.197696685791016, 45.43552780151367]}