{"loss": [0.08480610698461533, 0.08249381184577942, 0.08267106860876083, 0.08282430469989777, 0.08192992210388184], "mse": [0.08480610698461533, 0.08249381184577942, 0.08267106860876083, 0.08282430469989777, 0.08192992210388184], "mae": [0.22384217381477356, 0.22205758094787598, 0.2197178602218628, 0.22217677533626556, 0.22288668155670166], "mape": [1179.7171630859375, 1725.5985107421875, 2689.472900390625, 2104.1435546875, 1755.2939453125]}