{"loss": [0.1491631120443344, 0.10529830306768417, 0.08864180743694305, 0.08540070801973343, 0.07474721223115921], "mse": [0.1491631120443344, 0.10529830306768417, 0.08864180743694305, 0.08540070801973343, 0.07474721223115921], "mae": [0.1699260175228119, 0.1433687061071396, 0.1326548010110855, 0.13038185238838196, 0.12446124106645584], "mape": [49.54802322387695, 42.8814811706543, 40.5974006652832, 39.909141540527344, 40.31060791015625]}