{"loss": [0.04830574616789818, 0.04580410197377205, 0.04427240788936615, 0.04797953739762306, 0.042475663125514984], "mse": [0.04830574616789818, 0.04580410197377205, 0.04427240788936615, 0.04797953739762306, 0.042475663125514984], "mae": [0.10618024319410324, 0.1029103696346283, 0.10128311067819595, 0.10311385244131088, 0.09814142435789108], "mape": [33.44460678100586, 33.95890808105469, 33.26175308227539, 31.39678382873535, 30.447303771972656]}