{"loss": [0.14419278502464294, 0.14359025657176971, 0.1409330666065216, 0.13825289905071259, 0.13385039567947388], "mse": [0.14419278502464294, 0.14359025657176971, 0.1409330666065216, 0.13825289905071259, 0.13385039567947388], "mae": [0.27789005637168884, 0.2760781943798065, 0.27301016449928284, 0.26966744661331177, 0.2638731598854065], "mape": [345.38140869140625, 240.88406372070312, 257.2502746582031, 251.91656494140625, 250.28810119628906]}