{"loss": [0.1589600145816803, 0.15448065102100372, 0.15212616324424744, 0.15035435557365417, 0.14431673288345337], "mse": [0.1589600145816803, 0.15448065102100372, 0.15212616324424744, 0.15035435557365417, 0.14431673288345337], "mae": [0.296947181224823, 0.28826040029525757, 0.2904703617095947, 0.2865595817565918, 0.28226742148399353], "mape": [197.3921661376953, 193.61279296875, 193.45962524414062, 189.83786010742188, 189.67247009277344]}