{"loss": [0.29414883255958557, 0.28444716334342957, 0.2830497920513153, 0.277018666267395, 0.27025458216667175], "mse": [0.29414883255958557, 0.28444716334342957, 0.2830497920513153, 0.277018666267395, 0.27025458216667175], "mae": [0.39397409558296204, 0.38438722491264343, 0.3847879469394684, 0.37766343355178833, 0.3764519691467285], "mape": [243.64456176757812, 233.39523315429688, 238.84564208984375, 230.8399200439453, 233.30523681640625]}