{"loss": [0.03818046301603317, 0.03494647517800331, 0.0308435820043087, 0.03737635537981987, 0.029863551259040833], "mse": [0.03818046301603317, 0.03494647517800331, 0.0308435820043087, 0.03737635537981987, 0.029863551259040833], "mae": [0.0955723226070404, 0.09132145345211029, 0.08630149066448212, 0.09326117485761642, 0.08738046884536743], "mape": [30.64852523803711, 30.213035583496094, 28.77349090576172, 29.330522537231445, 30.425052642822266]}