{"loss": [0.11261296272277832, 0.1114710345864296, 0.11085792630910873, 0.10823912173509598, 0.10915958881378174], "mse": [0.11261296272277832, 0.1114710345864296, 0.11085792630910873, 0.10823912173509598, 0.10915958881378174], "mae": [0.24127472937107086, 0.23415671288967133, 0.23295165598392487, 0.2314399778842926, 0.23378987610340118], "mape": [133.62026977539062, 128.0468292236328, 130.4167938232422, 130.35081481933594, 138.87359619140625]}