{"loss": [0.07017956674098969, 0.06646500527858734, 0.06330195814371109, 0.06660344451665878, 0.06078464910387993], "mse": [0.07017956674098969, 0.06646500527858734, 0.06330195814371109, 0.06660344451665878, 0.06078464910387993], "mae": [0.12872081995010376, 0.1212218701839447, 0.12159251421689987, 0.12213146686553955, 0.11843010783195496], "mape": [37.409427642822266, 36.570884704589844, 36.05018615722656, 34.75345230102539, 34.669151306152344]}