{"loss": [0.09228590875864029, 0.09063167870044708, 0.09048571437597275, 0.09175070375204086, 0.08938559144735336], "mse": [0.09228590875864029, 0.09063167870044708, 0.09048571437597275, 0.09175070375204086, 0.08938559144735336], "mae": [0.23649539053440094, 0.23062336444854736, 0.23213309049606323, 0.2321258932352066, 0.22917670011520386], "mape": [99.01152801513672, 99.58578491210938, 97.99103546142578, 89.60574340820312, 97.45103454589844]}