{"loss": [0.3015535771846771, 0.29077693819999695, 0.28108736872673035, 0.273562490940094, 0.26392754912376404], "mse": [0.3015535771846771, 0.29077693819999695, 0.28108736872673035, 0.273562490940094, 0.26392754912376404], "mae": [0.4222162067890167, 0.4188462793827057, 0.411261647939682, 0.40509548783302307, 0.39598438143730164], "mape": [373.2977600097656, 300.9253234863281, 358.5866394042969, 280.69561767578125, 297.5189514160156]}