{"loss": [0.0782531201839447, 0.07871474325656891, 0.07742602378129959, 0.07909095287322998, 0.07672810554504395], "mse": [0.0782531201839447, 0.07871474325656891, 0.07742602378129959, 0.07909095287322998, 0.07672810554504395], "mae": [0.21222224831581116, 0.20958393812179565, 0.21033349633216858, 0.21278901398181915, 0.20943930745124817], "mape": [63.39210891723633, 63.93378829956055, 64.70488739013672, 66.50432586669922, 65.77019500732422]}