{"loss": [0.09229112416505814, 0.09134484082460403, 0.0911039486527443, 0.0914526954293251, 0.08920446783304214], "mse": [0.09229112416505814, 0.09134484082460403, 0.0911039486527443, 0.0914526954293251, 0.08920446783304214], "mae": [0.23161983489990234, 0.2289077490568161, 0.2285185009241104, 0.22823244333267212, 0.22709470987319946], "mape": [71.03238677978516, 69.01293182373047, 72.3251724243164, 73.03771209716797, 70.56388854980469]}