{"loss": [0.1450272649526596, 0.13707280158996582, 0.13352854549884796, 0.13485698401927948, 0.13354378938674927], "mse": [0.1450272649526596, 0.13707280158996582, 0.13352854549884796, 0.13485698401927948, 0.13354378938674927], "mae": [0.22425031661987305, 0.2161533683538437, 0.21420828998088837, 0.21261389553546906, 0.2136763036251068], "mape": [49.36963653564453, 48.846187591552734, 46.46345520019531, 47.91566848754883, 47.514583587646484]}