{"loss": [0.2138805091381073, 0.21023713052272797, 0.20622828602790833, 0.20070645213127136, 0.19840416312217712], "mse": [0.2138805091381073, 0.21023713052272797, 0.20622828602790833, 0.20070645213127136, 0.19840416312217712], "mae": [0.35091695189476013, 0.34735268354415894, 0.3441315293312073, 0.33672937750816345, 0.3371097147464752], "mape": [347.4493103027344, 288.4114990234375, 307.1986999511719, 262.7054138183594, 290.50189208984375]}