{"loss": [0.08480610698461533, 0.08249382674694061, 0.08267106860876083, 0.08282429724931717, 0.08192993700504303], "mse": [0.08480610698461533, 0.08249382674694061, 0.08267106860876083, 0.08282429724931717, 0.08192993700504303], "mae": [0.22384215891361237, 0.22205756604671478, 0.2197178602218628, 0.22217677533626556, 0.22288663685321808], "mape": [1179.718505859375, 1725.6024169921875, 2689.47509765625, 2104.141357421875, 1755.2923583984375]}