{"loss": [0.2398492842912674, 0.2398051619529724, 0.240447998046875, 0.23664134740829468, 0.23575462400913239], "mse": [0.2398492842912674, 0.2398051619529724, 0.240447998046875, 0.23664134740829468, 0.23575462400913239], "mae": [0.29269129037857056, 0.29287073016166687, 0.2897627651691437, 0.2895391285419464, 0.2885400354862213], "mape": [245.50204467773438, 280.7600402832031, 242.8546142578125, 257.6075744628906, 260.5609436035156]}