{"loss": [0.11862928420305252, 0.1183435320854187, 0.11617244780063629, 0.11764151602983475, 0.11725938320159912], "mse": [0.11862928420305252, 0.1183435320854187, 0.11617244780063629, 0.11764151602983475, 0.11725938320159912], "mae": [0.20288001000881195, 0.20238058269023895, 0.20199957489967346, 0.1992773562669754, 0.20251765847206116], "mape": [45.05276107788086, 45.03749465942383, 43.31760025024414, 44.47809982299805, 44.8887825012207]}