{"loss": [0.05730544403195381, 0.05402236431837082, 0.05272776633501053, 0.056592125445604324, 0.051150642335414886], "mse": [0.05730544403195381, 0.05402236431837082, 0.05272776633501053, 0.056592125445604324, 0.051150642335414886], "mae": [0.11695298552513123, 0.1113995611667633, 0.11083224415779114, 0.1122453436255455, 0.1083822026848793], "mape": [35.836421966552734, 35.25581359863281, 35.887351989746094, 33.85540008544922, 32.86632537841797]}