{"loss": [0.08037713170051575, 0.07855286449193954, 0.07922522723674774, 0.07886970043182373, 0.07832024991512299], "mse": [0.08037713170051575, 0.07855286449193954, 0.07922522723674774, 0.07886970043182373, 0.07832024991512299], "mae": [0.21872548758983612, 0.21625913679599762, 0.21678286790847778, 0.21731677651405334, 0.21781687438488007], "mape": [5109.8173828125, 5768.48095703125, 7710.74951171875, 7617.314453125, 6967.27001953125]}