{"loss": [0.07615084946155548, 0.07035621255636215, 0.07366698235273361, 0.06355127692222595, 0.06727433949708939], "mse": [0.07615084946155548, 0.07035621255636215, 0.07366698235273361, 0.06355127692222595, 0.06727433949708939], "mae": [0.07584349811077118, 0.06891845911741257, 0.07254967838525772, 0.06514719128608704, 0.06863439828157425], "mape": [53.193660736083984, 54.616188049316406, 51.0673828125, 46.14634323120117, 50.914710998535156]}