{"loss": [0.20013383030891418, 0.19760118424892426, 0.1949833780527115, 0.18974457681179047, 0.1860649138689041], "mse": [0.20013383030891418, 0.19760118424892426, 0.1949833780527115, 0.18974457681179047, 0.1860649138689041], "mae": [0.3301580548286438, 0.3320724666118622, 0.32870978116989136, 0.3260458707809448, 0.32403430342674255], "mape": [297.91259765625, 247.8751983642578, 282.3799133300781, 209.41464233398438, 225.44174194335938]}