{"loss": [0.04447424039244652, 0.04246176779270172, 0.04048227518796921, 0.04459059610962868, 0.039162952452898026], "mse": [0.04447424039244652, 0.04246176779270172, 0.04048227518796921, 0.04459059610962868, 0.039162952452898026], "mae": [0.10155188292264938, 0.09897413849830627, 0.09806426614522934, 0.09996740520000458, 0.09510333836078644], "mape": [31.725339889526367, 32.993316650390625, 32.13157653808594, 30.361623764038086, 30.00765037536621]}