{"loss": [0.08907236903905869, 0.08679132908582687, 0.08702931553125381, 0.08693577349185944, 0.08578124642372131], "mse": [0.08907236903905869, 0.08679132908582687, 0.08702931553125381, 0.08693577349185944, 0.08578124642372131], "mae": [0.22852963209152222, 0.22590665519237518, 0.22451592981815338, 0.22573570907115936, 0.2257060706615448], "mape": [5142.08056640625, 5759.68798828125, 7306.01904296875, 7720.947265625, 6529.16748046875]}