{"loss": [0.21448302268981934, 0.20433175563812256, 0.2020566463470459, 0.19590717554092407, 0.19116517901420593], "mse": [0.21448302268981934, 0.20433175563812256, 0.2020566463470459, 0.19590717554092407, 0.19116517901420593], "mae": [0.3367694020271301, 0.32918405532836914, 0.3265838921070099, 0.3209395408630371, 0.3178156614303589], "mape": [233.8263702392578, 236.46775817871094, 215.2757110595703, 202.37796020507812, 211.53466796875]}