{"loss": [0.17425288259983063, 0.1723558008670807, 0.16958774626255035, 0.1648343801498413, 0.16170264780521393], "mse": [0.17425288259983063, 0.1723558008670807, 0.16958774626255035, 0.1648343801498413, 0.16170264780521393], "mae": [0.30723705887794495, 0.3062596619129181, 0.3027043342590332, 0.300548791885376, 0.30038705468177795], "mape": [299.0367736816406, 243.79226684570312, 277.4465637207031, 199.54290771484375, 213.04312133789062]}