{"loss": [0.10306080430746078, 0.10076556354761124, 0.10172624886035919, 0.10260070115327835, 0.09915825724601746], "mse": [0.10306080430746078, 0.10076556354761124, 0.10172624886035919, 0.10260070115327835, 0.09915825724601746], "mae": [0.24769632518291473, 0.2438121736049652, 0.24471355974674225, 0.2461538016796112, 0.24157875776290894], "mape": [103.81759643554688, 114.198974609375, 108.56575012207031, 97.90643310546875, 107.2601318359375]}