{"loss": [0.08440829068422318, 0.08481384068727493, 0.08430997282266617, 0.08623239398002625, 0.08382132649421692], "mse": [0.08440829068422318, 0.08481384068727493, 0.08430997282266617, 0.08623239398002625, 0.08382132649421692], "mae": [0.22592975199222565, 0.22376561164855957, 0.22363907098770142, 0.22529953718185425, 0.22306357324123383], "mape": [91.69786834716797, 103.88066864013672, 97.35204315185547, 87.69615936279297, 97.07027435302734]}