{"loss": [0.09514762461185455, 0.09386495500802994, 0.0937412828207016, 0.09374723583459854, 0.09165245294570923], "mse": [0.09514762461185455, 0.09386495500802994, 0.0937412828207016, 0.09374723583459854, 0.09165245294570923], "mae": [0.23525136709213257, 0.23224934935569763, 0.23175115883350372, 0.231227308511734, 0.2304752767086029], "mape": [73.15406799316406, 70.6175765991211, 74.55514526367188, 74.87837982177734, 72.56124114990234]}