{"losses": [0.4569147229194641, 0.35848531126976013, 0.3126092255115509, 0.28144970536231995, 0.2634880542755127, 0.24806053936481476, 0.23630273342132568, 0.22220183908939362, 0.21417169272899628, 0.2042170763015747, 0.19675292074680328, 0.19076289236545563, 0.18395620584487915, 0.18043655157089233, 0.17310547828674316, 0.173139289021492, 0.16704338788986206, 0.16353309154510498, 0.15930664539337158, 0.1575225442647934, 0.15340648591518402, 0.15234601497650146, 0.1505909562110901, 0.14695747196674347, 0.14752952754497528, 0.14588409662246704, 0.13924092054367065, 0.14010538160800934, 0.13824810087680817, 0.13874000310897827, 0.13651031255722046, 0.1357080042362213, 0.1371958702802658, 0.13174906373023987, 0.13241234421730042, 0.13071812689304352, 0.1285935789346695, 0.1288571059703827, 0.12758874893188477, 0.12849286198616028, 0.1253228336572647, 0.12510545551776886, 0.12359250336885452, 0.12356958538293839, 0.12444692105054855, 0.1212015300989151, 0.12133965641260147, 0.1198069229722023, 0.11878060549497604, 0.11897667497396469, 0.11932723969221115, 0.11849590390920639, 0.11749743670225143, 0.11669638752937317, 0.11463158577680588, 0.1156308501958847, 0.11588630080223083, 0.11512038856744766, 0.11533079296350479, 0.11399709433317184], "rmses": [0.6759546751960993, 0.5987364288814905, 0.5591146801073559, 0.5305183364996161, 0.5133108748853006, 0.49805676319553654, 0.4861097956442821, 0.4713829007180825, 0.46278687614170333, 0.4519038352366294, 0.4435683946662603, 0.4367641152446657, 0.42890116092740893, 0.42477823810888937, 0.4160594648445618, 0.4161000949549183, 0.4087094174225278, 0.4043922496105792, 0.39913236575523614, 0.3968910987472425, 0.39167140043049353, 0.3903152763811602, 0.3880605058635703, 0.3833503253771196, 0.3840957270589915, 0.3819477668771831, 0.37314999737862875, 0.3743065342844142, 0.3718172950211006, 0.37247819145418204, 0.36947302006671673, 0.3683856732233507, 0.3703996089094396, 0.3629725385345837, 0.36388507006649834, 0.36154961885340653, 0.3585994686759442, 0.35896671986464523, 0.3571956731707213, 0.35845901018967324, 0.35400965192670203, 0.3537024957754311, 0.3515572547521307, 0.35152465828578566, 0.352770351717018, 0.34814010125079686, 0.34833842224566824, 0.3461313666401852, 0.3446456230608131, 0.3449299566201299, 0.34543775082091294, 0.344232340010648, 0.3427789910456174, 0.34160852964961685, 0.3385728662737253, 0.3400453649086908, 0.3404207702274214, 0.3392939559842581, 0.33960387654369434, 0.33763455737405174]}