{"loss": [0.13953086733818054, 0.13526581227779388, 0.13472194969654083, 0.13210409879684448, 0.1303548365831375], "mse": [0.13953086733818054, 0.13526581227779388, 0.13472194969654083, 0.13210409879684448, 0.1303548365831375], "mae": [0.2795325219631195, 0.2741154134273529, 0.2774536609649658, 0.27171728014945984, 0.27088743448257446], "mape": [206.3640899658203, 208.76808166503906, 186.06283569335938, 191.5034637451172, 195.5059356689453]}