{"loss": [0.2223661094903946, 0.22187966108322144, 0.2237398624420166, 0.21960122883319855, 0.2191704511642456], "mse": [0.2223661094903946, 0.22187966108322144, 0.2237398624420166, 0.21960122883319855, 0.2191704511642456], "mae": [0.28315794467926025, 0.2814262807369232, 0.27943217754364014, 0.2797587215900421, 0.2793470025062561], "mape": [254.7820281982422, 371.1315002441406, 339.93975830078125, 370.0762634277344, 386.47381591796875]}