{"loss": [0.07423699647188187, 0.07312764972448349, 0.07363678514957428, 0.07297743111848831, 0.07289528846740723], "mse": [0.07423699647188187, 0.07312764972448349, 0.07363678514957428, 0.07297743111848831, 0.07289528846740723], "mae": [0.21037603914737701, 0.2100270539522171, 0.20905598998069763, 0.2091008424758911, 0.21033574640750885], "mape": [3236.36474609375, 3396.951171875, 5548.32421875, 5863.1806640625, 4576.74658203125]}