{"loss": [0.12641707062721252, 0.12636418640613556, 0.12434589117765427, 0.12612783908843994, 0.12550640106201172], "mse": [0.12641707062721252, 0.12636418640613556, 0.12434589117765427, 0.12612783908843994, 0.12550640106201172], "mae": [0.20865419507026672, 0.2096278965473175, 0.2075992375612259, 0.2061922401189804, 0.20785868167877197], "mape": [46.750732421875, 47.04681396484375, 44.84804153442383, 46.42654800415039, 46.27459716796875]}