{"loss": [0.07716992497444153, 0.07526488602161407, 0.07568500936031342, 0.07555538415908813, 0.07470669597387314], "mse": [0.07716992497444153, 0.07526488602161407, 0.07568500936031342, 0.07555538415908813, 0.07470669597387314], "mae": [0.21454939246177673, 0.2134869247674942, 0.21150149405002594, 0.2132670283317566, 0.21345071494579315], "mape": [1587.978759765625, 2453.98193359375, 3487.8251953125, 2527.303466796875, 2669.7685546875]}