{"loss": [0.0451374426484108, 0.04489802569150925, 0.04495000094175339, 0.03954828903079033, 0.0334409661591053], "mse": [0.0451374426484108, 0.04489802569150925, 0.04495000094175339, 0.03954828903079033, 0.0334409661591053], "mae": [0.060881227254867554, 0.057648736983537674, 0.05848143994808197, 0.052495475858449936, 0.05439641699194908], "mape": [57.06587600708008, 49.453983306884766, 49.41398620605469, 44.3599967956543, 48.727577209472656]}