{"loss": [0.0782531127333641, 0.0787147730588913, 0.077426016330719, 0.07909096032381058, 0.07672811299562454], "mse": [0.0782531127333641, 0.0787147730588913, 0.077426016330719, 0.07909096032381058, 0.07672811299562454], "mae": [0.21222227811813354, 0.20958395302295685, 0.21033349633216858, 0.21278904378414154, 0.20943932235240936], "mape": [63.392112731933594, 63.93378829956055, 64.70488739013672, 66.50432586669922, 65.77021026611328]}