{"loss": [0.24113664031028748, 0.24033600091934204, 0.24158383905887604, 0.23716068267822266, 0.23709219694137573], "mse": [0.24113664031028748, 0.24033600091934204, 0.24158383905887604, 0.23716068267822266, 0.23709219694137573], "mae": [0.29425933957099915, 0.29213008284568787, 0.2902902662754059, 0.29117801785469055, 0.29001352190971375], "mape": [238.45755004882812, 279.4876403808594, 239.14215087890625, 254.2067413330078, 249.56764221191406]}