{"loss": [0.05113670602440834, 0.045823052525520325, 0.04268970340490341, 0.047989536076784134, 0.041280023753643036], "mse": [0.05113670602440834, 0.045823052525520325, 0.04268970340490341, 0.047989536076784134, 0.041280023753643036], "mae": [0.1101011261343956, 0.10382436960935593, 0.10123835504055023, 0.10517227649688721, 0.10080966353416443], "mape": [33.91514587402344, 33.689266204833984, 31.88656234741211, 32.261661529541016, 31.996374130249023]}