{"loss": [0.12088567763566971, 0.10506977140903473, 0.10121826082468033, 0.09228239208459854, 0.09079748392105103], "mse": [0.12088567763566971, 0.10506977140903473, 0.10121826082468033, 0.09228239208459854, 0.09079748392105103], "mae": [0.0948491171002388, 0.08744465559720993, 0.0848095566034317, 0.07945551723241806, 0.08378665149211884], "mape": [145.49459838867188, 150.60775756835938, 173.5284881591797, 189.50279235839844, 189.97024536132812]}