{"loss": [0.04698149859905243, 0.04007362201809883, 0.03703821077942848, 0.03762506693601608, 0.0339367650449276], "mse": [0.04698149859905243, 0.04007362201809883, 0.03703821077942848, 0.03762506693601608, 0.0339367650449276], "mae": [0.10827625542879105, 0.09742607921361923, 0.0944850891828537, 0.09414079785346985, 0.09385384619235992], "mape": [36.06161880493164, 35.04425048828125, 31.702077865600586, 33.85944366455078, 33.068511962890625]}