{"loss": [0.10141944885253906, 0.09870512783527374, 0.09782243520021439, 0.09712278842926025, 0.09488611668348312], "mse": [0.10141944885253906, 0.09870512783527374, 0.09782243520021439, 0.09712278842926025, 0.09488611668348312], "mae": [0.24340151250362396, 0.23905955255031586, 0.23648792505264282, 0.23584778606891632, 0.23503263294696808], "mape": [75.16380310058594, 72.41483306884766, 76.67057037353516, 76.8425064086914, 74.75714874267578]}