{"loss": [0.27770718932151794, 0.26223576068878174, 0.25108054280281067, 0.23830801248550415, 0.23053382337093353], "mse": [0.27770718932151794, 0.26223576068878174, 0.25108054280281067, 0.23830801248550415, 0.23053382337093353], "mae": [0.40249091386795044, 0.3899698555469513, 0.38008907437324524, 0.37181535363197327, 0.3625405728816986], "mape": [207.0245819091797, 195.66859436035156, 194.75843811035156, 188.8660888671875, 194.2430877685547]}