{"loss": [0.081806480884552, 0.07323817163705826, 0.0777345597743988, 0.06623964756727219, 0.07965809106826782], "mse": [0.081806480884552, 0.07323817163705826, 0.0777345597743988, 0.06623964756727219, 0.07965809106826782], "mae": [0.07843732833862305, 0.07069919258356094, 0.0736522451043129, 0.06789796054363251, 0.07487499713897705], "mape": [51.45295333862305, 46.279300689697266, 50.267059326171875, 49.35981369018555, 51.80461502075195]}