{"loss": [0.11514630913734436, 0.11471834778785706, 0.11249066889286041, 0.11404180526733398, 0.11347328871488571], "mse": [0.11514630913734436, 0.11471834778785706, 0.11249066889286041, 0.11404180526733398, 0.11347328871488571], "mae": [0.19886267185211182, 0.19770656526088715, 0.19777897000312805, 0.19550900161266327, 0.19796931743621826], "mape": [44.56627655029297, 44.34078598022461, 42.765445709228516, 43.88093948364258, 44.25688552856445]}