{"loss": [0.11624205112457275, 0.11391564458608627, 0.11242230236530304, 0.11015570908784866, 0.10845725238323212], "mse": [0.11624205112457275, 0.11391564458608627, 0.11242230236530304, 0.11015570908784866, 0.10845725238323212], "mae": [0.24128486216068268, 0.23866111040115356, 0.23817433416843414, 0.2348238229751587, 0.2307758927345276], "mape": [136.1698760986328, 124.84490966796875, 125.64663696289062, 135.44488525390625, 137.0511932373047]}