{"loss": [0.038180455565452576, 0.03494648262858391, 0.030843574553728104, 0.03737636283040047, 0.02986355870962143], "mse": [0.038180455565452576, 0.03494648262858391, 0.030843574553728104, 0.03737636283040047, 0.02986355870962143], "mae": [0.0955723226070404, 0.09132146835327148, 0.0863015428185463, 0.09326113760471344, 0.08738046884536743], "mape": [30.64853286743164, 30.213029861450195, 28.773494720458984, 29.330547332763672, 30.425039291381836]}