{"loss": [0.08592485636472702, 0.08371608704328537, 0.08334340155124664, 0.08379633724689484, 0.08271759003400803], "mse": [0.08592485636472702, 0.08371608704328537, 0.08334340155124664, 0.08379633724689484, 0.08271759003400803], "mae": [0.22539018094539642, 0.22324299812316895, 0.2208094745874405, 0.22239507734775543, 0.22433948516845703], "mape": [915.949462890625, 762.446533203125, 3538.393310546875, 3421.8935546875, 2433.486083984375]}