{"loss": [0.3819282054901123, 0.32568493485450745, 0.31442636251449585, 0.30411335825920105, 0.2973957061767578], "mse": [0.3819282054901123, 0.32568493485450745, 0.31442636251449585, 0.30411335825920105, 0.2973957061767578], "mae": [0.37195929884910583, 0.3426561653614044, 0.3327554762363434, 0.3266105353832245, 0.32277557253837585], "mape": [356.1340026855469, 330.3517150878906, 287.1166687011719, 285.3686828613281, 268.8930358886719]}