{"loss": [0.22671420872211456, 0.22672800719738007, 0.2274904102087021, 0.2240757942199707, 0.22299054265022278], "mse": [0.22671420872211456, 0.22672800719738007, 0.2274904102087021, 0.2240757942199707, 0.22299054265022278], "mae": [0.2848720848560333, 0.2851278781890869, 0.2809600830078125, 0.2822496294975281, 0.2804515063762665], "mape": [246.2737579345703, 282.9339599609375, 242.99380493164062, 262.3045654296875, 262.7257995605469]}