{"loss": [0.10408691316843033, 0.1014741063117981, 0.10144346207380295, 0.10221748054027557, 0.09933941811323166], "mse": [0.10408691316843033, 0.1014741063117981, 0.10144346207380295, 0.10221748054027557, 0.09933941811323166], "mae": [0.24711501598358154, 0.24177183210849762, 0.2424299716949463, 0.2420668751001358, 0.2396591603755951], "mape": [105.66222381591797, 110.61933898925781, 106.96232604980469, 97.16187286376953, 107.32229614257812]}