{"loss": [0.13839147984981537, 0.1348400115966797, 0.13260899484157562, 0.12950292229652405, 0.12642809748649597], "mse": [0.13839147984981537, 0.1348400115966797, 0.13260899484157562, 0.12950292229652405, 0.12642809748649597], "mae": [0.26962733268737793, 0.26714369654655457, 0.2644217312335968, 0.2607406675815582, 0.25551658868789673], "mape": [144.10443115234375, 135.87022399902344, 132.99935913085938, 143.03627014160156, 143.71693420410156]}