{"loss": [0.08262787759304047, 0.0823281854391098, 0.08112844079732895, 0.08248237520456314, 0.08079339563846588], "mse": [0.08262787759304047, 0.0823281854391098, 0.08112844079732895, 0.08248237520456314, 0.08079339563846588], "mae": [0.21901318430900574, 0.21520891785621643, 0.21632839739322662, 0.21758677065372467, 0.21638302505016327], "mape": [66.01409912109375, 64.87393188476562, 66.19786834716797, 69.48793029785156, 67.65863037109375]}