{"loss": [0.07879134267568588, 0.07703960686922073, 0.07706177979707718, 0.07740266621112823, 0.07641737163066864], "mse": [0.07879134267568588, 0.07703960686922073, 0.07706177979707718, 0.07740266621112823, 0.07641737163066864], "mae": [0.21611055731773376, 0.21531212329864502, 0.2130717784166336, 0.2144320011138916, 0.21609631180763245], "mape": [444.7784118652344, 1937.850830078125, 4968.47802734375, 4184.361328125, 3828.174560546875]}