{"loss": [0.13514220714569092, 0.12717826664447784, 0.12801367044448853, 0.1240377202630043, 0.12171467393636703], "mse": [0.13514220714569092, 0.12717826664447784, 0.12801367044448853, 0.1240377202630043, 0.12171467393636703], "mae": [0.2747781276702881, 0.2622225284576416, 0.2613612711429596, 0.25551658868789673, 0.2549514174461365], "mape": [202.5911102294922, 204.76451110839844, 196.76344299316406, 210.23472595214844, 203.34922790527344]}