{"loss": [0.10838568210601807, 0.10540619492530823, 0.10639011114835739, 0.10657905042171478, 0.10289739072322845], "mse": [0.10838568210601807, 0.10540619492530823, 0.10639011114835739, 0.10657905042171478, 0.10289739072322845], "mae": [0.25325652956962585, 0.24899792671203613, 0.2497950792312622, 0.2510782778263092, 0.2458484172821045], "mape": [108.95793914794922, 118.484130859375, 112.42609405517578, 100.84112548828125, 110.57826232910156]}