{"loss": [0.10073857754468918, 0.09754998981952667, 0.09662284702062607, 0.09616442769765854, 0.09522812068462372], "mse": [0.10073857754468918, 0.09754998981952667, 0.09662284702062607, 0.09616442769765854, 0.09522812068462372], "mae": [0.24187731742858887, 0.23917539417743683, 0.2357373684644699, 0.2361598014831543, 0.23744672536849976], "mape": [2209.402587890625, 2261.89892578125, 2948.680908203125, 2766.4462890625, 1317.3052978515625]}