{"loss": [0.09581552445888519, 0.09397988021373749, 0.09295763820409775, 0.09508480131626129, 0.09241741895675659], "mse": [0.09581552445888519, 0.09397988021373749, 0.09295763820409775, 0.09508480131626129, 0.09241741895675659], "mae": [0.23926326632499695, 0.23376238346099854, 0.23231945931911469, 0.23433318734169006, 0.23222817480564117], "mape": [104.80645751953125, 108.20556640625, 104.03095245361328, 95.45978546142578, 104.76155090332031]}