{"loss": [0.08989255875349045, 0.08934830129146576, 0.08808714151382446, 0.08898606896400452, 0.08735187351703644], "mse": [0.08989255875349045, 0.08934830129146576, 0.08808714151382446, 0.08898606896400452, 0.08735187351703644], "mae": [0.2286912053823471, 0.22530291974544525, 0.22527199983596802, 0.22597534954547882, 0.22491669654846191], "mape": [70.2130355834961, 68.40126037597656, 70.74126434326172, 72.96965789794922, 71.84236907958984]}