{"loss": [0.07860355824232101, 0.07855453342199326, 0.07745318114757538, 0.07859646528959274, 0.07733127474784851], "mse": [0.07860355824232101, 0.07855453342199326, 0.07745318114757538, 0.07859646528959274, 0.07733127474784851], "mae": [0.21404781937599182, 0.21043160557746887, 0.21193893253803253, 0.21245869994163513, 0.2115226835012436], "mape": [63.974029541015625, 62.983795166015625, 63.82688903808594, 67.52527618408203, 64.91146850585938]}