{"loss": [0.11561734229326248, 0.1151311844587326, 0.11316157877445221, 0.11469382047653198, 0.11434483528137207], "mse": [0.11561734229326248, 0.1151311844587326, 0.11316157877445221, 0.11469382047653198, 0.11434483528137207], "mae": [0.2006521075963974, 0.19982881844043732, 0.19990943372249603, 0.19723212718963623, 0.20034345984458923], "mape": [44.522743225097656, 44.29367446899414, 42.801124572753906, 43.85943603515625, 44.31394577026367]}