{"loss": [0.08875769376754761, 0.07857049256563187, 0.08311310410499573, 0.07301346957683563, 0.07578438520431519], "mse": [0.08875769376754761, 0.07857049256563187, 0.08311310410499573, 0.07301346957683563, 0.07578438520431519], "mae": [0.08072783797979355, 0.07290009409189224, 0.07842927426099777, 0.07105857133865356, 0.07293624430894852], "mape": [49.289737701416016, 51.933563232421875, 53.263771057128906, 47.21402359008789, 50.67276382446289]}