{"loss": [0.21381574869155884, 0.14205200970172882, 0.13391074538230896, 0.12836921215057373, 0.12096676230430603], "mse": [0.21381574869155884, 0.14205200970172882, 0.13391074538230896, 0.12836921215057373, 0.12096676230430603], "mae": [0.33323344588279724, 0.2841429114341736, 0.27402186393737793, 0.26755690574645996, 0.26239895820617676], "mape": [155.3966827392578, 137.3833770751953, 122.87263488769531, 109.96833801269531, 119.2569351196289]}