{"loss": [0.09912269562482834, 0.09737042337656021, 0.09806706756353378, 0.09941057115793228, 0.09608867764472961], "mse": [0.09912269562482834, 0.09737042337656021, 0.09806706756353378, 0.09941057115793228, 0.09608867764472961], "mae": [0.24374130368232727, 0.2396848201751709, 0.24071457982063293, 0.2419109344482422, 0.2380373775959015], "mape": [100.72987365722656, 111.46258544921875, 105.8143310546875, 95.68482208251953, 104.82965087890625]}