{"loss": [0.07615083456039429, 0.07035619765520096, 0.07366696745157242, 0.06355129927396774, 0.06727433949708939], "mse": [0.07615083456039429, 0.07035619765520096, 0.07366696745157242, 0.06355129927396774, 0.06727433949708939], "mae": [0.07584349811077118, 0.06891845166683197, 0.07254966348409653, 0.06514719128608704, 0.06863439828157425], "mape": [53.193702697753906, 54.616188049316406, 51.06742477416992, 46.146331787109375, 50.914710998535156]}