{"loss": [0.11324454843997955, 0.1110258623957634, 0.11076159030199051, 0.1069716066122055, 0.10697883367538452], "mse": [0.11324454843997955, 0.1110258623957634, 0.11076159030199051, 0.1069716066122055, 0.10697883367538452], "mae": [0.244546577334404, 0.24114389717578888, 0.2407388538122177, 0.23488157987594604, 0.23432768881320953], "mape": [115.888671875, 106.12969207763672, 121.5048599243164, 113.12307739257812, 117.80140686035156]}