{"loss": [0.1862548440694809, 0.1842331737279892, 0.18147173523902893, 0.176596000790596, 0.17329469323158264], "mse": [0.1862548440694809, 0.1842331737279892, 0.18147173523902893, 0.176596000790596, 0.17329469323158264], "mae": [0.3176003694534302, 0.318187415599823, 0.3148159086704254, 0.3124628961086273, 0.3116108179092407], "mape": [298.0920104980469, 246.8193359375, 279.88543701171875, 204.94515991210938, 220.1531219482422]}