{"loss": [0.21267174184322357, 0.14696991443634033, 0.13484717905521393, 0.12925104796886444, 0.12165728956460953], "mse": [0.21267174184322357, 0.14696991443634033, 0.13484717905521393, 0.12925104796886444, 0.12165728956460953], "mae": [0.3442828357219696, 0.28684672713279724, 0.2778736352920532, 0.268571138381958, 0.2621789574623108], "mape": [166.55625915527344, 145.64393615722656, 130.1937713623047, 115.47948455810547, 117.67588806152344]}