{"loss": [0.046296387910842896, 0.044352784752845764, 0.04229244217276573, 0.046172790229320526, 0.04062670096755028], "mse": [0.046296387910842896, 0.044352784752845764, 0.04229244217276573, 0.046172790229320526, 0.04062670096755028], "mae": [0.10396284610033035, 0.10127606242895126, 0.09969909489154816, 0.10126449912786484, 0.09616998583078384], "mape": [32.63202667236328, 33.786067962646484, 32.767486572265625, 30.757585525512695, 30.028404235839844]}