{"loss": [0.3345820903778076, 0.32012417912483215, 0.3161472678184509, 0.30759483575820923, 0.3002949357032776], "mse": [0.3345820903778076, 0.32012417912483215, 0.3161472678184509, 0.30759483575820923, 0.3002949357032776], "mae": [0.42105287313461304, 0.4090134799480438, 0.4072129726409912, 0.3986963629722595, 0.3986230194568634], "mape": [247.01380920410156, 238.76361083984375, 245.1416473388672, 237.19898986816406, 240.90890502929688]}