{"loss": [0.26995664834976196, 0.26872095465660095, 0.27035242319107056, 0.26504889130592346, 0.26390689611434937], "mse": [0.26995664834976196, 0.26872095465660095, 0.27035242319107056, 0.26504889130592346, 0.26390689611434937], "mae": [0.3044125735759735, 0.30465343594551086, 0.3027177155017853, 0.3025985360145569, 0.30315932631492615], "mape": [253.0470733642578, 348.6753234863281, 296.10919189453125, 357.9623718261719, 363.201904296875]}