{"loss": [0.22833135724067688, 0.22777734696865082, 0.2294357717037201, 0.2249879688024521, 0.22481538355350494], "mse": [0.22833135724067688, 0.22777734696865082, 0.2294357717037201, 0.2249879688024521, 0.22481538355350494], "mae": [0.2863932251930237, 0.28441131114959717, 0.28318995237350464, 0.28282836079597473, 0.283376544713974], "mape": [255.6195831298828, 361.7886657714844, 328.0152282714844, 363.4559020996094, 381.5195007324219]}