{"loss": [0.23537293076515198, 0.23174920678138733, 0.2288336604833603, 0.22265170514583588, 0.21697404980659485], "mse": [0.23537293076515198, 0.23174920678138733, 0.2288336604833603, 0.22265170514583588, 0.21697404980659485], "mae": [0.3658369779586792, 0.36613893508911133, 0.3642895221710205, 0.3592246174812317, 0.3544340133666992], "mape": [311.13592529296875, 249.3751220703125, 299.4779968261719, 225.93780517578125, 244.24806213378906]}