{"loss": [0.12143988907337189, 0.12135761231184006, 0.11922196298837662, 0.1207859069108963, 0.1203039139509201], "mse": [0.12143988907337189, 0.12135761231184006, 0.11922196298837662, 0.1207859069108963, 0.1203039139509201], "mae": [0.20479761064052582, 0.20517055690288544, 0.20399872958660126, 0.2016865313053131, 0.20448872447013855], "mape": [45.5979118347168, 45.80897903442383, 43.85348129272461, 45.19767379760742, 45.4355354309082]}