{"loss": [0.1274738758802414, 0.12737739086151123, 0.12504369020462036, 0.12686018645763397, 0.12599164247512817], "mse": [0.1274738758802414, 0.12737739086151123, 0.12504369020462036, 0.12686018645763397, 0.12599164247512817], "mae": [0.2088775783777237, 0.20965415239334106, 0.2079615294933319, 0.2064214050769806, 0.20762290060520172], "mape": [46.91404342651367, 47.20464324951172, 44.945735931396484, 46.485408782958984, 46.14824295043945]}