{"loss": [0.08262787014245987, 0.08232817053794861, 0.08112844079732895, 0.08248236030340195, 0.08079338818788528], "mse": [0.08262787014245987, 0.08232817053794861, 0.08112844079732895, 0.08248236030340195, 0.08079338818788528], "mae": [0.21901312470436096, 0.21520893275737762, 0.21632839739322662, 0.21758674085140228, 0.21638299524784088], "mape": [66.01409912109375, 64.87393188476562, 66.19786834716797, 69.48792266845703, 67.65863037109375]}