{"loss": [0.26722702383995056, 0.259644478559494, 0.259452223777771, 0.2541082203388214, 0.24789701402187347], "mse": [0.26722702383995056, 0.259644478559494, 0.259452223777771, 0.2541082203388214, 0.24789701402187347], "mae": [0.3741116225719452, 0.3661225736141205, 0.36797648668289185, 0.3604670763015747, 0.35992032289505005], "mape": [235.0740509033203, 227.43772888183594, 231.60520935058594, 224.59469604492188, 226.07801818847656]}