{"loss": [0.12023606896400452, 0.11532849073410034, 0.11496961116790771, 0.11386817693710327, 0.10961759090423584], "mse": [0.12023606896400452, 0.11532849073410034, 0.11496961116790771, 0.11386817693710327, 0.10961759090423584], "mae": [0.2629562020301819, 0.25703155994415283, 0.2570459246635437, 0.2530336380004883, 0.25064605474472046], "mape": [111.35894012451172, 114.91259765625, 110.76134490966797, 99.06539154052734, 110.64654541015625]}