{"loss": [0.11752860248088837, 0.10092513263225555, 0.09997765719890594, 0.09602591395378113, 0.08998271822929382], "mse": [0.11752860248088837, 0.10092513263225555, 0.09997765719890594, 0.09602591395378113, 0.08998271822929382], "mae": [0.09377672523260117, 0.08480575680732727, 0.08810234814882278, 0.08307584375143051, 0.0796155035495758], "mape": [49.941864013671875, 48.10374069213867, 53.261390686035156, 55.56400680541992, 50.071449279785156]}