{"loss": [0.2768036127090454, 0.27607735991477966, 0.27647584676742554, 0.2708359956741333, 0.26948946714401245], "mse": [0.2768036127090454, 0.27607735991477966, 0.27647584676742554, 0.2708359956741333, 0.26948946714401245], "mae": [0.30967697501182556, 0.3095982074737549, 0.3076986074447632, 0.3073258697986603, 0.30680418014526367], "mape": [258.6454772949219, 291.53228759765625, 249.03256225585938, 256.50115966796875, 251.3380126953125]}