{"loss": [0.045137424021959305, 0.044898033142089844, 0.04494998976588249, 0.03954831510782242, 0.03344095125794411], "mse": [0.045137424021959305, 0.044898033142089844, 0.04494998976588249, 0.03954831510782242, 0.03344095125794411], "mae": [0.06088121235370636, 0.05764869973063469, 0.05848146602511406, 0.052495457231998444, 0.054396387189626694], "mape": [57.06587600708008, 49.453975677490234, 49.413944244384766, 44.35997772216797, 48.72761154174805]}