{"loss": [0.08725960552692413, 0.08679815381765366, 0.085625059902668, 0.08673840761184692, 0.08515209704637527], "mse": [0.08725960552692413, 0.08679815381765366, 0.085625059902668, 0.08673840761184692, 0.08515209704637527], "mae": [0.22503580152988434, 0.2216135710477829, 0.2222888469696045, 0.223008930683136, 0.2218593955039978], "mape": [68.75067138671875, 67.14610290527344, 69.06532287597656, 71.61304473876953, 70.4128189086914]}