{"loss": [0.11624205112457275, 0.11391565948724747, 0.11242227256298065, 0.11015570908784866, 0.10845722258090973], "mse": [0.11624205112457275, 0.11391565948724747, 0.11242227256298065, 0.11015570908784866, 0.10845722258090973], "mae": [0.24128487706184387, 0.23866115510463715, 0.23817431926727295, 0.23482383787631989, 0.23077593743801117], "mape": [136.16989135742188, 124.84484100341797, 125.6466064453125, 135.44483947753906, 137.0512237548828]}