{"loss": [0.07879135757684708, 0.07703960686922073, 0.07706177234649658, 0.07740265876054764, 0.07641737908124924], "mse": [0.07879135757684708, 0.07703960686922073, 0.07706177234649658, 0.07740265876054764, 0.07641737908124924], "mae": [0.21611051261425018, 0.2153121680021286, 0.21307183802127838, 0.21443204581737518, 0.21609635651111603], "mape": [444.7691345214844, 1937.8487548828125, 4968.47509765625, 4184.35986328125, 3828.181884765625]}