{"loss": [0.08486838638782501, 0.0844605341553688, 0.08328987658023834, 0.0845939964056015, 0.08294980227947235], "mse": [0.08486838638782501, 0.0844605341553688, 0.08328987658023834, 0.0845939964056015, 0.08294980227947235], "mae": [0.22181381285190582, 0.2182663381099701, 0.21921668946743011, 0.22008049488067627, 0.21908436715602875], "mape": [67.31375122070312, 65.9955825805664, 67.48014831542969, 70.43766784667969, 69.03064727783203]}