{"loss": [0.12747184932231903, 0.12737800180912018, 0.1250438392162323, 0.1268610954284668, 0.12599210441112518], "mse": [0.12747184932231903, 0.12737800180912018, 0.1250438392162323, 0.1268610954284668, 0.12599210441112518], "mae": [0.20887674391269684, 0.20965437591075897, 0.2079610973596573, 0.2064216434955597, 0.2076229602098465], "mape": [46.91426467895508, 47.20471954345703, 44.94571304321289, 46.485572814941406, 46.14851379394531]}