{"loss": [0.2411366105079651, 0.24033594131469727, 0.24158383905887604, 0.23716072738170624, 0.23709222674369812], "mse": [0.2411366105079651, 0.24033594131469727, 0.24158383905887604, 0.23716072738170624, 0.23709222674369812], "mae": [0.29425936937332153, 0.29213008284568787, 0.2902902662754059, 0.2911779582500458, 0.29001352190971375], "mape": [238.4575653076172, 279.4876403808594, 239.1421661376953, 254.2067108154297, 249.56761169433594]}