{"loss": [0.062046363949775696, 0.05795611813664436, 0.062190525233745575, 0.05541151016950607, 0.058506112545728683], "mse": [0.062046363949775696, 0.05795611813664436, 0.062190525233745575, 0.05541151016950607, 0.058506112545728683], "mae": [0.06692475080490112, 0.06146581098437309, 0.0651620626449585, 0.06055500730872154, 0.06486107409000397], "mape": [57.70487594604492, 47.73307418823242, 50.54676055908203, 45.893306732177734, 51.378997802734375]}