{"loss": [0.05142785981297493, 0.04392331838607788, 0.041059065610170364, 0.041860856115818024, 0.03739709034562111], "mse": [0.05142785981297493, 0.04392331838607788, 0.041059065610170364, 0.041860856115818024, 0.03739709034562111], "mae": [0.11258095502853394, 0.10138106346130371, 0.09871053695678711, 0.09829515218734741, 0.09806694835424423], "mape": [37.05898666381836, 36.62096405029297, 32.6944465637207, 35.051910400390625, 34.60025405883789]}