{"loss": [0.08670610934495926, 0.08564796298742294, 0.08530967682600021, 0.08649828284978867, 0.08433342725038528], "mse": [0.08670610934495926, 0.08564796298742294, 0.08530967682600021, 0.08649828284978867, 0.08433342725038528], "mae": [0.22980256378650665, 0.22450867295265198, 0.2256253957748413, 0.22619548439979553, 0.22291678190231323], "mape": [96.6374740600586, 97.89141845703125, 96.63496398925781, 88.53804016113281, 96.87515258789062]}