{"loss": [0.09223370254039764, 0.09075669199228287, 0.08941420912742615, 0.09183914959430695, 0.08927404880523682], "mse": [0.09223370254039764, 0.09075669199228287, 0.08941420912742615, 0.09183914959430695, 0.08927404880523682], "mae": [0.2354545295238495, 0.23012100160121918, 0.22840236127376556, 0.2305637001991272, 0.22890883684158325], "mape": [103.68343353271484, 106.32963562011719, 102.05329895019531, 93.99838256835938, 102.9347915649414]}