{"loss": [0.23929546773433685, 0.2282029539346695, 0.22678892314434052, 0.22090815007686615, 0.21425312757492065], "mse": [0.23929546773433685, 0.2282029539346695, 0.22678892314434052, 0.22090815007686615, 0.21425312757492065], "mae": [0.3543647229671478, 0.34634390473365784, 0.34500959515571594, 0.33961185812950134, 0.3358666002750397], "mape": [247.84671020507812, 251.01190185546875, 232.69662475585938, 222.7464141845703, 229.14822387695312]}