{"loss": [0.09442834556102753, 0.09169445931911469, 0.09062641859054565, 0.09070832282304764, 0.08932339400053024], "mse": [0.09442834556102753, 0.09169445931911469, 0.09062641859054565, 0.09070832282304764, 0.08932339400053024], "mae": [0.23484942317008972, 0.2317815124988556, 0.22844721376895905, 0.23010724782943726, 0.23070736229419708], "mape": [738.54345703125, 439.59375, 1897.8499755859375, 2251.756103515625, 788.4454956054688]}