{"loss": [0.048305757343769073, 0.04580409452319145, 0.04427241161465645, 0.04797954484820366, 0.042475663125514984], "mse": [0.048305757343769073, 0.04580409452319145, 0.04427241161465645, 0.04797954484820366, 0.042475663125514984], "mae": [0.10618026554584503, 0.10291037708520889, 0.10128312557935715, 0.10311383754014969, 0.09814140200614929], "mape": [33.444618225097656, 33.95889663696289, 33.26175308227539, 31.396780014038086, 30.44729995727539]}