{"loss": [0.051416005939245224, 0.04984432831406593, 0.048568207770586014, 0.045537110418081284, 0.04108741134405136], "mse": [0.051416005939245224, 0.04984432831406593, 0.048568207770586014, 0.045537110418081284, 0.04108741134405136], "mae": [0.06271678954362869, 0.058780718594789505, 0.05892166867852211, 0.05318675562739372, 0.05773652344942093], "mape": [55.5538444519043, 48.09947204589844, 48.3875617980957, 43.22236633300781, 50.05207443237305]}