{"loss": [0.12010747939348221, 0.11532606184482574, 0.11395584046840668, 0.11280550062656403, 0.10906600207090378], "mse": [0.12010747939348221, 0.11532606184482574, 0.11395584046840668, 0.11280550062656403, 0.10906600207090378], "mae": [0.2629599869251251, 0.2559643089771271, 0.2567645013332367, 0.25294381380081177, 0.24958156049251556], "mape": [117.8914794921875, 115.70899963378906, 109.61334991455078, 99.25695037841797, 106.72817993164062]}