{"loss": [0.12071032077074051, 0.11888869106769562, 0.1187884733080864, 0.11551021039485931, 0.11566292494535446], "mse": [0.12071032077074051, 0.11888869106769562, 0.1187884733080864, 0.11551021039485931, 0.11566292494535446], "mae": [0.25121861696243286, 0.24421019852161407, 0.24379953742027283, 0.24178552627563477, 0.24244697391986847], "mape": [143.30291748046875, 137.34075927734375, 137.7754364013672, 138.09417724609375, 145.946533203125]}