{"loss": [0.5571702122688293, 0.4012162983417511, 0.36257198452949524, 0.3384261131286621, 0.3282207250595093], "mse": [0.5571702122688293, 0.4012162983417511, 0.36257198452949524, 0.3384261131286621, 0.3282207250595093], "mae": [0.5748046636581421, 0.490083783864975, 0.4670970141887665, 0.4503675103187561, 0.4422820806503296], "mape": [333.2691955566406, 362.738525390625, 376.464111328125, 309.05511474609375, 362.5744323730469]}