{"loss": [0.057896584272384644, 0.04056510701775551, 0.04971567913889885, 0.050963420420885086, 0.03367190435528755], "mse": [0.057896584272384644, 0.04056510701775551, 0.04971567913889885, 0.050963420420885086, 0.03367190435528755], "mae": [0.0650840550661087, 0.05579666048288345, 0.056981589645147324, 0.0644162967801094, 0.05472250655293465], "mape": [176.7064666748047, 124.90814208984375, 161.19898986816406, 147.5264129638672, 188.55764770507812]}