{"loss": [0.09007145464420319, 0.08924589306116104, 0.08887786418199539, 0.08945165574550629, 0.08700986951589584], "mse": [0.09007145464420319, 0.08924589306116104, 0.08887786418199539, 0.08945165574550629, 0.08700986951589584], "mae": [0.22892969846725464, 0.22599811851978302, 0.22579672932624817, 0.22561033070087433, 0.22389574348926544], "mape": [69.28990936279297, 67.61164093017578, 70.47856903076172, 71.36750793457031, 68.6411361694336]}