{"loss": [0.5243947505950928, 0.396528035402298, 0.3581315279006958, 0.3343116044998169, 0.31450343132019043], "mse": [0.5243947505950928, 0.396528035402298, 0.3581315279006958, 0.3343116044998169, 0.31450343132019043], "mae": [0.5541979074478149, 0.48744693398475647, 0.4654894769191742, 0.4479534924030304, 0.43155989050865173], "mape": [579.4918212890625, 409.63372802734375, 404.13714599609375, 324.5368347167969, 341.9580993652344]}