{"loss": [0.23446966707706451, 0.23391716182231903, 0.23544910550117493, 0.2313678115606308, 0.2310183346271515], "mse": [0.23446966707706451, 0.23391716182231903, 0.23544910550117493, 0.2313678115606308, 0.2310183346271515], "mae": [0.29102128744125366, 0.28883346915245056, 0.28628480434417725, 0.2877897024154663, 0.28632816672325134], "mape": [237.09970092773438, 279.3726501464844, 237.7904052734375, 255.9180450439453, 248.66822814941406]}