{"loss": [0.07676531374454498, 0.07529259473085403, 0.07533735036849976, 0.07562040537595749, 0.07467707246541977], "mse": [0.07676531374454498, 0.07529259473085403, 0.07533735036849976, 0.07562040537595749, 0.07467707246541977], "mae": [0.21319861710071564, 0.2129329890012741, 0.21050365269184113, 0.2117849588394165, 0.21342185139656067], "mape": [470.65887451171875, 2067.074951171875, 5133.44775390625, 4314.33544921875, 4107.955078125]}