{"loss": [0.22671422362327576, 0.22672799229621887, 0.2274903655052185, 0.2240757942199707, 0.22299057245254517], "mse": [0.22671422362327576, 0.22672799229621887, 0.2274903655052185, 0.2240757942199707, 0.22299057245254517], "mae": [0.2848720848560333, 0.2851279377937317, 0.2809601128101349, 0.2822495698928833, 0.2804514765739441], "mape": [246.27377319335938, 282.9339294433594, 242.99380493164062, 262.3045654296875, 262.7258605957031]}