{"loss": [0.2463645488023758, 0.24528168141841888, 0.24737325310707092, 0.24273693561553955, 0.24257852137088776], "mse": [0.2463645488023758, 0.24528168141841888, 0.24737325310707092, 0.24273693561553955, 0.24257852137088776], "mae": [0.29453930258750916, 0.29312679171562195, 0.2920825481414795, 0.29224857687950134, 0.29277560114860535], "mape": [253.265869140625, 340.9168395996094, 297.5788269042969, 353.7998046875, 358.4561462402344]}