{"loss": [0.294531911611557, 0.29145780205726624, 0.29060274362564087, 0.2839018404483795, 0.28148576617240906], "mse": [0.294531911611557, 0.29145780205726624, 0.29060274362564087, 0.2839018404483795, 0.28148576617240906], "mae": [0.31965577602386475, 0.3186182677745819, 0.3150594234466553, 0.3138159215450287, 0.31335994601249695], "mape": [278.99908447265625, 303.4462585449219, 260.87060546875, 269.83447265625, 259.84454345703125]}