{"loss": [0.06815230846405029, 0.05956779047846794, 0.055632978677749634, 0.058235082775354385, 0.05052923783659935], "mse": [0.06815230846405029, 0.05956779047846794, 0.055632978677749634, 0.058235082775354385, 0.05052923783659935], "mae": [0.1254308670759201, 0.11665479093790054, 0.11402745544910431, 0.11327765136957169, 0.1112978607416153], "mape": [39.16561508178711, 40.57692337036133, 38.11680221557617, 38.29793930053711, 38.64215850830078]}