{"loss": [0.1372721642255783, 0.11512722074985504, 0.10892995446920395, 0.10562067478895187, 0.10180247575044632], "mse": [0.1372721642255783, 0.11512722074985504, 0.10892995446920395, 0.10562067478895187, 0.10180247575044632], "mae": [0.28632795810699463, 0.2617073655128479, 0.25225117802619934, 0.2501792311668396, 0.24490098655223846], "mape": [86.73770904541016, 78.30355072021484, 75.4250259399414, 76.7784423828125, 74.90080261230469]}