{"loss": [0.12641680240631104, 0.1263652890920639, 0.12434597313404083, 0.12612780928611755, 0.1255062371492386], "mse": [0.12641680240631104, 0.1263652890920639, 0.12434597313404083, 0.12612780928611755, 0.1255062371492386], "mae": [0.20865420997142792, 0.20962870121002197, 0.20759986340999603, 0.20619185268878937, 0.20785808563232422], "mape": [46.75105667114258, 47.04694747924805, 44.847938537597656, 46.42643356323242, 46.2744255065918]}