{"loss": [0.20406408607959747, 0.20091858506202698, 0.198593869805336, 0.19529643654823303, 0.1914658397436142], "mse": [0.20406408607959747, 0.20091858506202698, 0.198593869805336, 0.19529643654823303, 0.1914658397436142], "mae": [0.3388919234275818, 0.33610865473747253, 0.3331940472126007, 0.3336648941040039, 0.33185064792633057], "mape": [293.7870178222656, 239.99508666992188, 282.0433349609375, 227.4041290283203, 241.2991943359375]}