{"loss": [0.2138805091381073, 0.21023710072040558, 0.20622827112674713, 0.20070646703243256, 0.1984042078256607], "mse": [0.2138805091381073, 0.21023710072040558, 0.20622827112674713, 0.20070646703243256, 0.1984042078256607], "mae": [0.35091695189476013, 0.34735268354415894, 0.3441314995288849, 0.33672937750816345, 0.3371097147464752], "mape": [347.4493103027344, 288.4114990234375, 307.1986999511719, 262.7054138183594, 290.5018005371094]}