{"loss": [0.2138805389404297, 0.21023710072040558, 0.20622827112674713, 0.20070643723011017, 0.19840414822101593], "mse": [0.2138805389404297, 0.21023710072040558, 0.20622827112674713, 0.20070643723011017, 0.19840414822101593], "mae": [0.35091695189476013, 0.34735268354415894, 0.3441314995288849, 0.33672937750816345, 0.33710977435112], "mape": [347.4493713378906, 288.4115295410156, 307.19879150390625, 262.7054443359375, 290.5018005371094]}