{"loss": [0.05646604672074318, 0.054272301495075226, 0.055476658046245575, 0.05223245918750763, 0.04977281764149666], "mse": [0.05646604672074318, 0.054272301495075226, 0.055476658046245575, 0.05223245918750763, 0.04977281764149666], "mae": [0.06400331109762192, 0.060141365975141525, 0.06165972724556923, 0.05707510933279991, 0.06073245778679848], "mape": [56.78462600708008, 48.76520919799805, 49.80250930786133, 43.53708267211914, 51.025970458984375]}