{"loss": [0.4258514940738678, 0.1739385724067688, 0.14983218908309937, 0.14407847821712494, 0.1383773237466812], "mse": [0.4258514940738678, 0.1739385724067688, 0.14983218908309937, 0.14407847821712494, 0.1383773237466812], "mae": [0.4685678482055664, 0.23869842290878296, 0.22292421758174896, 0.21883295476436615, 0.21620683372020721], "mape": [71.32599639892578, 51.464229583740234, 47.89134216308594, 49.2503547668457, 48.177181243896484]}