{"loss": [0.09967650473117828, 0.09747923910617828, 0.09696805477142334, 0.0984557718038559, 0.09573627263307571], "mse": [0.09967650473117828, 0.09747923910617828, 0.09696805477142334, 0.0984557718038559, 0.09573627263307571], "mae": [0.2428884357213974, 0.23770134150981903, 0.23708808422088623, 0.23814038932323456, 0.23582664132118225], "mape": [105.39784240722656, 109.78564453125, 105.7384033203125, 96.59676361083984, 106.25138092041016]}