{"loss": [0.05113673582673073, 0.045823048800230026, 0.042689692229032516, 0.04798952490091324, 0.04128003120422363], "mse": [0.05113673582673073, 0.045823048800230026, 0.042689692229032516, 0.04798952490091324, 0.04128003120422363], "mae": [0.11010114848613739, 0.10382431745529175, 0.10123835504055023, 0.105172298848629, 0.10080965608358383], "mape": [33.915138244628906, 33.689266204833984, 31.886558532714844, 32.26167678833008, 31.996379852294922]}