{"loss": [0.11514633893966675, 0.11471836268901825, 0.11249066889286041, 0.11404182761907578, 0.11347327381372452], "mse": [0.11514633893966675, 0.11471836268901825, 0.11249066889286041, 0.11404182761907578, 0.11347327381372452], "mae": [0.198862686753273, 0.19770658016204834, 0.19777897000312805, 0.19550901651382446, 0.19796927273273468], "mape": [44.56627655029297, 44.34078598022461, 42.765445709228516, 43.880943298339844, 44.256893157958984]}