{"loss": [0.18966318666934967, 0.18728090822696686, 0.18474465608596802, 0.1819998025894165, 0.17839626967906952], "mse": [0.18966318666934967, 0.18728090822696686, 0.18474465608596802, 0.1819998025894165, 0.17839626967906952], "mae": [0.32356444001197815, 0.3228146731853485, 0.3200353980064392, 0.32009878754615784, 0.31909382343292236], "mape": [282.803955078125, 221.961181640625, 264.0715637207031, 199.2438507080078, 224.46481323242188]}