{"loss": [0.13017326593399048, 0.12774553894996643, 0.12779884040355682, 0.12374474108219147, 0.12344902008771896], "mse": [0.13017326593399048, 0.12774553894996643, 0.12779884040355682, 0.12374474108219147, 0.12344902008771896], "mae": [0.2628553509712219, 0.25532135367393494, 0.2554754912853241, 0.25271546840667725, 0.2525325119495392], "mape": [151.794677734375, 144.33633422851562, 143.4976806640625, 143.76084899902344, 154.17251586914062]}