{"loss": [0.06130894646048546, 0.05290786921977997, 0.04954477399587631, 0.05199110135436058, 0.045020945370197296], "mse": [0.06130894646048546, 0.05290786921977997, 0.04954477399587631, 0.05199110135436058, 0.045020945370197296], "mae": [0.120332732796669, 0.11048190295696259, 0.10805027931928635, 0.10794292390346527, 0.10648055374622345], "mape": [38.3256950378418, 38.97534942626953, 35.850547790527344, 37.20749282836914, 37.39702606201172]}