{"loss": [0.379485160112381, 0.326650470495224, 0.31197547912597656, 0.30027100443840027, 0.2920541763305664], "mse": [0.379485160112381, 0.326650470495224, 0.31197547912597656, 0.30027100443840027, 0.2920541763305664], "mae": [0.3736501932144165, 0.34518125653266907, 0.3325307071208954, 0.3268759250640869, 0.3223103880882263], "mape": [331.182861328125, 479.7754821777344, 424.9408874511719, 452.744140625, 453.8551940917969]}