{"loss": [0.14652246236801147, 0.13830482959747314, 0.13880521059036255, 0.13396047055721283, 0.13164326548576355], "mse": [0.14652246236801147, 0.13830482959747314, 0.13880521059036255, 0.13396047055721283, 0.13164326548576355], "mae": [0.28571802377700806, 0.27294811606407166, 0.27195680141448975, 0.26556164026260376, 0.26564955711364746], "mape": [205.45741271972656, 205.43115234375, 196.93896484375, 212.4740447998047, 205.55825805664062]}