{"loss": [0.08719652891159058, 0.08737611770629883, 0.08599916100502014, 0.08752699941396713, 0.08517064154148102], "mse": [0.08719652891159058, 0.08737611770629883, 0.08599916100502014, 0.08752699941396713, 0.08517064154148102], "mae": [0.22478920221328735, 0.22235719859600067, 0.22142069041728973, 0.22429747879505157, 0.22225289046764374], "mape": [67.53790283203125, 67.6690673828125, 69.31356811523438, 70.90253448486328, 70.75157165527344]}