{"loss": [0.24629758298397064, 0.2400446981191635, 0.24026000499725342, 0.2344752848148346, 0.22883957624435425], "mse": [0.24629758298397064, 0.2400446981191635, 0.24026000499725342, 0.2344752848148346, 0.22883957624435425], "mae": [0.35814380645751953, 0.3514246344566345, 0.35272306203842163, 0.3463553190231323, 0.3462754487991333], "mape": [228.1475830078125, 223.026611328125, 225.55088806152344, 218.0716552734375, 219.90170288085938]}