{"loss": [0.1301732063293457, 0.12774553894996643, 0.1277988702058792, 0.12374477833509445, 0.12344899028539658], "mse": [0.1301732063293457, 0.12774553894996643, 0.1277988702058792, 0.12374477833509445, 0.12344899028539658], "mae": [0.26285532116889954, 0.25532132387161255, 0.2554754912853241, 0.252715528011322, 0.25253263115882874], "mape": [151.7946319580078, 144.33631896972656, 143.4976806640625, 143.7609100341797, 154.1725311279297]}