{"loss": [0.2551991641521454, 0.24241411685943604, 0.2334568202495575, 0.22189997136592865, 0.21277227997779846], "mse": [0.2551991641521454, 0.24241411685943604, 0.2334568202495575, 0.22189997136592865, 0.21277227997779846], "mae": [0.3865274488925934, 0.37849801778793335, 0.3694843053817749, 0.3631507456302643, 0.3528788089752197], "mape": [199.29818725585938, 187.19232177734375, 181.8550567626953, 186.06478881835938, 185.9762420654297]}