{"loss": [0.2526460289955139, 0.25159481167793274, 0.25386855006217957, 0.24929331243038177, 0.24885272979736328], "mse": [0.2526460289955139, 0.25159481167793274, 0.25386855006217957, 0.24929331243038177, 0.24885272979736328], "mae": [0.2971077263355255, 0.2964390814304352, 0.29509660601615906, 0.29567742347717285, 0.2955286502838135], "mape": [244.2928009033203, 336.84027099609375, 294.0677795410156, 354.0596618652344, 355.2115478515625]}