{"loss": [0.043209660798311234, 0.03672095760703087, 0.03349413722753525, 0.034413717687129974, 0.03115817904472351], "mse": [0.043209660798311234, 0.03672095760703087, 0.03349413722753525, 0.034413717687129974, 0.03115817904472351], "mae": [0.10339666903018951, 0.09385954588651657, 0.09015492349863052, 0.09054236859083176, 0.08979392051696777], "mape": [34.40935516357422, 33.35688018798828, 30.337778091430664, 32.48590850830078, 31.69635772705078]}