{"loss": [0.24629753828048706, 0.24004466831684113, 0.240260049700737, 0.23447531461715698, 0.22883956134319305], "mse": [0.24629753828048706, 0.24004466831684113, 0.240260049700737, 0.23447531461715698, 0.22883956134319305], "mae": [0.3581438362598419, 0.3514247536659241, 0.352723091840744, 0.3463553190231323, 0.3462754487991333], "mape": [228.1475830078125, 223.02667236328125, 225.55087280273438, 218.07164001464844, 219.90167236328125]}