{"loss": [0.08564227819442749, 0.084780253469944, 0.08317729830741882, 0.08552300184965134, 0.08339942246675491], "mse": [0.08564227819442749, 0.084780253469944, 0.08317729830741882, 0.08552300184965134, 0.08339942246675491], "mae": [0.22797586023807526, 0.2234225869178772, 0.22122974693775177, 0.22342698276042938, 0.2220669537782669], "mape": [100.98116302490234, 102.35326385498047, 98.58746337890625, 91.7880859375, 99.7413558959961]}