{"loss": [0.27770721912384033, 0.26223576068878174, 0.25108054280281067, 0.23830798268318176, 0.2305338829755783], "mse": [0.27770721912384033, 0.26223576068878174, 0.25108054280281067, 0.23830798268318176, 0.2305338829755783], "mae": [0.40249091386795044, 0.3899698555469513, 0.3800891041755676, 0.3718153238296509, 0.36254069209098816], "mape": [207.02459716796875, 195.6686248779297, 194.7584228515625, 188.86605834960938, 194.2430419921875]}