{"loss": [0.11514630168676376, 0.11471837013959885, 0.11249066144227982, 0.11404179036617279, 0.11347327381372452], "mse": [0.11514630168676376, 0.11471837013959885, 0.11249066144227982, 0.11404179036617279, 0.11347327381372452], "mae": [0.1988627165555954, 0.19770659506320953, 0.19777897000312805, 0.19550900161266327, 0.19796933233737946], "mape": [44.56627655029297, 44.340789794921875, 42.765445709228516, 43.88093948364258, 44.256893157958984]}