{"loss": [0.07481629401445389, 0.07313774526119232, 0.0736391544342041, 0.07341139763593674, 0.07262327522039413], "mse": [0.07481629401445389, 0.07313774526119232, 0.0736391544342041, 0.07341139763593674, 0.07262327522039413], "mae": [0.21133121848106384, 0.21078665554523468, 0.20887671411037445, 0.21013037860393524, 0.21016183495521545], "mape": [1750.6187744140625, 2790.353759765625, 3762.8427734375, 2714.001220703125, 2991.42578125]}