{"loss": [0.1233890950679779, 0.12041384726762772, 0.12026885896921158, 0.11581341177225113, 0.11579771339893341], "mse": [0.1233890950679779, 0.12041384726762772, 0.12026885896921158, 0.11581341177225113, 0.11579771339893341], "mae": [0.2573763132095337, 0.25350427627563477, 0.2535875737667084, 0.2461986541748047, 0.24638211727142334], "mape": [118.05563354492188, 110.1609115600586, 125.84318542480469, 117.90997314453125, 121.54442596435547]}