{"loss": [0.1435927003622055, 0.1369953453540802, 0.13380303978919983, 0.13532274961471558, 0.13404802978038788], "mse": [0.1435927003622055, 0.1369953453540802, 0.13380303978919983, 0.13532274961471558, 0.13404802978038788], "mae": [0.22387345135211945, 0.21627938747406006, 0.21453911066055298, 0.21314416825771332, 0.21425315737724304], "mape": [49.28169250488281, 48.8752555847168, 46.490943908691406, 48.003753662109375, 47.668643951416016]}