{
    "losses": [
        0.4146828353404999,
        0.27410614490509033,
        0.22091984748840332,
        0.16585369408130646,
        0.10984496027231216,
        0.1029965952038765,
        0.09391234070062637,
        0.07882771641016006,
        0.07067131996154785,
        0.05859656631946564,
        0.05233631283044815,
        0.044943004846572876,
        0.0460410974919796,
        0.046502456068992615,
        0.032512594014406204,
        0.03060213290154934,
        0.029468586668372154,
        0.02342354506254196,
        0.026584306731820107,
        0.026974394917488098,
        0.0253281407058239,
        0.020635440945625305,
        0.012828106991946697,
        0.027177877724170685,
        0.01572887785732746,
        0.017497114837169647,
        0.024235554039478302,
        0.01319823320955038,
        0.01584799587726593,
        0.014575451612472534,
        0.013567774556577206,
        0.012696345336735249,
        0.014942538924515247,
        0.011915571056306362,
        0.013367429375648499,
        0.012281366623938084,
        0.014208588749170303,
        0.011635413393378258,
        0.00828360952436924,
        0.010334237478673458,
        0.013723514042794704,
        0.015611865557730198,
        0.010296451859176159,
        0.006431304384022951,
        0.013651600107550621,
        0.010099416598677635,
        0.007963761687278748,
        0.01986466348171234,
        0.0068480996415019035,
        0.006925811525434256,
        0.01231287233531475,
        0.012585178948938847,
        0.009694625623524189,
        0.005989511962980032,
        0.006417074240744114,
        0.012911282479763031,
        0.006333832163363695,
        0.014240128919482231,
        0.005803506355732679,
        0.005418798886239529
    ],
    "rmses": [
        0.6439587217675523,
        0.523551473023513,
        0.47002111387511447,
        0.4072513892932797,
        0.331428665435433,
        0.32093082619760366,
        0.3064512044365732,
        0.2807627404235827,
        0.2658407793427258,
        0.24206727643253567,
        0.22877131120498512,
        0.21199765292703804,
        0.21457189352750652,
        0.21564428132689403,
        0.18031248990129942,
        0.1749346532324266,
        0.17166416827157657,
        0.15304752550283837,
        0.16304694640446385,
        0.16423883498578556,
        0.15914817217242522,
        0.14365041227098968,
        0.11326123340290224,
        0.16485714338229535,
        0.12541482311643812,
        0.13227666021324264,
        0.15567772493031334,
        0.11488356370495469,
        0.12588882348034686,
        0.12072883504976155,
        0.11648079050460297,
        0.11267806058295132,
        0.12223967819212896,
        0.10915846763447333,
        0.11561759976598934,
        0.11082132747778328,
        0.11919978502149366,
        0.10786757341007656,
        0.09101433691660474,
        0.10165745166328663,
        0.11714740305612713,
        0.12494745118540913,
        0.10147143371006521,
        0.08019541373434612,
        0.11684006208296288,
        0.10049585363923048,
        0.08923991084306812,
        0.14094205717851696,
        0.08275324550434203,
        0.0832214607263911,
        0.11096338285810663,
        0.11218368396936716,
        0.09846128997491445,
        0.07739193732540899,
        0.08010664292519137,
        0.11362782440829812,
        0.07958537656732985,
        0.11933201129404562,
        0.0761807479336655,
        0.07361249137367604
    ]
}