{"loss": [0.2443322092294693, 0.236328125, 0.23543886840343475, 0.2292957752943039, 0.22527723014354706], "mse": [0.2443322092294693, 0.236328125, 0.23543886840343475, 0.2292957752943039, 0.22527723014354706], "mae": [0.36257120966911316, 0.3574991226196289, 0.35947152972221375, 0.3522445559501648, 0.3517216145992279], "mape": [246.2777557373047, 250.33895874023438, 239.1576690673828, 235.04417419433594, 237.1875]}