{"loss": [0.09514763951301575, 0.09386494010686874, 0.09374130517244339, 0.09374721348285675, 0.09165243059396744], "mse": [0.09514763951301575, 0.09386494010686874, 0.09374130517244339, 0.09374721348285675, 0.09165243059396744], "mae": [0.23525135219097137, 0.23224934935569763, 0.23175112903118134, 0.231227308511734, 0.2304753214120865], "mape": [73.15406799316406, 70.61759185791016, 74.55512237548828, 74.87838745117188, 72.5612564086914]}