{"loss": [0.17425285279750824, 0.1723557859659195, 0.16958774626255035, 0.16483436524868011, 0.16170264780521393], "mse": [0.17425285279750824, 0.1723557859659195, 0.16958774626255035, 0.16483436524868011, 0.16170264780521393], "mae": [0.30723708868026733, 0.30625975131988525, 0.3027043640613556, 0.3005487322807312, 0.30038711428642273], "mape": [299.0368347167969, 243.7922821044922, 277.4465637207031, 199.5429229736328, 213.04312133789062]}