{"loss": [0.11935476958751678, 0.11882486194372177, 0.11684264242649078, 0.11807408928871155, 0.11793498694896698], "mse": [0.11935476958751678, 0.11882486194372177, 0.11684264242649078, 0.11807408928871155, 0.11793498694896698], "mae": [0.2030026614665985, 0.20319309830665588, 0.2023817002773285, 0.1999400556087494, 0.20282022655010223], "mape": [45.24029541015625, 45.25634002685547, 43.5667610168457, 44.600486755371094, 44.89857482910156]}