{"loss": [0.17996594309806824, 0.17875367403030396, 0.1753874123096466, 0.17160280048847198, 0.16789349913597107], "mse": [0.17996594309806824, 0.17875367403030396, 0.1753874123096466, 0.17160280048847198, 0.16789349913597107], "mae": [0.3145381212234497, 0.3129881024360657, 0.31031936407089233, 0.3055301308631897, 0.3021199107170105], "mape": [332.9672546386719, 261.98541259765625, 279.0234680175781, 246.59072875976562, 267.7514343261719]}