{"loss": [0.07985279709100723, 0.08031069487333298, 0.0789918452501297, 0.08068332821130753, 0.07820190489292145], "mse": [0.07985279709100723, 0.08031069487333298, 0.0789918452501297, 0.08068332821130753, 0.07820190489292145], "mae": [0.21447508037090302, 0.2121376395225525, 0.21251322329044342, 0.21504460275173187, 0.21189412474632263], "mape": [64.40319061279297, 64.87657165527344, 65.7371597290039, 67.39717864990234, 66.96610260009766]}