{"loss": [0.046296376734972, 0.04435277730226517, 0.04229244962334633, 0.04617278277873993, 0.04062668979167938], "mse": [0.046296376734972, 0.04435277730226517, 0.04229244962334633, 0.04617278277873993, 0.04062668979167938], "mae": [0.10396283119916916, 0.10127606242895126, 0.09969909489154816, 0.10126451402902603, 0.09616998583078384], "mape": [32.63203430175781, 33.786067962646484, 32.76747512817383, 30.757591247558594, 30.028400421142578]}