{"loss": [0.08410637825727463, 0.08336066454648972, 0.0828644409775734, 0.08400978893041611, 0.0819854661822319], "mse": [0.08410637825727463, 0.08336066454648972, 0.0828644409775734, 0.08400978893041611, 0.0819854661822319], "mae": [0.2263960987329483, 0.2217189073562622, 0.2225591242313385, 0.22312554717063904, 0.21980856359004974], "mape": [95.53870391845703, 97.19728088378906, 95.90648651123047, 88.26136016845703, 96.47550964355469]}