{"loss": [0.2670261859893799, 0.26215073466300964, 0.2555875778198242, 0.2470151036977768, 0.2464480996131897], "mse": [0.2670261859893799, 0.26215073466300964, 0.2555875778198242, 0.2470151036977768, 0.2464480996131897], "mae": [0.3978526294231415, 0.3950669467449188, 0.39125439524650574, 0.38187921047210693, 0.3820574879646301], "mape": [374.0760498046875, 334.93499755859375, 350.8182373046875, 298.4601135253906, 330.7557067871094]}