{"loss": [0.08939231932163239, 0.08702704310417175, 0.0863863155245781, 0.08674345910549164, 0.08556258678436279], "mse": [0.08939231932163239, 0.08702704310417175, 0.0863863155245781, 0.08674345910549164, 0.08556258678436279], "mae": [0.22921033203601837, 0.22665642201900482, 0.2239658683538437, 0.22574496269226074, 0.22729778289794922], "mape": [1089.1883544921875, 246.25843811035156, 2627.6796875, 2742.5068359375, 1585.3240966796875]}