{"loss": [0.1923467218875885, 0.18782319128513336, 0.1858496218919754, 0.18207576870918274, 0.17588591575622559], "mse": [0.1923467218875885, 0.18782319128513336, 0.1858496218919754, 0.18207576870918274, 0.17588591575622559], "mae": [0.31959110498428345, 0.3137689530849457, 0.31517094373703003, 0.31056421995162964, 0.3057536482810974], "mape": [206.3532257080078, 204.08554077148438, 203.04981994628906, 197.85977172851562, 196.5941162109375]}