{"loss": [0.11336687952280045, 0.09574035555124283, 0.09557029604911804, 0.0826580673456192, 0.087309330701828], "mse": [0.11336687952280045, 0.09574035555124283, 0.09557029604911804, 0.0826580673456192, 0.087309330701828], "mae": [0.09120351821184158, 0.08571561425924301, 0.08335977792739868, 0.07754790037870407, 0.0800522044301033], "mape": [49.668582916259766, 56.90222930908203, 50.62498474121094, 54.70512771606445, 48.58943557739258]}