{"loss": [0.316927433013916, 0.2617405652999878, 0.23231260478496552, 0.21761520206928253, 0.18098057806491852], "mse": [0.316927433013916, 0.2617405652999878, 0.23231260478496552, 0.21761520206928253, 0.18098057806491852], "mae": [0.15603578090667725, 0.13897095620632172, 0.12844812870025635, 0.1223318800330162, 0.11584805697202682], "mape": [73.32255554199219, 84.64990997314453, 63.01628875732422, 56.32875442504883, 51.56361770629883]}