{"loss": [0.0862581729888916, 0.08553630113601685, 0.08494584262371063, 0.08578044176101685, 0.08282826095819473], "mse": [0.0862581729888916, 0.08553630113601685, 0.08494584262371063, 0.08578044176101685, 0.08282826095819473], "mae": [0.22367197275161743, 0.21981015801429749, 0.21981677412986755, 0.22019729018211365, 0.21777337789535522], "mape": [66.58535766601562, 65.73255157470703, 67.36803436279297, 69.25299835205078, 65.43450164794922]}