{"loss": [0.2475491464138031, 0.24743030965328217, 0.2479761838912964, 0.24352793395519257, 0.24294129014015198], "mse": [0.2475491464138031, 0.24743030965328217, 0.2479761838912964, 0.24352793395519257, 0.24294129014015198], "mae": [0.29670199751853943, 0.29662835597991943, 0.2943783700466156, 0.29375341534614563, 0.2928503751754761], "mape": [245.82017517089844, 278.8681335449219, 243.6973876953125, 254.48150634765625, 256.2318420410156]}