{"loss": [0.13953085243701935, 0.13526584208011627, 0.13472190499305725, 0.13210412859916687, 0.13035480678081512], "mse": [0.13953085243701935, 0.13526584208011627, 0.13472190499305725, 0.13210412859916687, 0.13035480678081512], "mae": [0.27953243255615234, 0.2741153836250305, 0.2774536609649658, 0.2717173397541046, 0.27088743448257446], "mape": [206.36410522460938, 208.76805114746094, 186.06285095214844, 191.50343322753906, 195.5059356689453]}