{"loss": [0.3819282054901123, 0.3256849944591522, 0.31442633271217346, 0.30411332845687866, 0.2973957061767578], "mse": [0.3819282054901123, 0.3256849944591522, 0.31442633271217346, 0.30411332845687866, 0.2973957061767578], "mae": [0.3719593286514282, 0.3426561653614044, 0.3327554762363434, 0.3266105055809021, 0.32277563214302063], "mape": [356.1340637207031, 330.3516845703125, 287.11663818359375, 285.3686828613281, 268.89306640625]}