{"loss": [0.2102195918560028, 0.20519036054611206, 0.20393896102905273, 0.19904029369354248, 0.1931690126657486], "mse": [0.2102195918560028, 0.20519036054611206, 0.20393896102905273, 0.19904029369354248, 0.1931690126657486], "mae": [0.3318908214569092, 0.32689571380615234, 0.3273879885673523, 0.32225582003593445, 0.3187338411808014], "mape": [213.16433715820312, 210.5404510498047, 209.51290893554688, 203.48385620117188, 202.8367156982422]}