{"loss": [0.26511019468307495, 0.2648656368255615, 0.2654266953468323, 0.260074645280838, 0.25933197140693665], "mse": [0.26511019468307495, 0.2648656368255615, 0.2654266953468323, 0.260074645280838, 0.25933197140693665], "mae": [0.3039513826370239, 0.3038080334663391, 0.30215567350387573, 0.30210861563682556, 0.3017052412033081], "mape": [250.69139099121094, 284.76287841796875, 245.6340789794922, 254.74600219726562, 251.6517791748047]}