{"loss": [0.2801094353199005, 0.2643306851387024, 0.2540004551410675, 0.2416975349187851, 0.2328973114490509], "mse": [0.2801094353199005, 0.2643306851387024, 0.2540004551410675, 0.2416975349187851, 0.2328973114490509], "mae": [0.40591415762901306, 0.3923273980617523, 0.38686054944992065, 0.3759039044380188, 0.369841068983078], "mape": [179.73060607910156, 162.55747985839844, 171.9826202392578, 163.06362915039062, 169.18283081054688]}