{"loss": [0.22773011028766632, 0.22240431606769562, 0.22205089032649994, 0.21663875877857208, 0.21121878921985626], "mse": [0.22773011028766632, 0.22240431606769562, 0.22205089032649994, 0.21663875877857208, 0.21121878921985626], "mae": [0.34423428773880005, 0.3393183648586273, 0.3394146263599396, 0.33443260192871094, 0.33292457461357117], "mape": [221.65060424804688, 217.90234375, 217.9704132080078, 211.0401611328125, 211.6906280517578]}