{"loss": [0.08037712424993515, 0.07855287194252014, 0.07922522723674774, 0.07886970788240433, 0.07832024991512299], "mse": [0.08037712424993515, 0.07855287194252014, 0.07922522723674774, 0.07886970788240433, 0.07832024991512299], "mae": [0.2187255173921585, 0.21625913679599762, 0.21678288280963898, 0.21731680631637573, 0.21781690418720245], "mape": [5109.8232421875, 5768.4921875, 7710.7529296875, 7617.31103515625, 6967.27392578125]}