{"loss": [0.27770715951919556, 0.26223573088645935, 0.25108057260513306, 0.23830801248550415, 0.23053385317325592], "mse": [0.27770715951919556, 0.26223573088645935, 0.25108057260513306, 0.23830801248550415, 0.23053385317325592], "mae": [0.4024909436702728, 0.3899698257446289, 0.3800891041755676, 0.37181538343429565, 0.3625405728816986], "mape": [207.0245819091797, 195.66867065429688, 194.7584228515625, 188.86602783203125, 194.2430419921875]}