{"loss": [0.11752858757972717, 0.10092511773109436, 0.09997765719890594, 0.09602588415145874, 0.08998269587755203], "mse": [0.11752858757972717, 0.10092511773109436, 0.09997765719890594, 0.09602588415145874, 0.08998269587755203], "mae": [0.09377671778202057, 0.08480574935674667, 0.08810237795114517, 0.0830758586525917, 0.07961548864841461], "mape": [49.94184875488281, 48.10374069213867, 53.2613639831543, 55.564022064208984, 50.07147979736328]}