{"loss": [0.17456404864788055, 0.16938714683055878, 0.16561861336231232, 0.16100773215293884, 0.15616367757320404], "mse": [0.17456404864788055, 0.16938714683055878, 0.16561861336231232, 0.16100773215293884, 0.15616367757320404], "mae": [0.3129758834838867, 0.30765995383262634, 0.3028849959373474, 0.2994685769081116, 0.29346540570259094], "mape": [163.44110107421875, 148.64759826660156, 142.5061492919922, 149.10659790039062, 158.49151611328125]}