{"loss": [0.0608636699616909, 0.05314454808831215, 0.06237979978322983, 0.05134274438023567, 0.05712471902370453], "mse": [0.0608636699616909, 0.05314454808831215, 0.06237979978322983, 0.05134274438023567, 0.05712471902370453], "mae": [0.06616435945034027, 0.058240532875061035, 0.06345146894454956, 0.056147173047065735, 0.060945186764001846], "mape": [50.579322814941406, 49.951236724853516, 46.267303466796875, 47.7071533203125, 51.79967498779297]}