{"loss": [0.1923467218875885, 0.18782319128513336, 0.18584959208965302, 0.18207576870918274, 0.17588591575622559], "mse": [0.1923467218875885, 0.18782319128513336, 0.18584959208965302, 0.18207576870918274, 0.17588591575622559], "mae": [0.31959113478660583, 0.3137689232826233, 0.31517094373703003, 0.31056421995162964, 0.3057536780834198], "mape": [206.35316467285156, 204.08554077148438, 203.04977416992188, 197.8597412109375, 196.5941162109375]}