{"loss": [0.165273055434227, 0.16411550343036652, 0.16079971194267273, 0.15941138565540314, 0.15567228198051453], "mse": [0.165273055434227, 0.16411550343036652, 0.16079971194267273, 0.15941138565540314, 0.15567228198051453], "mae": [0.2974790334701538, 0.30105841159820557, 0.2965760827064514, 0.29675471782684326, 0.29655200242996216], "mape": [261.6225280761719, 191.1389923095703, 227.60130310058594, 150.864013671875, 191.12843322753906]}