{"loss": [0.1081300899386406, 0.1063920184969902, 0.10505366325378418, 0.1032869964838028, 0.10253676772117615], "mse": [0.1081300899386406, 0.1063920184969902, 0.10505366325378418, 0.1032869964838028, 0.10253676772117615], "mae": [0.23006682097911835, 0.22796951234340668, 0.2275172919034958, 0.22540098428726196, 0.2227235734462738], "mape": [133.8721923828125, 120.176513671875, 120.59908294677734, 132.239013671875, 136.6962890625]}