{"loss": [0.15939196944236755, 0.15109817683696747, 0.15061818063259125, 0.14510484039783478, 0.14263519644737244], "mse": [0.15939196944236755, 0.15109817683696747, 0.15061818063259125, 0.14510484039783478, 0.14263519644737244], "mae": [0.2957117557525635, 0.2848750650882721, 0.2832699418067932, 0.2766953706741333, 0.2767001986503601], "mape": [204.22540283203125, 204.6772003173828, 196.293701171875, 212.34654235839844, 206.6879119873047]}