{"loss": [0.33224257826805115, 0.266010046005249, 0.2413564920425415, 0.21367739140987396, 0.18623022735118866], "mse": [0.33224257826805115, 0.266010046005249, 0.2413564920425415, 0.21367739140987396, 0.18623022735118866], "mae": [0.15769262611865997, 0.14175155758857727, 0.1303987354040146, 0.11691393703222275, 0.11122212558984756], "mape": [165.51687622070312, 307.4952087402344, 226.58621215820312, 199.40866088867188, 157.93356323242188]}