{"loss": [0.07676532864570618, 0.07529258728027344, 0.07533734291791916, 0.07562040537595749, 0.07467707246541977], "mse": [0.07676532864570618, 0.07529258728027344, 0.07533734291791916, 0.07562040537595749, 0.07467707246541977], "mae": [0.21319863200187683, 0.21293295919895172, 0.2105036824941635, 0.2117849588394165, 0.21342186629772186], "mape": [470.6571960449219, 2067.072021484375, 5133.44287109375, 4314.33740234375, 4107.9541015625]}