{"loss": [0.08885437995195389, 0.08770478516817093, 0.08619528263807297, 0.08865077793598175, 0.08627236634492874], "mse": [0.08885437995195389, 0.08770478516817093, 0.08619528263807297, 0.08865077793598175, 0.08627236634492874], "mae": [0.23164962232112885, 0.22676202654838562, 0.22467286884784698, 0.22699761390686035, 0.2254190593957901], "mape": [102.30587005615234, 104.34254455566406, 100.1003646850586, 92.80929565429688, 101.07213592529297]}