{"loss": [0.10039756447076797, 0.09839334338903427, 0.0959429144859314, 0.0962783470749855, 0.09371603280305862], "mse": [0.10039756447076797, 0.09839334338903427, 0.0959429144859314, 0.0962783470749855, 0.09371603280305862], "mae": [0.24344302713871002, 0.2395315021276474, 0.23530977964401245, 0.23633383214473724, 0.23442350327968597], "mape": [71.0702896118164, 72.3735122680664, 72.76210021972656, 73.88247680664062, 73.10008239746094]}