{"loss": [0.10939814150333405, 0.10623002797365189, 0.10600464046001434, 0.10572265088558197, 0.10263171792030334], "mse": [0.10939814150333405, 0.10623002797365189, 0.10600464046001434, 0.10572265088558197, 0.10263171792030334], "mae": [0.2529650032520294, 0.24630537629127502, 0.2488904446363449, 0.2467644065618515, 0.24279475212097168], "mape": [108.42160034179688, 107.7647476196289, 104.07948303222656, 94.5855484008789, 101.78584289550781]}