{"loss": [0.2102195918560028, 0.20519033074378967, 0.20393897593021393, 0.1990402638912201, 0.1931689977645874], "mse": [0.2102195918560028, 0.20519033074378967, 0.20393897593021393, 0.1990402638912201, 0.1931689977645874], "mae": [0.331890732049942, 0.32689568400382996, 0.3273879885673523, 0.3222558796405792, 0.31873390078544617], "mape": [213.16433715820312, 210.54039001464844, 209.51292419433594, 203.4838409423828, 202.8367156982422]}