{"loss": [0.11324451863765717, 0.1110258623957634, 0.1107616126537323, 0.1069716215133667, 0.10697880387306213], "mse": [0.11324451863765717, 0.1110258623957634, 0.1107616126537323, 0.1069716215133667, 0.10697880387306213], "mae": [0.24454662203788757, 0.24114392697811127, 0.2407389134168625, 0.23488152027130127, 0.23432767391204834], "mape": [115.88862609863281, 106.1296615600586, 121.5048599243164, 113.12308502197266, 117.80138397216797]}