{"loss": [0.12615950405597687, 0.12328419089317322, 0.12141711264848709, 0.11865619570016861, 0.11634641885757446], "mse": [0.12615950405597687, 0.12328419089317322, 0.12141711264848709, 0.11865619570016861, 0.11634641885757446], "mae": [0.25455331802368164, 0.25190940499305725, 0.2504289746284485, 0.24634553492069244, 0.24170953035354614], "mape": [139.7500457763672, 130.4632568359375, 130.09420776367188, 139.4619140625, 138.87356567382812]}