{"loss": [0.1589599996805191, 0.15448065102100372, 0.15212613344192505, 0.15035441517829895, 0.14431674778461456], "mse": [0.1589599996805191, 0.15448065102100372, 0.15212613344192505, 0.15035441517829895, 0.14431674778461456], "mae": [0.2969471514225006, 0.2882603704929352, 0.2904703617095947, 0.2865596413612366, 0.2822674810886383], "mape": [197.39219665527344, 193.61273193359375, 193.45962524414062, 189.8378448486328, 189.67245483398438]}