{"loss": [0.04845422878861427, 0.031086048111319542, 0.0419866181910038, 0.040862299501895905, 0.02426106669008732], "mse": [0.04845422878861427, 0.031086048111319542, 0.0419866181910038, 0.040862299501895905, 0.02426106669008732], "mae": [0.05912070721387863, 0.05048537254333496, 0.05380108207464218, 0.060489483177661896, 0.04836004972457886], "mape": [175.31829833984375, 127.41209411621094, 157.8856658935547, 150.9132537841797, 181.22976684570312]}