{"loss": [0.2398492693901062, 0.23980526626110077, 0.240447998046875, 0.23664134740829468, 0.2357546091079712], "mse": [0.2398492693901062, 0.23980526626110077, 0.240447998046875, 0.23664134740829468, 0.2357546091079712], "mae": [0.29269129037857056, 0.29287075996398926, 0.2897627651691437, 0.28953906893730164, 0.28853997588157654], "mape": [245.5020751953125, 280.7600402832031, 242.85464477539062, 257.6075744628906, 260.56097412109375]}