{"loss": [0.15509285032749176, 0.15138301253318787, 0.15061086416244507, 0.14495809376239777, 0.14509043097496033], "mse": [0.15509285032749176, 0.15138301253318787, 0.15061086416244507, 0.14495809376239777, 0.14509043097496033], "mae": [0.2906969487667084, 0.2837148606777191, 0.2820744514465332, 0.27761247754096985, 0.2783260941505432], "mape": [163.7186737060547, 155.92391967773438, 152.17047119140625, 154.57266235351562, 168.92970275878906]}