{"loss": [0.08885437995195389, 0.08770476281642914, 0.08619528263807297, 0.08865077793598175, 0.08627235889434814], "mse": [0.08885437995195389, 0.08770476281642914, 0.08619528263807297, 0.08865077793598175, 0.08627235889434814], "mae": [0.23164960741996765, 0.22676202654838562, 0.22467286884784698, 0.22699764370918274, 0.2254190593957901], "mape": [102.30587005615234, 104.34253692626953, 100.1003646850586, 92.80929565429688, 101.0721206665039]}