{"loss": [0.07825310528278351, 0.0787147581577301, 0.07742602378129959, 0.07909096032381058, 0.07672810554504395], "mse": [0.07825310528278351, 0.0787147581577301, 0.07742602378129959, 0.07909096032381058, 0.07672810554504395], "mae": [0.21222229301929474, 0.20958396792411804, 0.21033349633216858, 0.21278899908065796, 0.20943933725357056], "mape": [63.3921012878418, 63.93379592895508, 64.70487213134766, 66.50431060791016, 65.77020263671875]}