{"loss": [0.11602068692445755, 0.11520973592996597, 0.11354585736989975, 0.11506140232086182, 0.11486797034740448], "mse": [0.11602068692445755, 0.11520973592996597, 0.11354585736989975, 0.11506140232086182, 0.11486797034740448], "mae": [0.2005903124809265, 0.20022046566009521, 0.2002839297056198, 0.1977897584438324, 0.20084650814533234], "mape": [44.659698486328125, 44.34428405761719, 43.38903045654297, 43.85481643676758, 44.22319793701172]}