{"loss": [0.13839146494865417, 0.13484002649784088, 0.132609024643898, 0.12950293719768524, 0.12642808258533478], "mse": [0.13839146494865417, 0.13484002649784088, 0.132609024643898, 0.12950293719768524, 0.12642808258533478], "mae": [0.26962730288505554, 0.26714369654655457, 0.2644217014312744, 0.26074063777923584, 0.25551655888557434], "mape": [144.10446166992188, 135.8701934814453, 132.9993896484375, 143.0363311767578, 143.7168731689453]}