{"loss": [0.04008737951517105, 0.036233726888895035, 0.0325104221701622, 0.038728032261133194, 0.031522300094366074], "mse": [0.04008737951517105, 0.036233726888895035, 0.0325104221701622, 0.038728032261133194, 0.031522300094366074], "mae": [0.09778470546007156, 0.09283864498138428, 0.08812373131513596, 0.0948362872004509, 0.08918166905641556], "mape": [31.162508010864258, 30.507997512817383, 29.048629760742188, 29.7805118560791, 30.45247459411621]}