{"loss": [0.24887385964393616, 0.24766166508197784, 0.24874165654182434, 0.24384476244449615, 0.24399742484092712], "mse": [0.24887385964393616, 0.24766166508197784, 0.24874165654182434, 0.24384476244449615, 0.24399742484092712], "mae": [0.29739126563072205, 0.29559433460235596, 0.2943149209022522, 0.29475411772727966, 0.29382362961769104], "mape": [239.36572265625, 278.89593505859375, 240.04652404785156, 251.8520050048828, 249.6032257080078]}