{"loss": [0.13381578028202057, 0.11627566814422607, 0.11084771156311035, 0.10776451230049133, 0.10416504740715027], "mse": [0.13381578028202057, 0.11627566814422607, 0.11084771156311035, 0.10776451230049133, 0.10416504740715027], "mae": [0.27682003378868103, 0.25851181149482727, 0.2505302131175995, 0.24794185161590576, 0.24600468575954437], "mape": [4387.462890625, 4903.0390625, 4044.95556640625, 4513.65185546875, 1990.0953369140625]}