{"loss": [0.13095831871032715, 0.13058285415172577, 0.128101646900177, 0.12987758219242096, 0.1288868933916092], "mse": [0.13095831871032715, 0.13058285415172577, 0.128101646900177, 0.12987758219242096, 0.1288868933916092], "mae": [0.21152344346046448, 0.21172569692134857, 0.2103780061006546, 0.20873799920082092, 0.21002474427223206], "mape": [47.64067459106445, 47.80937194824219, 45.64796447753906, 47.096683502197266, 46.681060791015625]}