{"loss": [0.0897810235619545, 0.08958501368761063, 0.08808073401451111, 0.08957347273826599, 0.08724293112754822], "mse": [0.0897810235619545, 0.08958501368761063, 0.08808073401451111, 0.08957347273826599, 0.08724293112754822], "mae": [0.2286144495010376, 0.22555039823055267, 0.22426021099090576, 0.22707869112491608, 0.22512967884540558], "mape": [68.0981674194336, 68.7499771118164, 69.93767547607422, 71.52041625976562, 71.19969177246094]}