{"loss": [0.07871861010789871, 0.07343274354934692, 0.06669090688228607, 0.06771743297576904, 0.05926504731178284], "mse": [0.07871861010789871, 0.07343274354934692, 0.06669090688228607, 0.06771743297576904, 0.05926504731178284], "mae": [0.12887302041053772, 0.12424849718809128, 0.12140333652496338, 0.12073525786399841, 0.11701035499572754], "mape": [36.37179183959961, 35.17235565185547, 35.02689743041992, 34.9842643737793, 34.13911056518555]}