{"loss": [0.08518622815608978, 0.0854790136218071, 0.08415059000253677, 0.08570748567581177, 0.08328871428966522], "mse": [0.08518622815608978, 0.0854790136218071, 0.08415059000253677, 0.08570748567581177, 0.08328871428966522], "mae": [0.22194352746009827, 0.21963965892791748, 0.2190554440021515, 0.22186744213104248, 0.2196434736251831], "mape": [66.98712921142578, 67.09521484375, 68.59077453613281, 70.24468994140625, 70.09611511230469]}