{"loss": [0.379485160112381, 0.326650470495224, 0.31197547912597656, 0.30027100443840027, 0.2920541763305664], "mse": [0.379485160112381, 0.326650470495224, 0.31197547912597656, 0.30027100443840027, 0.2920541763305664], "mae": [0.3736501932144165, 0.3451812267303467, 0.3325307369232178, 0.3268759250640869, 0.3223104178905487], "mape": [331.182861328125, 479.77545166015625, 424.9408264160156, 452.7442626953125, 453.8551940917969]}