{"loss": [0.09007146209478378, 0.08924591541290283, 0.08887787908315659, 0.08945164829492569, 0.08700986951589584], "mse": [0.09007146209478378, 0.08924591541290283, 0.08887787908315659, 0.08945164829492569, 0.08700986951589584], "mae": [0.22892968356609344, 0.22599811851978302, 0.22579674422740936, 0.22561028599739075, 0.22389571368694305], "mape": [69.28990173339844, 67.61164093017578, 70.47856903076172, 71.36750030517578, 68.6411361694336]}