{"loss": [0.3108646869659424, 0.30069220066070557, 0.291287362575531, 0.28145962953567505, 0.2792316675186157], "mse": [0.3108646869659424, 0.30069220066070557, 0.291287362575531, 0.28145962953567505, 0.2792316675186157], "mae": [0.4309808611869812, 0.42360180616378784, 0.41894039511680603, 0.41068193316459656, 0.4099280834197998], "mape": [373.29705810546875, 358.5538024902344, 375.21282958984375, 316.78192138671875, 353.7765197753906]}