{"loss": [0.21974384784698486, 0.2131773680448532, 0.21304942667484283, 0.20796816051006317, 0.2041173279285431], "mse": [0.21974384784698486, 0.2131773680448532, 0.21304942667484283, 0.20796816051006317, 0.2041173279285431], "mae": [0.344906210899353, 0.339558869600296, 0.3423501253128052, 0.3365456759929657, 0.33533063530921936], "mape": [236.54721069335938, 240.22610473632812, 227.8765411376953, 226.37576293945312, 228.8824920654297]}