{"loss": [0.08154098689556122, 0.08196110278367996, 0.08062651008367538, 0.08229449391365051, 0.07979762554168701], "mse": [0.08154098689556122, 0.08196110278367996, 0.08062651008367538, 0.08229449391365051, 0.07979762554168701], "mae": [0.2168336659669876, 0.2147425413131714, 0.21462851762771606, 0.21729783713817596, 0.21446147561073303], "mape": [65.40432739257812, 65.77300262451172, 66.72265625, 68.36759185791016, 68.14994812011719]}