{"loss": [0.15939198434352875, 0.15109817683696747, 0.15061819553375244, 0.14510482549667358, 0.14263516664505005], "mse": [0.15939198434352875, 0.15109817683696747, 0.15061819553375244, 0.14510482549667358, 0.14263516664505005], "mae": [0.2957117557525635, 0.2848750054836273, 0.283270001411438, 0.27669525146484375, 0.2767002582550049], "mape": [204.22535705566406, 204.67723083496094, 196.2936248779297, 212.34654235839844, 206.68789672851562]}