{"loss": [0.23446966707706451, 0.23391713201999664, 0.23544912040233612, 0.2313678115606308, 0.2310183048248291], "mse": [0.23446966707706451, 0.23391713201999664, 0.23544912040233612, 0.2313678115606308, 0.2310183048248291], "mae": [0.2910212278366089, 0.28883346915245056, 0.28628483414649963, 0.2877897322177887, 0.28632810711860657], "mape": [237.09974670410156, 279.37261962890625, 237.79034423828125, 255.91812133789062, 248.66822814941406]}