{"loss": [0.21381576359272003, 0.14205200970172882, 0.13391070067882538, 0.12836918234825134, 0.12096676230430603], "mse": [0.21381576359272003, 0.14205200970172882, 0.13391070067882538, 0.12836918234825134, 0.12096676230430603], "mae": [0.333233505487442, 0.28414294123649597, 0.27402183413505554, 0.26755690574645996, 0.26239898800849915], "mape": [155.3966827392578, 137.38336181640625, 122.87261962890625, 109.96833038330078, 119.2569351196289]}