{"loss": [0.21974389255046844, 0.2131774127483368, 0.21304944157600403, 0.20796819031238556, 0.2041172981262207], "mse": [0.21974389255046844, 0.2131774127483368, 0.21304944157600403, 0.20796819031238556, 0.2041172981262207], "mae": [0.34490618109703064, 0.33955883979797363, 0.34235021471977234, 0.3365457355976105, 0.335330605506897], "mape": [236.5471649169922, 240.22610473632812, 227.87652587890625, 226.37576293945312, 228.88250732421875]}