{"loss": [0.11219245940446854, 0.11165978759527206, 0.10972781479358673, 0.11141669005155563, 0.1107514351606369], "mse": [0.11219245940446854, 0.11165978759527206, 0.10972781479358673, 0.11141669005155563, 0.1107514351606369], "mae": [0.1966072916984558, 0.19538740813732147, 0.1959143728017807, 0.19323153793811798, 0.19586370885372162], "mape": [44.17579650878906, 43.818870544433594, 42.320213317871094, 43.35110855102539, 43.78977966308594]}