{"loss": [0.07871859520673752, 0.07343274354934692, 0.06669092178344727, 0.06771743297576904, 0.059265051037073135], "mse": [0.07871859520673752, 0.07343274354934692, 0.06669092178344727, 0.06771743297576904, 0.059265051037073135], "mae": [0.12887296080589294, 0.12424851208925247, 0.12140332907438278, 0.1207352876663208, 0.11701034754514694], "mape": [36.371803283691406, 35.172359466552734, 35.02689743041992, 34.984283447265625, 34.13911819458008]}