{"loss": [0.0445566326379776, 0.03970535844564438, 0.03659455105662346, 0.04224700853228569, 0.035586878657341], "mse": [0.0445566326379776, 0.03970535844564438, 0.03659455105662346, 0.04224700853228569, 0.035586878657341], "mae": [0.1031554564833641, 0.09721171110868454, 0.09372449666261673, 0.09888991713523865, 0.09385467320680618], "mape": [32.216888427734375, 32.03267288208008, 30.20473289489746, 30.853225708007812, 30.819562911987305]}