{"loss": [0.1685628741979599, 0.15196464955806732, 0.13944822549819946, 0.13153760135173798, 0.11414463073015213], "mse": [0.1685628741979599, 0.15196464955806732, 0.13944822549819946, 0.13153760135173798, 0.11414463073015213], "mae": [0.1118360087275505, 0.10628990828990936, 0.10330076515674591, 0.09823653846979141, 0.09203393757343292], "mape": [54.08028793334961, 55.75776290893555, 50.832550048828125, 58.63016891479492, 48.524478912353516]}