{"loss": [0.17896559834480286, 0.1602054089307785, 0.14971080422401428, 0.13302496075630188, 0.11646553874015808], "mse": [0.17896559834480286, 0.1602054089307785, 0.14971080422401428, 0.13302496075630188, 0.11646553874015808], "mae": [0.11112824082374573, 0.1055445745587349, 0.10298173874616623, 0.09614897519350052, 0.0954432561993599], "mape": [145.7911376953125, 188.58819580078125, 174.1162872314453, 211.68374633789062, 170.08038330078125]}