{"loss": [0.0988345667719841, 0.09645237028598785, 0.09647183120250702, 0.09735579788684845, 0.09488384425640106], "mse": [0.0988345667719841, 0.09645237028598785, 0.09647183120250702, 0.09735579788684845, 0.09488384425640106], "mae": [0.24390514194965363, 0.2364591658115387, 0.23871922492980957, 0.23868700861930847, 0.23505812883377075], "mape": [101.9630355834961, 101.77959442138672, 99.7862319946289, 91.52005767822266, 98.45743560791016]}