{"loss": [0.08286215364933014, 0.08084051311016083, 0.08142244815826416, 0.08119821548461914, 0.08042583614587784], "mse": [0.08286215364933014, 0.08084051311016083, 0.08142244815826416, 0.08119821548461914, 0.08042583614587784], "mae": [0.22187599539756775, 0.21876178681850433, 0.2190992683172226, 0.2200634479522705, 0.22040386497974396], "mape": [5292.99365234375, 6036.48828125, 7933.4296875, 7877.99072265625, 7201.4189453125]}