{"loss": [0.17446213960647583, 0.1666536033153534, 0.16475152969360352, 0.15889506042003632, 0.15585514903068542], "mse": [0.17446213960647583, 0.1666536033153534, 0.16475152969360352, 0.15889506042003632, 0.15585514903068542], "mae": [0.3064621090888977, 0.2986006438732147, 0.2956700921058655, 0.289387047290802, 0.2892347574234009], "mape": [200.53411865234375, 201.91172790527344, 193.1250762939453, 208.73255920410156, 205.23597717285156]}