{"loss": [0.1097058355808258, 0.10913068801164627, 0.10735536366701126, 0.10913362354040146, 0.10831514000892639], "mse": [0.1097058355808258, 0.10913068801164627, 0.10735536366701126, 0.10913362354040146, 0.10831514000892639], "mae": [0.19468922913074493, 0.19322676956653595, 0.19433236122131348, 0.19117704033851624, 0.19392894208431244], "mape": [43.750343322753906, 43.29946517944336, 42.094459533691406, 42.86996078491211, 43.379154205322266]}