{"loss": [0.09442836046218872, 0.09169445931911469, 0.09062641859054565, 0.09070831537246704, 0.08932338654994965], "mse": [0.09442836046218872, 0.09169445931911469, 0.09062641859054565, 0.09070831537246704, 0.08932338654994965], "mae": [0.2348494529724121, 0.2317814826965332, 0.22844719886779785, 0.23010721802711487, 0.23070743680000305], "mape": [738.54248046875, 439.5881042480469, 1897.8519287109375, 2251.755126953125, 788.4407348632812]}