{"loss": [0.13514219224452972, 0.12717828154563904, 0.12801367044448853, 0.1240377277135849, 0.12171461433172226], "mse": [0.13514219224452972, 0.12717828154563904, 0.12801367044448853, 0.1240377277135849, 0.12171461433172226], "mae": [0.2747781276702881, 0.262222558259964, 0.2613612711429596, 0.25551652908325195, 0.2549512982368469], "mape": [202.59103393554688, 204.76451110839844, 196.76344299316406, 210.23480224609375, 203.34918212890625]}