{"loss": [0.2398492693901062, 0.2398051917552948, 0.240447998046875, 0.23664134740829468, 0.2357545793056488], "mse": [0.2398492693901062, 0.2398051917552948, 0.240447998046875, 0.23664134740829468, 0.2357545793056488], "mae": [0.29269134998321533, 0.29287075996398926, 0.2897627651691437, 0.2895391285419464, 0.2885400056838989], "mape": [245.5020751953125, 280.760009765625, 242.8546142578125, 257.60760498046875, 260.56097412109375]}