{"loss": [0.21585820615291595, 0.21267308294773102, 0.2103765606880188, 0.20433124899864197, 0.19995170831680298], "mse": [0.21585820615291595, 0.21267308294773102, 0.2103765606880188, 0.20433124899864197, 0.19995170831680298], "mae": [0.34543317556381226, 0.3473554253578186, 0.3448202610015869, 0.34107139706611633, 0.3377569615840912], "mape": [300.69482421875, 248.0302276611328, 286.6701354980469, 215.43470764160156, 232.3265838623047]}