{"loss": [0.10174175351858139, 0.09821402281522751, 0.09733080863952637, 0.09666502475738525, 0.09466353803873062], "mse": [0.10174175351858139, 0.09821402281522751, 0.09733080863952637, 0.09666502475738525, 0.09466353803873062], "mae": [0.24182665348052979, 0.23861169815063477, 0.23530733585357666, 0.23596519231796265, 0.23499871790409088], "mape": [6597.70556640625, 6421.33203125, 7325.0078125, 8285.8193359375, 5980.66748046875]}