{"loss": [0.23537293076515198, 0.23174923658370972, 0.22883370518684387, 0.22265172004699707, 0.21697404980659485], "mse": [0.23537293076515198, 0.23174923658370972, 0.22883370518684387, 0.22265172004699707, 0.21697404980659485], "mae": [0.36583685874938965, 0.36613887548446655, 0.3642894923686981, 0.3592246174812317, 0.35443395376205444], "mape": [311.1358947753906, 249.375, 299.47802734375, 225.93783569335938, 244.24806213378906]}