{"loss": [0.17896556854248047, 0.1602054089307785, 0.14971080422401428, 0.13302496075630188, 0.11646553128957748], "mse": [0.17896556854248047, 0.1602054089307785, 0.14971080422401428, 0.13302496075630188, 0.11646553128957748], "mae": [0.11112824082374573, 0.1055445596575737, 0.10298173874616623, 0.09614896029233932, 0.09544332325458527], "mape": [145.79107666015625, 188.5880889892578, 174.11627197265625, 211.68394470214844, 170.08038330078125]}