{"loss": [0.2398492395877838, 0.23980523645877838, 0.240447998046875, 0.23664134740829468, 0.23575462400913239], "mse": [0.2398492395877838, 0.23980523645877838, 0.240447998046875, 0.23664134740829468, 0.23575462400913239], "mae": [0.29269132018089294, 0.29287073016166687, 0.2897627651691437, 0.2895391583442688, 0.2885400354862213], "mape": [245.50205993652344, 280.76007080078125, 242.8546142578125, 257.6075744628906, 260.5609436035156]}