{"loss": [0.08719652891159058, 0.08737612515687943, 0.08599916845560074, 0.08752699941396713, 0.08517064154148102], "mse": [0.08719652891159058, 0.08737612515687943, 0.08599916845560074, 0.08752699941396713, 0.08517064154148102], "mae": [0.22478920221328735, 0.22235718369483948, 0.22142067551612854, 0.22429746389389038, 0.22225286066532135], "mape": [67.53789520263672, 67.66905975341797, 69.3135757446289, 70.90252685546875, 70.7515640258789]}