{"loss": [0.08049614727497101, 0.08031229674816132, 0.07918884605169296, 0.08045165985822678, 0.0789276510477066], "mse": [0.08049614727497101, 0.08031229674816132, 0.07918884605169296, 0.08045165985822678, 0.0789276510477066], "mae": [0.21649475395679474, 0.212471604347229, 0.21387846767902374, 0.21491584181785583, 0.21387074887752533], "mape": [64.80387115478516, 63.695064544677734, 65.0384521484375, 68.50528717041016, 66.30323791503906]}