{"loss": [0.08939956873655319, 0.08804493397474289, 0.08781711757183075, 0.08906784653663635, 0.08678309619426727], "mse": [0.08939956873655319, 0.08804493397474289, 0.08781711757183075, 0.08906784653663635, 0.08678309619426727], "mae": [0.23308899998664856, 0.22753135859966278, 0.22889086604118347, 0.22912931442260742, 0.22603654861450195], "mape": [97.76679992675781, 98.68590545654297, 97.30471801757812, 88.67975616455078, 97.14566802978516]}