{"loss": [0.5242359638214111, 0.38726598024368286, 0.3462778925895691, 0.3171263635158539, 0.29508066177368164], "mse": [0.5242359638214111, 0.38726598024368286, 0.3462778925895691, 0.3171263635158539, 0.29508066177368164], "mae": [0.5505040884017944, 0.47567102313041687, 0.45424309372901917, 0.4320526421070099, 0.4164886772632599], "mape": [266.20892333984375, 219.41427612304688, 210.9392547607422, 195.77996826171875, 185.15565490722656]}