{"loss": [0.0451374426484108, 0.04489801824092865, 0.044949986040592194, 0.039548296481370926, 0.03344095125794411], "mse": [0.0451374426484108, 0.04489801824092865, 0.044949986040592194, 0.039548296481370926, 0.03344095125794411], "mae": [0.06088125705718994, 0.05764869973063469, 0.05848143622279167, 0.05249548703432083, 0.05439639836549759], "mape": [57.06589126586914, 49.45399475097656, 49.41397476196289, 44.360023498535156, 48.72759246826172]}