{"loss": [0.08180646598339081, 0.07323817908763885, 0.0777345597743988, 0.06623964756727219, 0.07965806871652603], "mse": [0.08180646598339081, 0.07323817908763885, 0.0777345597743988, 0.06623964756727219, 0.07965806871652603], "mae": [0.07843736559152603, 0.07069921493530273, 0.07365219295024872, 0.06789796054363251, 0.07487497478723526], "mape": [51.452980041503906, 46.27930450439453, 50.267024993896484, 49.35977554321289, 51.804656982421875]}