{"loss": [0.07825310528278351, 0.0787147730588913, 0.07742602378129959, 0.07909096032381058, 0.07672809809446335], "mse": [0.07825310528278351, 0.0787147730588913, 0.07742602378129959, 0.07909096032381058, 0.07672809809446335], "mae": [0.21222224831581116, 0.20958393812179565, 0.21033349633216858, 0.21278904378414154, 0.20943936705589294], "mape": [63.392112731933594, 63.933799743652344, 64.70489501953125, 66.50432586669922, 65.77020263671875]}