{"loss": [0.14652244746685028, 0.13830481469631195, 0.13880516588687897, 0.13396047055721283, 0.13164328038692474], "mse": [0.14652244746685028, 0.13830481469631195, 0.13880516588687897, 0.13396047055721283, 0.13164328038692474], "mae": [0.28571802377700806, 0.27294808626174927, 0.27195677161216736, 0.26556161046028137, 0.2656494975090027], "mape": [205.4574432373047, 205.43115234375, 196.93893432617188, 212.47401428222656, 205.5582733154297]}