{"loss": [0.05689571052789688, 0.05072939768433571, 0.04715914651751518, 0.05220460519194603, 0.04508235305547714], "mse": [0.05689571052789688, 0.05072939768433571, 0.04715914651751518, 0.05220460519194603, 0.04508235305547714], "mae": [0.1153399869799614, 0.10801723599433899, 0.10570113360881805, 0.1096506267786026, 0.10465186089277267], "mape": [34.69527816772461, 34.12176513671875, 32.37611770629883, 32.9520149230957, 32.42448425292969]}