{"loss": [0.16707612574100494, 0.16658325493335724, 0.16316434741020203, 0.159800186753273, 0.15574420988559723], "mse": [0.16707612574100494, 0.16658325493335724, 0.16316434741020203, 0.159800186753273, 0.15574420988559723], "mae": [0.3009171783924103, 0.30029091238975525, 0.29714223742485046, 0.2927245795726776, 0.288742333650589], "mape": [335.5018310546875, 255.8711700439453, 272.25311279296875, 247.20223999023438, 264.2307434082031]}