{"loss": [0.087566077709198, 0.08519648015499115, 0.08525896817445755, 0.0854639932513237, 0.08457635343074799], "mse": [0.087566077709198, 0.08519648015499115, 0.08525896817445755, 0.0854639932513237, 0.08457635343074799], "mae": [0.2268514335155487, 0.22484685480594635, 0.22251306474208832, 0.2246818095445633, 0.2257472276687622], "mape": [987.8553466796875, 1480.7984619140625, 2421.260986328125, 1930.86328125, 1459.9573974609375]}