{"loss": [0.1274736374616623, 0.12737831473350525, 0.125043585896492, 0.12686048448085785, 0.12599162757396698], "mse": [0.1274736374616623, 0.12737831473350525, 0.125043585896492, 0.12686048448085785, 0.12599162757396698], "mae": [0.20887769758701324, 0.20965537428855896, 0.20796099305152893, 0.20642130076885223, 0.2076227068901062], "mape": [46.914207458496094, 47.205204010009766, 44.945831298828125, 46.485511779785156, 46.14847183227539]}