{"loss": [0.2475491464138031, 0.24743030965328217, 0.2479761689901352, 0.24352793395519257, 0.24294129014015198], "mse": [0.2475491464138031, 0.24743030965328217, 0.2479761689901352, 0.24352793395519257, 0.24294129014015198], "mae": [0.29670199751853943, 0.29662829637527466, 0.2943783402442932, 0.29375338554382324, 0.2928503751754761], "mape": [245.82015991210938, 278.8681335449219, 243.6973419189453, 254.4814910888672, 256.23187255859375]}