{"loss": [0.08989257365465164, 0.08934830129146576, 0.08808712661266327, 0.08898606896400452, 0.08735186606645584], "mse": [0.08989257365465164, 0.08934830129146576, 0.08808712661266327, 0.08898606896400452, 0.08735186606645584], "mae": [0.2286912500858307, 0.22530291974544525, 0.22527195513248444, 0.22597534954547882, 0.22491666674613953], "mape": [70.21305084228516, 68.40126037597656, 70.74126434326172, 72.96966552734375, 71.8423843383789]}