{"loss": [0.11851341277360916, 0.11826933920383453, 0.11580648273229599, 0.11729028820991516, 0.11670225113630295], "mse": [0.11851341277360916, 0.11826933920383453, 0.11580648273229599, 0.11729028820991516, 0.11670225113630295], "mae": [0.20164790749549866, 0.2008330523967743, 0.20022030174732208, 0.19801519811153412, 0.2003125548362732], "mape": [45.042293548583984, 45.02946472167969, 43.2411003112793, 44.46659851074219, 44.73567581176758]}