{"loss": [0.056466057896614075, 0.054272301495075226, 0.05547666549682617, 0.05223245173692703, 0.04977280646562576], "mse": [0.056466057896614075, 0.054272301495075226, 0.05547666549682617, 0.05223245173692703, 0.04977280646562576], "mae": [0.06400330364704132, 0.060141392052173615, 0.061659712344408035, 0.057075098156929016, 0.06073246896266937], "mape": [56.78464126586914, 48.76528549194336, 49.802494049072266, 43.53705978393555, 51.025997161865234]}