{"loss": [0.12665098905563354, 0.10187746584415436, 0.08808426558971405, 0.08707664906978607, 0.07639143615961075], "mse": [0.12665098905563354, 0.10187746584415436, 0.08808426558971405, 0.08707664906978607, 0.07639143615961075], "mae": [0.15683597326278687, 0.14009879529476166, 0.13210739195346832, 0.13212238252162933, 0.12668073177337646], "mape": [44.689388275146484, 39.60033416748047, 39.47111892700195, 38.35002899169922, 34.66411209106445]}