{"loss": [0.3620649576187134, 0.16594336926937103, 0.14670416712760925, 0.14229923486709595, 0.13756145536899567], "mse": [0.3620649576187134, 0.16594336926937103, 0.14670416712760925, 0.14229923486709595, 0.13756145536899567], "mae": [0.41733649373054504, 0.23108699917793274, 0.21985478699207306, 0.21738006174564362, 0.2158205360174179], "mape": [66.1653060913086, 50.386573791503906, 47.3784065246582, 48.98691177368164, 48.10477066040039]}