{"loss": [0.5146569013595581, 0.3909868001937866, 0.35766416788101196, 0.3366500437259674, 0.3239097595214844], "mse": [0.5146569013595581, 0.3909868001937866, 0.35766416788101196, 0.3366500437259674, 0.3239097595214844], "mae": [0.5510866045951843, 0.49090418219566345, 0.46709850430488586, 0.45204824209213257, 0.44174474477767944], "mape": [583.3982543945312, 429.25048828125, 423.1173400878906, 355.4933166503906, 380.4862060546875]}