{"loss": [0.08262787759304047, 0.08232817053794861, 0.08112844079732895, 0.08248236775398254, 0.08079338073730469], "mse": [0.08262787759304047, 0.08232817053794861, 0.08112844079732895, 0.08248236775398254, 0.08079338073730469], "mae": [0.21901313960552216, 0.21520888805389404, 0.21632838249206543, 0.21758677065372467, 0.2163829803466797], "mape": [66.01412200927734, 64.87393188476562, 66.19786834716797, 69.4879379272461, 67.65862274169922]}