{"loss": [0.08708518743515015, 0.0871211588382721, 0.08674555271863937, 0.08873818814754486, 0.08606788516044617], "mse": [0.08708518743515015, 0.0871211588382721, 0.08674555271863937, 0.08873818814754486, 0.08606788516044617], "mae": [0.22943741083145142, 0.22675229609012604, 0.22673949599266052, 0.22861157357692719, 0.22572433948516846], "mape": [92.99127197265625, 104.85650634765625, 98.55547332763672, 89.14584350585938, 98.45254516601562]}