{"loss": [0.11935479193925858, 0.11882486194372177, 0.11684264987707138, 0.11807408928871155, 0.11793500930070877], "mse": [0.11935479193925858, 0.11882486194372177, 0.11684264987707138, 0.11807408928871155, 0.11793500930070877], "mae": [0.20300258696079254, 0.20319312810897827, 0.20238178968429565, 0.19993999600410461, 0.20282024145126343], "mape": [45.240272521972656, 45.25631332397461, 43.5667610168457, 44.60047149658203, 44.89857482910156]}