{"loss": [0.0608636774122715, 0.05314455181360245, 0.062379784882068634, 0.05134273320436478, 0.05712471902370453], "mse": [0.0608636774122715, 0.05314455181360245, 0.062379784882068634, 0.05134273320436478, 0.05712471902370453], "mae": [0.06616435199975967, 0.05824056267738342, 0.06345145404338837, 0.05614716187119484, 0.06094519793987274], "mape": [50.579315185546875, 49.95123291015625, 46.26730728149414, 47.707122802734375, 51.799617767333984]}