{"loss": [0.6039027571678162, 0.424625039100647, 0.38661912083625793, 0.36136898398399353, 0.346558153629303], "mse": [0.6039027571678162, 0.424625039100647, 0.38661912083625793, 0.36136898398399353, 0.346558153629303], "mae": [0.5625320076942444, 0.47126835584640503, 0.4532307982444763, 0.432993084192276, 0.42694610357284546], "mape": [286.4394836425781, 283.5726623535156, 280.8830871582031, 258.9681396484375, 265.5019226074219]}