{"loss": [0.12542767822742462, 0.12542206048965454, 0.12339476495981216, 0.12492606043815613, 0.12447094172239304], "mse": [0.12542767822742462, 0.12542206048965454, 0.12339476495981216, 0.12492606043815613, 0.12447094172239304], "mae": [0.20814429223537445, 0.2091132551431656, 0.20689761638641357, 0.20527975261211395, 0.20700602233409882], "mape": [46.4898567199707, 46.82846450805664, 44.6786003112793, 46.15869903564453, 46.025352478027344]}