{"loss": [0.12397264689207077, 0.12397374957799911, 0.12193012982606888, 0.12363143265247345, 0.12307310849428177], "mse": [0.12397264689207077, 0.12397374957799911, 0.12193012982606888, 0.12363143265247345, 0.12307310849428177], "mae": [0.2066139578819275, 0.2076357752084732, 0.20579038560390472, 0.20405392348766327, 0.2062278687953949], "mape": [46.15244674682617, 46.479618072509766, 44.342140197753906, 45.865150451660156, 45.890289306640625]}