{"loss": [0.22271433472633362, 0.22231526672840118, 0.22426043450832367, 0.22061163187026978, 0.21997477114200592], "mse": [0.22271433472633362, 0.22231526672840118, 0.22426043450832367, 0.22061163187026978, 0.21997477114200592], "mae": [0.2840656042098999, 0.2816949784755707, 0.27855560183525085, 0.2815171480178833, 0.27920493483543396], "mape": [231.34686279296875, 274.87689208984375, 233.65936279296875, 256.48370361328125, 244.67404174804688]}