{"loss": [0.10838568955659866, 0.10540620982646942, 0.10639011859893799, 0.10657905042171478, 0.10289739072322845], "mse": [0.10838568955659866, 0.10540620982646942, 0.10639011859893799, 0.10657905042171478, 0.10289739072322845], "mae": [0.25325652956962585, 0.24899794161319733, 0.2497950792312622, 0.25107821822166443, 0.24584844708442688], "mape": [108.95792388916016, 118.48416137695312, 112.42609405517578, 100.84111785888672, 110.5782699584961]}