{"loss": [0.081806480884552, 0.07323817163705826, 0.0777345672249794, 0.06623966246843338, 0.07965807616710663], "mse": [0.081806480884552, 0.07323817163705826, 0.0777345672249794, 0.06623966246843338, 0.07965807616710663], "mae": [0.07843734323978424, 0.07069918513298035, 0.07365220785140991, 0.0678979754447937, 0.07487497478723526], "mape": [51.452945709228516, 46.279335021972656, 50.26704406738281, 49.35980224609375, 51.80464553833008]}