{"loss": [0.23749293386936188, 0.23335577547550201, 0.22809523344039917, 0.22129113972187042, 0.21969476342201233], "mse": [0.23749293386936188, 0.23335577547550201, 0.22809523344039917, 0.22129113972187042, 0.21969476342201233], "mae": [0.3731023669242859, 0.3694421947002411, 0.36577901244163513, 0.3588011562824249, 0.3583999574184418], "mape": [360.1355895996094, 306.86138916015625, 325.5162658691406, 278.1890869140625, 310.6977844238281]}