{"loss": [0.28637397289276123, 0.28348633646965027, 0.2832579016685486, 0.2770949900150299, 0.27468904852867126], "mse": [0.28637397289276123, 0.28348633646965027, 0.2832579016685486, 0.2770949900150299, 0.27468904852867126], "mae": [0.314453125, 0.31453895568847656, 0.31051161885261536, 0.30925559997558594, 0.3094993233680725], "mape": [309.620849609375, 393.2273864746094, 340.17681884765625, 383.5980224609375, 383.67596435546875]}