{"loss": [0.14096324145793915, 0.1356908679008484, 0.13235945999622345, 0.13381929695606232, 0.1324305534362793], "mse": [0.14096324145793915, 0.1356908679008484, 0.13235945999622345, 0.13381929695606232, 0.1324305534362793], "mae": [0.2203320562839508, 0.214791402220726, 0.21329310536384583, 0.21140624582767487, 0.21244001388549805], "mape": [48.818809509277344, 48.58627700805664, 46.24618148803711, 47.65972900390625, 47.2161750793457]}