{"loss": [0.316927433013916, 0.2617405652999878, 0.2323126494884491, 0.2176152467727661, 0.1809806227684021], "mse": [0.316927433013916, 0.2617405652999878, 0.2323126494884491, 0.2176152467727661, 0.1809806227684021], "mae": [0.15603578090667725, 0.13897095620632172, 0.12844812870025635, 0.1223318949341774, 0.11584805697202682], "mape": [73.32255554199219, 84.6499252319336, 63.016273498535156, 56.328758239746094, 51.56362533569336]}