{"loss": [0.06495628505945206, 0.058353811502456665, 0.05419307202100754, 0.05767107009887695, 0.05018532648682594], "mse": [0.06495628505945206, 0.058353811502456665, 0.05419307202100754, 0.05767107009887695, 0.05018532648682594], "mae": [0.12063319981098175, 0.11384410411119461, 0.11231373250484467, 0.11431790143251419, 0.10968946665525436], "mape": [34.540557861328125, 33.792869567871094, 32.511451721191406, 33.649574279785156, 32.852134704589844]}