{"loss": [0.07860357314348221, 0.07855454832315445, 0.07745317369699478, 0.07859645783901215, 0.07733127474784851], "mse": [0.07860357314348221, 0.07855454832315445, 0.07745317369699478, 0.07859645783901215, 0.07733127474784851], "mae": [0.21404781937599182, 0.21043159067630768, 0.21193888783454895, 0.21245872974395752, 0.21152262389659882], "mape": [63.97404479980469, 62.983795166015625, 63.826904296875, 67.52528381347656, 64.91146087646484]}