{"loss": [0.04320966452360153, 0.03672096133232117, 0.03349413350224495, 0.03441370651125908, 0.03115817904472351], "mse": [0.04320966452360153, 0.03672096133232117, 0.03349413350224495, 0.03441370651125908, 0.03115817904472351], "mae": [0.10339666157960892, 0.09385952353477478, 0.09015492349863052, 0.09054237604141235, 0.08979393541812897], "mape": [34.40934753417969, 33.356868743896484, 30.3377742767334, 32.48592758178711, 31.69635772705078]}