{"loss": [0.11935482174158096, 0.11882488429546356, 0.11684264987707138, 0.11807408928871155, 0.11793500930070877], "mse": [0.11935482174158096, 0.11882488429546356, 0.11684264987707138, 0.11807408928871155, 0.11793500930070877], "mae": [0.2030026912689209, 0.20319312810897827, 0.20238174498081207, 0.1999400556087494, 0.20282016694545746], "mape": [45.24031448364258, 45.25632095336914, 43.5667724609375, 44.600467681884766, 44.89857482910156]}