{"loss": [0.24113664031028748, 0.24033598601818085, 0.24158383905887604, 0.23716074228286743, 0.23709219694137573], "mse": [0.24113664031028748, 0.24033598601818085, 0.24158383905887604, 0.23716074228286743, 0.23709219694137573], "mae": [0.29425933957099915, 0.2921300530433655, 0.29029029607772827, 0.29117801785469055, 0.29001352190971375], "mape": [238.45755004882812, 279.48760986328125, 239.14215087890625, 254.2067108154297, 249.56761169433594]}