{"loss": [0.06291434913873672, 0.05756048485636711, 0.06568039208650589, 0.056226879358291626, 0.05912867560982704], "mse": [0.06291434913873672, 0.05756048485636711, 0.06568039208650589, 0.056226879358291626, 0.05912867560982704], "mae": [0.06730398535728455, 0.06158421188592911, 0.06574967503547668, 0.060307905077934265, 0.06264128535985947], "mape": [50.83280944824219, 53.623043060302734, 47.441890716552734, 47.443748474121094, 51.32103729248047]}