{"loss": [0.13381576538085938, 0.11627568304538727, 0.11084770411252975, 0.10776454210281372, 0.10416503995656967], "mse": [0.13381576538085938, 0.11627568304538727, 0.11084770411252975, 0.10776454210281372, 0.10416503995656967], "mae": [0.27682003378868103, 0.2585117816925049, 0.2505302131175995, 0.24794185161590576, 0.24600468575954437], "mape": [4387.46142578125, 4903.0458984375, 4044.95556640625, 4513.6494140625, 1990.1031494140625]}