{"loss": [0.0608636774122715, 0.05314454436302185, 0.062379758805036545, 0.051342740654945374, 0.057124726474285126], "mse": [0.0608636774122715, 0.05314454436302185, 0.062379758805036545, 0.051342740654945374, 0.057124726474285126], "mae": [0.06616435199975967, 0.058240532875061035, 0.06345143914222717, 0.056147146970033646, 0.06094517558813095], "mape": [50.579307556152344, 49.95119857788086, 46.267276763916016, 47.70709228515625, 51.79965591430664]}