{"loss": [0.09581552445888519, 0.09397988766431808, 0.09295761585235596, 0.09508480131626129, 0.0924173966050148], "mse": [0.09581552445888519, 0.09397988766431808, 0.09295761585235596, 0.09508480131626129, 0.0924173966050148], "mae": [0.23926328122615814, 0.23376238346099854, 0.23231945931911469, 0.23433321714401245, 0.23222817480564117], "mape": [104.80648803710938, 108.20556640625, 104.03094482421875, 95.45977783203125, 104.76155090332031]}