{"loss": [0.0988345518708229, 0.09645237028598785, 0.0964718610048294, 0.09735579788684845, 0.09488383680582047], "mse": [0.0988345518708229, 0.09645237028598785, 0.0964718610048294, 0.09735579788684845, 0.09488383680582047], "mae": [0.2439051866531372, 0.2364591360092163, 0.2387191653251648, 0.23868703842163086, 0.23505808413028717], "mape": [101.96302795410156, 101.77957153320312, 99.78623962402344, 91.52007293701172, 98.45743560791016]}