{"loss": [0.17425288259983063, 0.1723558008670807, 0.16958773136138916, 0.1648343801498413, 0.16170266270637512], "mse": [0.17425288259983063, 0.1723558008670807, 0.16958773136138916, 0.1648343801498413, 0.16170266270637512], "mae": [0.30723705887794495, 0.30625972151756287, 0.3027042746543884, 0.30054882168769836, 0.30038711428642273], "mape": [299.0367736816406, 243.79229736328125, 277.446533203125, 199.54287719726562, 213.04302978515625]}