{"loss": [0.26722702383995056, 0.25964438915252686, 0.2594522535800934, 0.254108190536499, 0.24789708852767944], "mse": [0.26722702383995056, 0.25964438915252686, 0.2594522535800934, 0.254108190536499, 0.24789708852767944], "mae": [0.3741116523742676, 0.3661225140094757, 0.36797648668289185, 0.3604671061038971, 0.35992032289505005], "mape": [235.07403564453125, 227.43768310546875, 231.60523986816406, 224.5946807861328, 226.07798767089844]}