{"loss": [0.13966064155101776, 0.10753942281007767, 0.09564168751239777, 0.09528696537017822, 0.08709646761417389], "mse": [0.13966064155101776, 0.10753942281007767, 0.09564168751239777, 0.09528696537017822, 0.08709646761417389], "mae": [0.16658145189285278, 0.14446759223937988, 0.13900430500507355, 0.13981294631958008, 0.1357531100511551], "mape": [49.77334976196289, 40.69019317626953, 37.78518295288086, 37.85239791870117, 35.42271041870117]}