{"loss": [0.3015535771846771, 0.29077696800231934, 0.28108739852905273, 0.2735624611377716, 0.26392751932144165], "mse": [0.3015535771846771, 0.29077696800231934, 0.28108739852905273, 0.2735624611377716, 0.26392751932144165], "mae": [0.4222162365913391, 0.4188462793827057, 0.41126158833503723, 0.40509548783302307, 0.3959844708442688], "mape": [373.2977600097656, 300.92529296875, 358.5866394042969, 280.6957092285156, 297.51885986328125]}