{"loss": [0.13570712506771088, 0.11491180956363678, 0.10978847742080688, 0.10652986168861389, 0.10327646881341934], "mse": [0.13570712506771088, 0.11491180956363678, 0.10978847742080688, 0.10652986168861389, 0.10327646881341934], "mae": [0.2786637246608734, 0.2581828832626343, 0.24894560873508453, 0.24594037234783173, 0.24371159076690674], "mape": [9541.70703125, 9542.1318359375, 9248.2138671875, 9760.3076171875, 7370.517578125]}