{"loss": [0.1423102170228958, 0.13565488159656525, 0.13243114948272705, 0.1339619904756546, 0.1327124983072281], "mse": [0.1423102170228958, 0.13565488159656525, 0.13243114948272705, 0.1339619904756546, 0.1327124983072281], "mae": [0.22228820621967316, 0.2149975597858429, 0.2136116921901703, 0.2120685577392578, 0.21318000555038452], "mape": [48.84709167480469, 48.47797393798828, 46.16618347167969, 47.63323974609375, 47.25735092163086]}