{"loss": [0.09067463874816895, 0.08823253959417343, 0.08814196288585663, 0.08832886815071106, 0.08745606988668442], "mse": [0.09067463874816895, 0.08823253959417343, 0.08814196288585663, 0.08832886815071106, 0.08745606988668442], "mae": [0.23048752546310425, 0.2281031608581543, 0.22558806836605072, 0.22736768424510956, 0.22895212471485138], "mape": [887.6365356445312, 1300.0545654296875, 2200.517578125, 1780.559814453125, 1157.4202880859375]}