{"loss": [0.1918596774339676, 0.18378746509552002, 0.1815083622932434, 0.17565833032131195, 0.17203690111637115], "mse": [0.1918596774339676, 0.18378746509552002, 0.1815083622932434, 0.17565833032131195, 0.17203690111637115], "mae": [0.32043513655662537, 0.31291764974594116, 0.30948013067245483, 0.3037089705467224, 0.30242133140563965], "mape": [217.38990783691406, 219.354736328125, 197.2967071533203, 202.8562469482422, 201.56195068359375]}