{"loss": [0.05348682403564453, 0.05188322067260742, 0.06323258578777313, 0.04848445579409599, 0.05196348950266838], "mse": [0.05348682403564453, 0.05188322067260742, 0.06323258578777313, 0.04848445579409599, 0.05196348950266838], "mae": [0.06292678415775299, 0.05984344705939293, 0.0641745924949646, 0.05560660734772682, 0.05938500538468361], "mape": [49.76253890991211, 50.0802001953125, 47.60569381713867, 48.03848648071289, 52.490657806396484]}