{"loss": [0.05237770825624466, 0.04778773710131645, 0.05113721638917923, 0.05070407688617706, 0.047375138849020004], "mse": [0.05237770825624466, 0.04778773710131645, 0.05113721638917923, 0.05070407688617706, 0.047375138849020004], "mae": [0.06113253906369209, 0.056229908019304276, 0.05757885426282883, 0.0555555522441864, 0.058225035667419434], "mape": [48.17296600341797, 48.26194381713867, 43.95812225341797, 47.99905776977539, 51.85725402832031]}