{"loss": [0.08564227819442749, 0.0847802460193634, 0.08317729085683823, 0.08552298694849014, 0.08339940756559372], "mse": [0.08564227819442749, 0.0847802460193634, 0.08317729085683823, 0.08552298694849014, 0.08339940756559372], "mae": [0.22797586023807526, 0.2234226018190384, 0.2212297022342682, 0.22342701256275177, 0.2220669537782669], "mape": [100.98115539550781, 102.3532943725586, 98.58743286132812, 91.78807067871094, 99.7413558959961]}