{"loss": [0.5571702122688293, 0.40121620893478394, 0.36257198452949524, 0.3384261131286621, 0.32822075486183167], "mse": [0.5571702122688293, 0.40121620893478394, 0.36257198452949524, 0.3384261131286621, 0.32822075486183167], "mae": [0.5748046636581421, 0.4900837540626526, 0.4670970141887665, 0.45036759972572327, 0.44228219985961914], "mape": [333.26922607421875, 362.73846435546875, 376.464111328125, 309.0551452636719, 362.5743713378906]}