{"loss": [0.31653034687042236, 0.29978883266448975, 0.29415538907051086, 0.28451007604599, 0.27516523003578186], "mse": [0.31653034687042236, 0.29978883266448975, 0.29415538907051086, 0.28451007604599, 0.27516523003578186], "mae": [0.4037317931652069, 0.3932778537273407, 0.3894917070865631, 0.382295161485672, 0.3785177171230316], "mape": [262.51702880859375, 260.7427673339844, 256.51336669921875, 245.52410888671875, 249.8613739013672]}