{"loss": [0.12448327988386154, 0.12445975095033646, 0.12214387208223343, 0.1238972395658493, 0.12310195714235306], "mse": [0.12448327988386154, 0.12445975095033646, 0.12214387208223343, 0.1238972395658493, 0.12310195714235306], "mae": [0.2064589112997055, 0.20706631243228912, 0.20548224449157715, 0.20381039381027222, 0.20530301332473755], "mape": [46.19990158081055, 46.490814208984375, 44.3123664855957, 45.82609558105469, 45.673667907714844]}