{"loss": [0.08439651131629944, 0.08370364457368851, 0.08298424631357193, 0.08384785801172256, 0.08066116273403168], "mse": [0.08439651131629944, 0.08370364457368851, 0.08298424631357193, 0.08384785801172256, 0.08066116273403168], "mae": [0.22073864936828613, 0.21716877818107605, 0.2169094979763031, 0.2170601785182953, 0.2149352878332138], "mape": [65.67143249511719, 64.73613739013672, 66.18865966796875, 68.49827575683594, 64.31427001953125]}