{"loss": [0.16952262818813324, 0.1643083244562149, 0.16385741531848907, 0.1601276397705078, 0.1574171483516693], "mse": [0.16952262818813324, 0.1643083244562149, 0.16385741531848907, 0.1601276397705078, 0.1574171483516693], "mae": [0.30369290709495544, 0.2980000972747803, 0.3034099340438843, 0.29869064688682556, 0.2963756322860718], "mape": [222.0042266845703, 220.05496215820312, 203.82894897460938, 206.9334716796875, 213.2119903564453]}