{"loss": [0.25998014211654663, 0.2589462101459503, 0.26114216446876526, 0.25640788674354553, 0.25570181012153625], "mse": [0.25998014211654663, 0.2589462101459503, 0.26114216446876526, 0.25640788674354553, 0.25570181012153625], "mae": [0.3000052273273468, 0.29986080527305603, 0.2986929416656494, 0.2989819347858429, 0.29883891344070435], "mape": [240.52943420410156, 336.70953369140625, 292.26666259765625, 355.524169921875, 355.6072082519531]}