{"loss": [0.09410112351179123, 0.09136226028203964, 0.0910440981388092, 0.09077285975217819, 0.08929073810577393], "mse": [0.09410112351179123, 0.09136226028203964, 0.0910440981388092, 0.09077285975217819, 0.08929073810577393], "mae": [0.2334989309310913, 0.23139482736587524, 0.22864268720149994, 0.22964364290237427, 0.2293754518032074], "mape": [5363.95166015625, 5678.76953125, 6960.7041015625, 7590.05859375, 5983.29931640625]}