{"loss": [0.08985978364944458, 0.08951016515493393, 0.08931504935026169, 0.091297447681427, 0.08840654790401459], "mse": [0.08985978364944458, 0.08951016515493393, 0.08931504935026169, 0.091297447681427, 0.08840654790401459], "mae": [0.23300889134407043, 0.229918971657753, 0.23004309833049774, 0.23190127313137054, 0.22854401171207428], "mape": [94.51969146728516, 106.08274841308594, 99.9925308227539, 90.69258117675781, 99.77033996582031]}