{"loss": [0.12023606151342392, 0.11532851308584213, 0.11496958136558533, 0.11386817693710327, 0.10961759090423584], "mse": [0.12023606151342392, 0.11532851308584213, 0.11496958136558533, 0.11386817693710327, 0.10961759090423584], "mae": [0.2629561722278595, 0.25703155994415283, 0.2570458650588989, 0.2530336081981659, 0.25064608454704285], "mape": [111.35894012451172, 114.91261291503906, 110.7613525390625, 99.06539916992188, 110.64652252197266]}