{"loss": [0.27770718932151794, 0.26223576068878174, 0.25108054280281067, 0.23830801248550415, 0.23053397238254547], "mse": [0.27770718932151794, 0.26223576068878174, 0.25108054280281067, 0.23830801248550415, 0.23053397238254547], "mae": [0.4024909436702728, 0.3899698853492737, 0.3800891041755676, 0.3718153238296509, 0.36254066228866577], "mape": [207.02456665039062, 195.66864013671875, 194.7584228515625, 188.8660430908203, 194.24305725097656]}