{"loss": [0.16527308523654938, 0.1641155183315277, 0.16079972684383392, 0.15941134095191956, 0.15567229688167572], "mse": [0.16527308523654938, 0.1641155183315277, 0.16079972684383392, 0.15941134095191956, 0.15567229688167572], "mae": [0.2974790036678314, 0.30105847120285034, 0.2965760827064514, 0.29675474762916565, 0.29655206203460693], "mape": [261.6225280761719, 191.13897705078125, 227.6013641357422, 150.8638916015625, 191.12852478027344]}