{"loss": [0.0988345667719841, 0.09645235538482666, 0.09647185355424881, 0.09735582023859024, 0.09488383680582047], "mse": [0.0988345667719841, 0.09645235538482666, 0.09647185355424881, 0.09735582023859024, 0.09488383680582047], "mae": [0.2439051866531372, 0.23645919561386108, 0.2387191504240036, 0.23868702352046967, 0.23505811393260956], "mape": [101.96302795410156, 101.77959442138672, 99.7862319946289, 91.52007293701172, 98.45745086669922]}