{"loss": [0.15156736969947815, 0.14673903584480286, 0.1457526832818985, 0.13974761962890625, 0.1391531229019165], "mse": [0.15156736969947815, 0.14673903584480286, 0.1457526832818985, 0.13974761962890625, 0.1391531229019165], "mae": [0.28854164481163025, 0.28443601727485657, 0.28298255801200867, 0.2741008996963501, 0.27420055866241455], "mape": [131.67617797851562, 121.93090057373047, 136.1281280517578, 125.94000244140625, 127.78923797607422]}