{"loss": [0.3858122229576111, 0.33555155992507935, 0.3206440210342407, 0.3085247278213501, 0.30061987042427063], "mse": [0.3858122229576111, 0.33555155992507935, 0.3206440210342407, 0.3085247278213501, 0.30061987042427063], "mae": [0.37504488229751587, 0.3476959466934204, 0.33574214577674866, 0.3296605944633484, 0.3252541422843933], "mape": [389.92279052734375, 361.9687194824219, 302.5208740234375, 310.22509765625, 285.5038146972656]}