{"loss": [0.109705850481987, 0.10913069546222687, 0.10735537111759186, 0.10913361608982086, 0.10831514745950699], "mse": [0.109705850481987, 0.10913069546222687, 0.10735537111759186, 0.10913361608982086, 0.10831514745950699], "mae": [0.19468919932842255, 0.19322676956653595, 0.1943323165178299, 0.19117702543735504, 0.19392895698547363], "mape": [43.75035095214844, 43.29945755004883, 42.09446716308594, 42.869964599609375, 43.379154205322266]}