{"loss": [0.14403390884399414, 0.1369289606809616, 0.13351136445999146, 0.13488629460334778, 0.13356034457683563], "mse": [0.14403390884399414, 0.1369289606809616, 0.13351136445999146, 0.13488629460334778, 0.13356034457683563], "mae": [0.223708838224411, 0.216079443693161, 0.21423500776290894, 0.21264402568340302, 0.21369944512844086], "mape": [49.3238639831543, 48.85588073730469, 46.49074172973633, 47.94091796875, 47.53421401977539]}