{"loss": [0.0897810161113739, 0.08958499133586884, 0.08808072656393051, 0.0895734429359436, 0.08724295347929001], "mse": [0.0897810161113739, 0.08958499133586884, 0.08808072656393051, 0.0895734429359436, 0.08724295347929001], "mae": [0.2286144196987152, 0.22555039823055267, 0.22426031529903412, 0.2270786613225937, 0.22512967884540558], "mape": [68.0981674194336, 68.74996185302734, 69.93766784667969, 71.52043914794922, 71.19971466064453]}