{"loss": [0.5287257432937622, 0.3795854449272156, 0.33764612674713135, 0.31254857778549194, 0.2937909960746765], "mse": [0.5287257432937622, 0.3795854449272156, 0.33764612674713135, 0.31254857778549194, 0.2937909960746765], "mae": [0.5471957325935364, 0.46817708015441895, 0.44317132234573364, 0.4285041093826294, 0.4133882224559784], "mape": [281.2796936035156, 235.6739959716797, 219.4600830078125, 219.4046630859375, 214.6197509765625]}