{"loss": [0.24029415845870972, 0.23933464288711548, 0.2411765158176422, 0.23654961585998535, 0.23657283186912537], "mse": [0.24029415845870972, 0.23933464288711548, 0.2411765158176422, 0.23654961585998535, 0.23657283186912537], "mae": [0.29186442494392395, 0.29022327065467834, 0.2893204391002655, 0.28930702805519104, 0.28980696201324463], "mape": [257.4744873046875, 346.628662109375, 304.0939636230469, 354.98321533203125, 363.92230224609375]}