{"loss": [0.09771832078695297, 0.09666009992361069, 0.09535426646471024, 0.0954974815249443, 0.09363473206758499], "mse": [0.09771832078695297, 0.09666009992361069, 0.09535426646471024, 0.0954974815249443, 0.09363473206758499], "mae": [0.2394782453775406, 0.23651829361915588, 0.23439519107341766, 0.23407255113124847, 0.23409925401210785], "mape": [73.244384765625, 71.64923095703125, 73.98143768310547, 75.99561309814453, 75.04065704345703]}