{"loss": [0.12023606896400452, 0.11532851308584213, 0.11496958136558533, 0.11386814713478088, 0.10961758345365524], "mse": [0.12023606896400452, 0.11532851308584213, 0.11496958136558533, 0.11386814713478088, 0.10961758345365524], "mae": [0.2629561722278595, 0.2570314407348633, 0.2570458948612213, 0.2530335783958435, 0.25064608454704285], "mape": [111.3589096069336, 114.91259765625, 110.7613296508789, 99.06543731689453, 110.64652252197266]}