{"loss": [0.19447971880435944, 0.18812747299671173, 0.18478071689605713, 0.1770375818014145, 0.1742667555809021], "mse": [0.19447971880435944, 0.18812747299671173, 0.18478071689605713, 0.1770375818014145, 0.1742667555809021], "mae": [0.33349600434303284, 0.3264731466770172, 0.3239751160144806, 0.31430092453956604, 0.31104183197021484], "mape": [154.6983642578125, 140.70584106445312, 154.73683166503906, 138.65977478027344, 142.14161682128906]}