{"loss": [0.08719651401042938, 0.08737611770629883, 0.08599913865327835, 0.08752699941396713, 0.08517062664031982], "mse": [0.08719651401042938, 0.08737611770629883, 0.08599913865327835, 0.08752699941396713, 0.08517062664031982], "mae": [0.22478924691677094, 0.22235727310180664, 0.22142067551612854, 0.22429747879505157, 0.22225286066532135], "mape": [67.53791046142578, 67.6690673828125, 69.31356048583984, 70.90251159667969, 70.75157165527344]}