{"loss": [0.07860355824232101, 0.07855456322431564, 0.07745319604873657, 0.07859645783901215, 0.07733126729726791], "mse": [0.07860355824232101, 0.07855456322431564, 0.07745319604873657, 0.07859645783901215, 0.07733126729726791], "mae": [0.21404780447483063, 0.21043160557746887, 0.21193891763687134, 0.21245867013931274, 0.21152263879776], "mape": [63.97404098510742, 62.98379898071289, 63.826904296875, 67.52527618408203, 64.91145324707031]}