{"loss": [0.08708518743515015, 0.0871211588382721, 0.08674556016921997, 0.08873817324638367, 0.08606789261102676], "mse": [0.08708518743515015, 0.0871211588382721, 0.08674556016921997, 0.08873817324638367, 0.08606789261102676], "mae": [0.22943736612796783, 0.22675228118896484, 0.22673951089382172, 0.22861157357692719, 0.22572435438632965], "mape": [92.99126434326172, 104.85650634765625, 98.55545043945312, 89.1458511352539, 98.45252990722656]}