{"loss": [0.37353962659835815, 0.1672569066286087, 0.14763504266738892, 0.143093541264534, 0.13820433616638184], "mse": [0.37353962659835815, 0.1672569066286087, 0.14763504266738892, 0.143093541264534, 0.13820433616638184], "mae": [0.42333880066871643, 0.232482448220253, 0.22047734260559082, 0.21781139075756073, 0.21627099812030792], "mape": [67.27665710449219, 50.4736328125, 47.50060272216797, 49.0490837097168, 48.383094787597656]}