{"loss": [0.1301732212305069, 0.12774552404880524, 0.12779885530471802, 0.12374475598335266, 0.12344901263713837], "mse": [0.1301732212305069, 0.12774552404880524, 0.12779885530471802, 0.12374475598335266, 0.12344901263713837], "mae": [0.2628552317619324, 0.2553214430809021, 0.2554754912853241, 0.25271546840667725, 0.25253257155418396], "mape": [151.7946319580078, 144.3363494873047, 143.49769592285156, 143.76083374023438, 154.1725616455078]}