{"loss": [0.0804961547255516, 0.08031231164932251, 0.07918883860111237, 0.08045166730880737, 0.07892764359712601], "mse": [0.0804961547255516, 0.08031231164932251, 0.07918883860111237, 0.08045166730880737, 0.07892764359712601], "mae": [0.21649475395679474, 0.21247154474258423, 0.21387845277786255, 0.21491585671901703, 0.21387076377868652], "mape": [64.8038558959961, 63.6950798034668, 65.03846740722656, 68.50528717041016, 66.30323791503906]}