{"loss": [0.3145431876182556, 0.2585256099700928, 0.23596394062042236, 0.21509645879268646, 0.17918196320533752], "mse": [0.3145431876182556, 0.2585256099700928, 0.23596394062042236, 0.21509645879268646, 0.17918196320533752], "mae": [0.1532638669013977, 0.13845251500606537, 0.12830859422683716, 0.12235706299543381, 0.11550702154636383], "mape": [68.44220733642578, 93.6921615600586, 74.81101989746094, 67.63809967041016, 62.98716354370117]}