{"loss": [0.26001277565956116, 0.2558329999446869, 0.25014662742614746, 0.24446141719818115, 0.2372683584690094], "mse": [0.26001277565956116, 0.2558329999446869, 0.25014662742614746, 0.24446141719818115, 0.2372683584690094], "mae": [0.38914456963539124, 0.3901240825653076, 0.3851880431175232, 0.3796437680721283, 0.37247925996780396], "mape": [339.81109619140625, 265.149169921875, 324.77398681640625, 247.9727783203125, 263.99456787109375]}