{"loss": [0.08255709707736969, 0.08196114748716354, 0.08029454946517944, 0.08244936913251877, 0.08064666390419006], "mse": [0.08255709707736969, 0.08196114748716354, 0.08029454946517944, 0.08244936913251877, 0.08064666390419006], "mae": [0.22454412281513214, 0.22010038793087006, 0.21816544234752655, 0.2199258953332901, 0.2191023826599121], "mape": [99.99586486816406, 100.56263732910156, 97.32389831542969, 90.96730041503906, 99.24537658691406]}