{"loss": [0.0748395323753357, 0.07370052486658096, 0.07374715805053711, 0.07397965341806412, 0.07309316098690033], "mse": [0.0748395323753357, 0.07370052486658096, 0.07374715805053711, 0.07397965341806412, 0.07309316098690033], "mae": [0.21016287803649902, 0.21065600216388702, 0.20782440900802612, 0.20920754969120026, 0.21083645522594452], "mape": [423.2742614746094, 2171.317626953125, 5257.3125, 4517.33056640625, 4408.8349609375]}