{"loss": [0.23929548263549805, 0.2282029539346695, 0.2267889678478241, 0.22090815007686615, 0.21425309777259827], "mse": [0.23929548263549805, 0.2282029539346695, 0.2267889678478241, 0.22090815007686615, 0.21425309777259827], "mae": [0.3543647229671478, 0.3463439643383026, 0.34500953555107117, 0.3396119177341461, 0.33586663007736206], "mape": [247.84671020507812, 251.01187133789062, 232.69664001464844, 222.7463836669922, 229.148193359375]}