{"loss": [0.08939232677221298, 0.08702704310417175, 0.0863863155245781, 0.08674345165491104, 0.08556258678436279], "mse": [0.08939232677221298, 0.08702704310417175, 0.0863863155245781, 0.08674345165491104, 0.08556258678436279], "mae": [0.22921031713485718, 0.22665639221668243, 0.2239658087491989, 0.22574490308761597, 0.22729775309562683], "mape": [1089.19140625, 246.2662353515625, 2627.681884765625, 2742.50732421875, 1585.3245849609375]}