{"loss": [0.04698149859905243, 0.04007362946867943, 0.037038203328847885, 0.03762504830956459, 0.03393677622079849], "mse": [0.04698149859905243, 0.04007362946867943, 0.037038203328847885, 0.03762504830956459, 0.03393677622079849], "mae": [0.10827625542879105, 0.09742613136768341, 0.0944850891828537, 0.09414079040288925, 0.09385384619235992], "mape": [36.06163024902344, 35.044254302978516, 31.702077865600586, 33.85942459106445, 33.06851577758789]}