{"loss": [0.25998014211654663, 0.2589462399482727, 0.26114216446876526, 0.2564079165458679, 0.25570178031921387], "mse": [0.25998014211654663, 0.2589462399482727, 0.26114216446876526, 0.2564079165458679, 0.25570178031921387], "mae": [0.3000051975250244, 0.29986080527305603, 0.2986929714679718, 0.2989819049835205, 0.29883891344070435], "mape": [240.52947998046875, 336.70941162109375, 292.2666015625, 355.5241394042969, 355.6072998046875]}