{"loss": [0.21267177164554596, 0.14696992933750153, 0.13484720885753632, 0.12925107777118683, 0.12165728211402893], "mse": [0.21267177164554596, 0.14696992933750153, 0.13484720885753632, 0.12925107777118683, 0.12165728211402893], "mae": [0.3442828059196472, 0.286846786737442, 0.2778736650943756, 0.2685711681842804, 0.2621789574623108], "mape": [166.55625915527344, 145.64393615722656, 130.1937713623047, 115.47947692871094, 117.67586517333984]}