{"loss": [0.08725959807634354, 0.08679816126823425, 0.0856250673532486, 0.08673841506242752, 0.08515208214521408], "mse": [0.08725959807634354, 0.08679816126823425, 0.0856250673532486, 0.08673841506242752, 0.08515208214521408], "mae": [0.22503581643104553, 0.2216135710477829, 0.22228889167308807, 0.22300894558429718, 0.2218593806028366], "mape": [68.75067138671875, 67.14608764648438, 69.06532287597656, 71.61304473876953, 70.41281127929688]}