{"loss": [0.21448306739330292, 0.20433181524276733, 0.2020566165447235, 0.19590725004673004, 0.19116516411304474], "mse": [0.21448306739330292, 0.20433181524276733, 0.2020566165447235, 0.19590725004673004, 0.19116516411304474], "mae": [0.3367694616317749, 0.32918405532836914, 0.3265838623046875, 0.3209395110607147, 0.3178156614303589], "mape": [233.8263702392578, 236.46775817871094, 215.27566528320312, 202.37789916992188, 211.53466796875]}