{"loss": [0.0673358291387558, 0.0634830892086029, 0.06855560094118118, 0.058286845684051514, 0.06746117025613785], "mse": [0.0673358291387558, 0.0634830892086029, 0.06855560094118118, 0.058286845684051514, 0.06746117025613785], "mae": [0.06981996446847916, 0.064717136323452, 0.06885828822851181, 0.06297557801008224, 0.06874129921197891], "mape": [57.62644958496094, 46.89498519897461, 49.94426727294922, 46.88936233520508, 51.80020523071289]}