{"loss": [0.3858122229576111, 0.33555155992507935, 0.3206440210342407, 0.3085247874259949, 0.30061987042427063], "mse": [0.3858122229576111, 0.33555155992507935, 0.3206440210342407, 0.3085247874259949, 0.30061987042427063], "mae": [0.3750448226928711, 0.3476959466934204, 0.33574211597442627, 0.3296605944633484, 0.3252542018890381], "mape": [389.92279052734375, 361.9686584472656, 302.52081298828125, 310.22509765625, 285.5038146972656]}