{"loss": [0.13997994363307953, 0.13541880249977112, 0.1322881132364273, 0.13381114602088928, 0.132452130317688], "mse": [0.13997994363307953, 0.13541880249977112, 0.1322881132364273, 0.13381114602088928, 0.132452130317688], "mae": [0.22011345624923706, 0.21470260620117188, 0.21333928406238556, 0.2113938182592392, 0.2125282734632492], "mape": [48.79751968383789, 48.55925369262695, 46.215763092041016, 47.60533905029297, 47.20169448852539]}