{"loss": [0.09340966492891312, 0.09252937883138657, 0.09124930948019028, 0.0918884351849556, 0.0901918038725853], "mse": [0.09340966492891312, 0.09252937883138657, 0.09124930948019028, 0.0918884351849556, 0.0901918038725853], "mae": [0.2337353527545929, 0.23011936247348785, 0.22933940589427948, 0.2295871526002884, 0.22885951399803162], "mape": [71.75957489013672, 69.78226470947266, 72.55567932128906, 74.62194061279297, 73.54471588134766]}