{"loss": [0.1712152063846588, 0.16724835336208344, 0.16499128937721252, 0.15856847167015076, 0.15846598148345947], "mse": [0.1712152063846588, 0.16724835336208344, 0.16499128937721252, 0.15856847167015076, 0.15846598148345947], "mae": [0.3080192506313324, 0.30151253938674927, 0.29725316166877747, 0.29254117608070374, 0.2923557758331299], "mape": [173.76959228515625, 162.88124084472656, 160.63772583007812, 162.14134216308594, 174.686279296875]}