{"loss": [0.1239725723862648, 0.12397334724664688, 0.12193010002374649, 0.12363148480653763, 0.1230732649564743], "mse": [0.1239725723862648, 0.12397334724664688, 0.12193010002374649, 0.12363148480653763, 0.1230732649564743], "mae": [0.2066136747598648, 0.20763584971427917, 0.205790176987648, 0.20405399799346924, 0.20622777938842773], "mape": [46.152400970458984, 46.4794921875, 44.34215545654297, 45.86518096923828, 45.890254974365234]}