{"loss": [0.28211817145347595, 0.2694256603717804, 0.26608577370643616, 0.25758200883865356, 0.25197964906692505], "mse": [0.28211817145347595, 0.2694256603717804, 0.26608577370643616, 0.25758200883865356, 0.25197964906692505], "mae": [0.38608619570732117, 0.38001516461372375, 0.38046663999557495, 0.37056007981300354, 0.3693305552005768], "mape": [249.0245361328125, 256.02679443359375, 246.81536865234375, 242.64759826660156, 246.37701416015625]}