{"loss": [0.1207103431224823, 0.11888869106769562, 0.11878848820924759, 0.11551015824079514, 0.11566294729709625], "mse": [0.1207103431224823, 0.11888869106769562, 0.11878848820924759, 0.11551015824079514, 0.11566294729709625], "mae": [0.2512185275554657, 0.2442101687192917, 0.2437993437051773, 0.24178552627563477, 0.24244694411754608], "mape": [143.3029327392578, 137.3406982421875, 137.775390625, 138.0940704345703, 145.94651794433594]}