{"loss": [0.2526460289955139, 0.2515948414802551, 0.25386857986450195, 0.24929331243038177, 0.24885277450084686], "mse": [0.2526460289955139, 0.2515948414802551, 0.25386857986450195, 0.24929331243038177, 0.24885277450084686], "mae": [0.29710766673088074, 0.2964390814304352, 0.29509660601615906, 0.29567742347717285, 0.29552868008613586], "mape": [244.29281616210938, 336.84027099609375, 294.0679016113281, 354.0596923828125, 355.2115478515625]}