{"loss": [0.07483954727649689, 0.07370052486658096, 0.07374715059995651, 0.07397963851690292, 0.07309316098690033], "mse": [0.07483954727649689, 0.07370052486658096, 0.07374715059995651, 0.07397963851690292, 0.07309316098690033], "mae": [0.2101629227399826, 0.21065598726272583, 0.20782440900802612, 0.20920756459236145, 0.2108364999294281], "mape": [423.26458740234375, 2171.318359375, 5257.314453125, 4517.33154296875, 4408.83544921875]}