{"loss": [0.28637397289276123, 0.28348633646965027, 0.2832579016685486, 0.2770949900150299, 0.2746890187263489], "mse": [0.28637397289276123, 0.28348633646965027, 0.2832579016685486, 0.2770949900150299, 0.2746890187263489], "mae": [0.3144531548023224, 0.31453901529312134, 0.31051161885261536, 0.30925557017326355, 0.3094993233680725], "mape": [309.6208801269531, 393.2273864746094, 340.17681884765625, 383.59808349609375, 383.67596435546875]}