{"loss": [0.14080367982387543, 0.11843253672122955, 0.11136189103126526, 0.10675884038209915, 0.1028863862156868], "mse": [0.14080367982387543, 0.11843253672122955, 0.11136189103126526, 0.10675884038209915, 0.1028863862156868], "mae": [0.2894890606403351, 0.26348087191581726, 0.25344547629356384, 0.24892009794712067, 0.24617724120616913], "mape": [89.67774200439453, 82.0925064086914, 77.56452941894531, 78.355224609375, 76.99604034423828]}