{"loss": [0.14134638011455536, 0.1382463425397873, 0.13826096057891846, 0.13341660797595978, 0.13320060074329376], "mse": [0.14134638011455536, 0.1382463425397873, 0.13826096057891846, 0.13341660797595978, 0.13320060074329376], "mae": [0.2755137085914612, 0.26801738142967224, 0.2680739462375641, 0.26416054368019104, 0.26446807384490967], "mape": [158.47100830078125, 149.2213897705078, 147.89602661132812, 147.50454711914062, 162.10073852539062]}