{"loss": [0.2411366105079651, 0.24033594131469727, 0.24158382415771484, 0.23716069757938385, 0.23709219694137573], "mse": [0.2411366105079651, 0.24033594131469727, 0.24158382415771484, 0.23716069757938385, 0.23709219694137573], "mae": [0.29425933957099915, 0.2921300530433655, 0.2902902662754059, 0.2911779582500458, 0.29001352190971375], "mape": [238.4575653076172, 279.48760986328125, 239.14215087890625, 254.2066650390625, 249.567626953125]}