{"loss": [0.07481629401445389, 0.07313774526119232, 0.0736391544342041, 0.07341139763593674, 0.07262323796749115], "mse": [0.07481629401445389, 0.07313774526119232, 0.0736391544342041, 0.07341139763593674, 0.07262323796749115], "mae": [0.21133121848106384, 0.21078668534755707, 0.20887671411037445, 0.21013031899929047, 0.21016183495521545], "mape": [1750.62060546875, 2790.357666015625, 3762.84033203125, 2713.9951171875, 2991.425537109375]}