{"loss": [0.08332660049200058, 0.08368851244449615, 0.08235839754343033, 0.08396542817354202, 0.08149435371160507], "mse": [0.08332660049200058, 0.08368851244449615, 0.08235839754343033, 0.08396542817354202, 0.08149435371160507], "mae": [0.21940898895263672, 0.21722771227359772, 0.21680861711502075, 0.2195601612329483, 0.21702608466148376], "mape": [66.28768157958984, 66.49919891357422, 67.70387268066406, 69.40438079833984, 69.21790313720703]}