{"loss": [0.19447973370552063, 0.18812747299671173, 0.18478070199489594, 0.17703764140605927, 0.1742667704820633], "mse": [0.19447973370552063, 0.18812747299671173, 0.18478070199489594, 0.17703764140605927, 0.1742667704820633], "mae": [0.33349594473838806, 0.3264731168746948, 0.32397517561912537, 0.31430092453956604, 0.31104183197021484], "mape": [154.69837951660156, 140.70584106445312, 154.73684692382812, 138.6597442626953, 142.1415557861328]}