{"loss": [0.1707555651664734, 0.16522961854934692, 0.16321580111980438, 0.15647196769714355, 0.1548905074596405], "mse": [0.1707555651664734, 0.16522961854934692, 0.16321580111980438, 0.15647196769714355, 0.1548905074596405], "mae": [0.30963367223739624, 0.3041846752166748, 0.3015255630016327, 0.29241618514060974, 0.2906404435634613], "mape": [143.63511657714844, 131.3936767578125, 144.26295471191406, 131.71267700195312, 133.3129425048828]}