{"loss": [0.10246314108371735, 0.09879530966281891, 0.09708691388368607, 0.09652071446180344, 0.09466834366321564], "mse": [0.10246314108371735, 0.09879530966281891, 0.09708691388368607, 0.09652071446180344, 0.09466834366321564], "mae": [0.24384328722953796, 0.23960670828819275, 0.23497959971427917, 0.23597851395606995, 0.23608946800231934], "mape": [738.2360229492188, 934.7053833007812, 2012.1048583984375, 2665.30029296875, 649.9237670898438]}