{"loss": [0.2463645488023758, 0.24528168141841888, 0.2473732829093933, 0.2427370548248291, 0.24257853627204895], "mse": [0.2463645488023758, 0.24528168141841888, 0.2473732829093933, 0.2427370548248291, 0.24257853627204895], "mae": [0.29453930258750916, 0.2931267321109772, 0.2920825481414795, 0.29224854707717896, 0.29277560114860535], "mape": [253.26585388183594, 340.91680908203125, 297.57879638671875, 353.7997741699219, 358.4560546875]}