{"loss": [0.08875767886638641, 0.07857049256563187, 0.08311311155557632, 0.07301343232393265, 0.07578437775373459], "mse": [0.08875767886638641, 0.07857049256563187, 0.08311311155557632, 0.07301343232393265, 0.07578437775373459], "mae": [0.08072785288095474, 0.07290010154247284, 0.07842926681041718, 0.07105857133865356, 0.07293622940778732], "mape": [49.289737701416016, 51.93356704711914, 53.26374053955078, 47.213985443115234, 50.67277908325195]}