{"loss": [0.09912269562482834, 0.0973704531788826, 0.09806706756353378, 0.09941057115793228, 0.096088707447052], "mse": [0.09912269562482834, 0.0973704531788826, 0.09806706756353378, 0.09941057115793228, 0.096088707447052], "mae": [0.2437412589788437, 0.23968476057052612, 0.24071457982063293, 0.24191097915172577, 0.2380373775959015], "mape": [100.72984313964844, 111.46261596679688, 105.8143539428711, 95.68484497070312, 104.82965087890625]}