{"loss": [0.2234748750925064, 0.21621863543987274, 0.21013306081295013, 0.20087142288684845, 0.19739101827144623], "mse": [0.2234748750925064, 0.21621863543987274, 0.21013306081295013, 0.20087142288684845, 0.19739101827144623], "mae": [0.35866251587867737, 0.35045188665390015, 0.343034029006958, 0.33679714798927307, 0.33063650131225586], "mape": [193.80760192871094, 179.58607482910156, 184.92221069335938, 175.5831298828125, 182.6593017578125]}