{"loss": [0.14145465195178986, 0.13549268245697021, 0.13205170631408691, 0.13343815505504608, 0.13209840655326843], "mse": [0.14145465195178986, 0.13549268245697021, 0.13205170631408691, 0.13343815505504608, 0.13209840655326843], "mae": [0.22063736617565155, 0.21448542177677155, 0.21302497386932373, 0.21097509562969208, 0.21218900382518768], "mape": [48.784812927246094, 48.460479736328125, 46.15016174316406, 47.52389144897461, 47.106590270996094]}