{"loss": [0.08154098689556122, 0.08196111768484116, 0.08062651008367538, 0.08229448646306992, 0.07979762554168701], "mse": [0.08154098689556122, 0.08196111768484116, 0.08062651008367538, 0.08229448646306992, 0.07979762554168701], "mae": [0.21683365106582642, 0.2147425264120102, 0.21462856233119965, 0.21729783713817596, 0.21446147561073303], "mape": [65.4043197631836, 65.77301025390625, 66.72264862060547, 68.36759948730469, 68.14994049072266]}