{"loss": [0.10408690571784973, 0.1014740839600563, 0.10144346207380295, 0.10221748054027557, 0.09933941811323166], "mse": [0.10408690571784973, 0.1014740839600563, 0.10144346207380295, 0.10221748054027557, 0.09933941811323166], "mae": [0.24711501598358154, 0.24177181720733643, 0.2424299269914627, 0.2420668751001358, 0.2396591603755951], "mape": [105.66222381591797, 110.61934661865234, 106.96231842041016, 97.16187286376953, 107.32228088378906]}