{"loss": [0.042166125029325485, 0.037762854248285294, 0.03439338877797127, 0.04026114568114281, 0.03343614935874939], "mse": [0.042166125029325485, 0.037762854248285294, 0.03439338877797127, 0.04026114568114281, 0.03343614935874939], "mae": [0.10029848664999008, 0.09474467486143112, 0.09056464582681656, 0.09673157334327698, 0.09129048138856888], "mape": [31.66193962097168, 31.176557540893555, 29.493322372436523, 30.298974990844727, 30.551841735839844]}