{"loss": [0.10039760172367096, 0.09839335829019547, 0.0959429144859314, 0.0962783470749855, 0.09371601790189743], "mse": [0.10039760172367096, 0.09839335829019547, 0.0959429144859314, 0.0962783470749855, 0.09371601790189743], "mae": [0.24344299733638763, 0.2395315021276474, 0.23530974984169006, 0.23633386194705963, 0.23442353308200836], "mape": [71.0702896118164, 72.37351989746094, 72.76210021972656, 73.88249206542969, 73.10006713867188]}