{"loss": [0.10939814895391464, 0.10623002797365189, 0.10600464046001434, 0.10572268813848495, 0.10263173282146454], "mse": [0.10939814895391464, 0.10623002797365189, 0.10600464046001434, 0.10572268813848495, 0.10263173282146454], "mae": [0.2529650032520294, 0.24630537629127502, 0.2488904744386673, 0.2467644065618515, 0.24279479682445526], "mape": [108.42158508300781, 107.76473236083984, 104.0794906616211, 94.58555603027344, 101.78582763671875]}