{"loss": [0.12615950405597687, 0.12328416854143143, 0.12141712009906769, 0.11865618079900742, 0.11634636670351028], "mse": [0.12615950405597687, 0.12328416854143143, 0.12141712009906769, 0.11865618079900742, 0.11634636670351028], "mae": [0.25455328822135925, 0.25190940499305725, 0.2504289448261261, 0.24634549021720886, 0.24170948565006256], "mape": [139.75001525878906, 130.46328735351562, 130.09422302246094, 139.46189880371094, 138.87351989746094]}