{"loss": [0.13570713996887207, 0.11491181701421738, 0.10978846251964569, 0.10652986168861389, 0.10327648371458054], "mse": [0.13570713996887207, 0.11491181701421738, 0.10978846251964569, 0.10652986168861389, 0.10327648371458054], "mae": [0.278663694858551, 0.25818291306495667, 0.24894554913043976, 0.24594034254550934, 0.24371157586574554], "mape": [9541.7041015625, 9542.134765625, 9248.2158203125, 9760.3056640625, 7370.51513671875]}