{"loss": [0.16952265799045563, 0.1643083542585373, 0.1638573855161667, 0.160127654671669, 0.1574171632528305], "mse": [0.16952265799045563, 0.1643083542585373, 0.1638573855161667, 0.160127654671669, 0.1574171632528305], "mae": [0.30369284749031067, 0.29800015687942505, 0.3034099042415619, 0.2986905872821808, 0.29637569189071655], "mape": [222.0042266845703, 220.05494689941406, 203.82896423339844, 206.9335479736328, 213.21197509765625]}