{"loss": [0.08810533583164215, 0.08735571056604385, 0.08685708045959473, 0.08760140091180801, 0.08491815626621246], "mse": [0.08810533583164215, 0.08735571056604385, 0.08685708045959473, 0.08760140091180801, 0.08491815626621246], "mae": [0.2264263778924942, 0.2230025976896286, 0.22282864153385162, 0.22298692166805267, 0.22078721225261688], "mape": [67.7466812133789, 66.71107482910156, 68.76688385009766, 70.17477416992188, 66.911865234375]}