{"loss": [0.12665098905563354, 0.10187747329473495, 0.08808426558971405, 0.08707663416862488, 0.07639145106077194], "mse": [0.12665098905563354, 0.10187747329473495, 0.08808426558971405, 0.08707663416862488, 0.07639145106077194], "mae": [0.15683597326278687, 0.14009876549243927, 0.13210739195346832, 0.13212238252162933, 0.12668074667453766], "mape": [44.68939208984375, 39.6003303527832, 39.471134185791016, 38.350032806396484, 34.66411209106445]}