{"loss": [0.11752860248088837, 0.10092513263225555, 0.09997766464948654, 0.09602589160203934, 0.08998271077871323], "mse": [0.11752860248088837, 0.10092513263225555, 0.09997766464948654, 0.09602589160203934, 0.08998271077871323], "mae": [0.09377674758434296, 0.08480575680732727, 0.08810235559940338, 0.0830758661031723, 0.07961548864841461], "mape": [49.94184494018555, 48.10372543334961, 53.26132583618164, 55.56401824951172, 50.07147979736328]}