{"loss": [0.17121519148349762, 0.16724838316440582, 0.16499130427837372, 0.15856848657131195, 0.15846599638462067], "mse": [0.17121519148349762, 0.16724838316440582, 0.16499130427837372, 0.15856848657131195, 0.15846599638462067], "mae": [0.30801922082901, 0.30151256918907166, 0.29725316166877747, 0.29254117608070374, 0.2923557758331299], "mape": [173.7695770263672, 162.88128662109375, 160.63778686523438, 162.1412811279297, 174.686279296875]}