{"loss": [0.24066074192523956, 0.23691093921661377, 0.23282460868358612, 0.22896753251552582, 0.22427968680858612], "mse": [0.24066074192523956, 0.23691093921661377, 0.23282460868358612, 0.22896753251552582, 0.22427968680858612], "mae": [0.3722694218158722, 0.3708849251270294, 0.36609208583831787, 0.3654398024082184, 0.36147716641426086], "mape": [327.4500427246094, 296.4013366699219, 317.9521484375, 272.08160400390625, 279.4678039550781]}