{"loss": [0.11851342767477036, 0.11826929450035095, 0.1158064603805542, 0.11729022115468979, 0.11670221388339996], "mse": [0.11851342767477036, 0.11826929450035095, 0.1158064603805542, 0.11729022115468979, 0.11670221388339996], "mae": [0.20164789259433746, 0.20083317160606384, 0.20022031664848328, 0.19801510870456696, 0.2003125250339508], "mape": [45.042301177978516, 45.02946853637695, 43.2411003112793, 44.46657943725586, 44.73567199707031]}