{"loss": [0.11336689442396164, 0.09574035555124283, 0.09557028114795685, 0.0826580673456192, 0.0873093232512474], "mse": [0.11336689442396164, 0.09574035555124283, 0.09557028114795685, 0.0826580673456192, 0.0873093232512474], "mae": [0.09120351076126099, 0.08571558445692062, 0.08335977047681808, 0.07754787057638168, 0.0800522193312645], "mape": [49.66858673095703, 56.902244567871094, 50.62496566772461, 54.7050895690918, 48.58945083618164]}