{"loss": [0.089399553835392, 0.0880449190735817, 0.08781710267066956, 0.08906783163547516, 0.08678309619426727], "mse": [0.089399553835392, 0.0880449190735817, 0.08781710267066956, 0.08906783163547516, 0.08678309619426727], "mae": [0.23308904469013214, 0.22753140330314636, 0.22889083623886108, 0.22912932932376862, 0.22603650391101837], "mape": [97.76678466796875, 98.68595886230469, 97.30472564697266, 88.67977142333984, 97.14564514160156]}