{"loss": [0.12747302651405334, 0.12737800180912018, 0.1250433772802353, 0.1268608272075653, 0.12599164247512817], "mse": [0.12747302651405334, 0.12737800180912018, 0.1250433772802353, 0.1268608272075653, 0.12599164247512817], "mae": [0.20887823402881622, 0.20965476334095, 0.20796094834804535, 0.2064216583967209, 0.20762261748313904], "mape": [46.91402053833008, 47.2047004699707, 44.94562530517578, 46.48546600341797, 46.1484489440918]}