{"loss": [0.08939232677221298, 0.08702704310417175, 0.08638633042573929, 0.08674345910549164, 0.08556258678436279], "mse": [0.08939232677221298, 0.08702704310417175, 0.08638633042573929, 0.08674345910549164, 0.08556258678436279], "mae": [0.2292102873325348, 0.22665640711784363, 0.2239658534526825, 0.22574491798877716, 0.22729775309562683], "mape": [1089.1824951171875, 246.25697326660156, 2627.6787109375, 2742.5087890625, 1585.31982421875]}