{"loss": [0.04447424039244652, 0.042461760342121124, 0.04048227146267891, 0.04459059610962868, 0.03916297107934952], "mse": [0.04447424039244652, 0.042461760342121124, 0.04048227146267891, 0.04459059610962868, 0.03916297107934952], "mae": [0.10155188292264938, 0.09897416830062866, 0.09806427359580994, 0.09996738284826279, 0.09510334581136703], "mape": [31.725345611572266, 32.993324279785156, 32.13157272338867, 30.361614227294922, 30.007652282714844]}