{"loss": [0.22650852799415588, 0.2178955227136612, 0.21286021173000336, 0.20377163589000702, 0.19882963597774506], "mse": [0.22650852799415588, 0.2178955227136612, 0.21286021173000336, 0.20377163589000702, 0.19882963597774506], "mae": [0.36153072118759155, 0.3534855544567108, 0.3519067168235779, 0.3417184352874756, 0.3367336690425873], "mape": [164.9405975341797, 145.27552795410156, 161.98594665527344, 145.3385772705078, 153.4541473388672]}