{"loss": [0.13839145004749298, 0.13484005630016327, 0.1326090395450592, 0.12950295209884644, 0.12642809748649597], "mse": [0.13839145004749298, 0.13484005630016327, 0.1326090395450592, 0.12950295209884644, 0.12642809748649597], "mae": [0.26962730288505554, 0.26714369654655457, 0.2644217014312744, 0.260740727186203, 0.2555166184902191], "mape": [144.10446166992188, 135.87026977539062, 132.9993896484375, 143.0363006591797, 143.71693420410156]}