{"loss": [0.089399553835392, 0.0880449190735817, 0.08781711757183075, 0.08906783163547516, 0.08678309619426727], "mse": [0.089399553835392, 0.0880449190735817, 0.08781711757183075, 0.08906783163547516, 0.08678309619426727], "mae": [0.23308899998664856, 0.22753140330314636, 0.22889086604118347, 0.22912932932376862, 0.22603654861450195], "mape": [97.76677703857422, 98.6859359741211, 97.30471801757812, 88.67974853515625, 97.14566040039062]}