{"loss": [0.20095917582511902, 0.19487574696540833, 0.19485041499137878, 0.19114737212657928, 0.18779830634593964], "mse": [0.20095917582511902, 0.19487574696540833, 0.19485041499137878, 0.19114737212657928, 0.18779830634593964], "mae": [0.32983672618865967, 0.3233044147491455, 0.3279116451740265, 0.3233589231967926, 0.32099542021751404], "mape": [229.7591552734375, 232.3386993408203, 219.77871704101562, 219.75537109375, 223.90478515625]}