{"loss": [0.10408691316843033, 0.1014740914106369, 0.10144347697496414, 0.10221748054027557, 0.09933941066265106], "mse": [0.10408691316843033, 0.1014740914106369, 0.10144347697496414, 0.10221748054027557, 0.09933941066265106], "mae": [0.24711504578590393, 0.24177181720733643, 0.2424299567937851, 0.2420668601989746, 0.2396591603755951], "mape": [105.66223907470703, 110.61933898925781, 106.96231842041016, 97.16187286376953, 107.3222885131836]}