{"loss": [0.07615083456039429, 0.07035619765520096, 0.07366696745157242, 0.06355129182338715, 0.06727433949708939], "mse": [0.07615083456039429, 0.07035619765520096, 0.07366696745157242, 0.06355129182338715, 0.06727433949708939], "mae": [0.07584350556135178, 0.06891844421625137, 0.07254968583583832, 0.06514719128608704, 0.06863442063331604], "mape": [53.19370651245117, 54.61618423461914, 51.067447662353516, 46.14636993408203, 50.914710998535156]}