{"loss": [0.13514219224452972, 0.12717828154563904, 0.12801367044448853, 0.1240377128124237, 0.12171463668346405], "mse": [0.13514219224452972, 0.12717828154563904, 0.12801367044448853, 0.1240377128124237, 0.12171463668346405], "mae": [0.2747781276702881, 0.262222558259964, 0.2613612711429596, 0.25551655888557434, 0.2549513876438141], "mape": [202.59104919433594, 204.7645263671875, 196.76345825195312, 210.23480224609375, 203.34918212890625]}