{"loss": [0.07615083456039429, 0.07035620510578156, 0.07366696000099182, 0.06355128437280655, 0.06727433204650879], "mse": [0.07615083456039429, 0.07035620510578156, 0.07366696000099182, 0.06355128437280655, 0.06727433204650879], "mae": [0.07584349811077118, 0.06891848891973495, 0.07254967838525772, 0.06514719128608704, 0.06863440573215485], "mape": [53.19367980957031, 54.61618423461914, 51.06742858886719, 46.146339416503906, 50.91469192504883]}