{"loss": [0.11862927675247192, 0.1183435320854187, 0.1161724403500557, 0.11764150112867355, 0.11725936084985733], "mse": [0.11862927675247192, 0.1183435320854187, 0.1161724403500557, 0.11764150112867355, 0.11725936084985733], "mae": [0.20288001000881195, 0.20238058269023895, 0.20199957489967346, 0.19927732646465302, 0.20251759886741638], "mape": [45.05276870727539, 45.03749465942383, 43.317596435546875, 44.47808074951172, 44.88878631591797]}