{"loss": [0.200133815407753, 0.19760119915008545, 0.1949833780527115, 0.18974457681179047, 0.18606486916542053], "mse": [0.200133815407753, 0.19760119915008545, 0.1949833780527115, 0.18974457681179047, 0.18606486916542053], "mae": [0.3301581144332886, 0.33207249641418457, 0.32870978116989136, 0.32604584097862244, 0.3240343928337097], "mape": [297.91259765625, 247.8751678466797, 282.3798522949219, 209.41456604003906, 225.44166564941406]}