{"loss": [0.12615950405597687, 0.12328415364027023, 0.12141712009906769, 0.11865619570016861, 0.11634639650583267], "mse": [0.12615950405597687, 0.12328415364027023, 0.12141712009906769, 0.11865619570016861, 0.11634639650583267], "mae": [0.25455328822135925, 0.25190943479537964, 0.2504288852214813, 0.24634554982185364, 0.24170951545238495], "mape": [139.75001525878906, 130.4633026123047, 130.09422302246094, 139.4618682861328, 138.87351989746094]}