{"loss": [0.13570712506771088, 0.11491183191537857, 0.10978846251964569, 0.10652986913919449, 0.10327646136283875], "mse": [0.13570712506771088, 0.11491183191537857, 0.10978846251964569, 0.10652986913919449, 0.10327646136283875], "mae": [0.2786637544631958, 0.25818291306495667, 0.24894553422927856, 0.24594035744667053, 0.24371157586574554], "mape": [9541.7041015625, 9542.1337890625, 9248.2177734375, 9760.3056640625, 7370.51904296875]}