{"loss": [0.1918596476316452, 0.18378746509552002, 0.1815083771944046, 0.17565830051898956, 0.17203693091869354], "mse": [0.1918596476316452, 0.18378746509552002, 0.1815083771944046, 0.17565830051898956, 0.17203693091869354], "mae": [0.32043516635894775, 0.31291764974594116, 0.30948004126548767, 0.30370888113975525, 0.3024212419986725], "mape": [217.38992309570312, 219.35476684570312, 197.29669189453125, 202.85629272460938, 201.56195068359375]}