{"loss": [0.05141601338982582, 0.04984432831406593, 0.04856818914413452, 0.045537106692790985, 0.04108741506934166], "mse": [0.05141601338982582, 0.04984432831406593, 0.04856818914413452, 0.045537106692790985, 0.04108741506934166], "mae": [0.06271679699420929, 0.058780718594789505, 0.05892164260149002, 0.05318675935268402, 0.05773656815290451], "mape": [55.55388641357422, 48.09950256347656, 48.387577056884766, 43.22246170043945, 50.0521354675293]}