{"loss": [0.14652244746685028, 0.13830484449863434, 0.13880519568920135, 0.13396048545837402, 0.13164325058460236], "mse": [0.14652244746685028, 0.13830484449863434, 0.13880519568920135, 0.13396048545837402, 0.13164325058460236], "mae": [0.2857179641723633, 0.27294814586639404, 0.27195680141448975, 0.26556164026260376, 0.2656494379043579], "mape": [205.45738220214844, 205.43115234375, 196.93885803222656, 212.4740753173828, 205.55833435058594]}