{"loss": [0.030601752921938896, 0.021704869344830513, 0.02644217759370804, 0.03840700164437294, 0.023777402937412262], "mse": [0.030601752921938896, 0.021704869344830513, 0.02644217759370804, 0.03840700164437294, 0.023777402937412262], "mae": [0.05071106180548668, 0.043581634759902954, 0.04652063921093941, 0.055079203099012375, 0.04811682552099228], "mape": [168.78619384765625, 132.15347290039062, 160.49440002441406, 147.19757080078125, 158.9401397705078]}