{"loss": [0.08241695910692215, 0.08192472904920578, 0.08102212846279144, 0.08191657066345215, 0.07873226702213287], "mse": [0.08241695910692215, 0.08192472904920578, 0.08102212846279144, 0.08191657066345215, 0.07873226702213287], "mae": [0.21790598332881927, 0.21460600197315216, 0.2142806053161621, 0.21422797441482544, 0.21244753897190094], "mape": [64.78326416015625, 63.573307037353516, 65.6480484008789, 67.97303771972656, 63.49488067626953]}