{"loss": [0.2551991641521454, 0.24241407215595245, 0.2334568351507187, 0.22189997136592865, 0.21277223527431488], "mse": [0.2551991641521454, 0.24241407215595245, 0.2334568351507187, 0.22189997136592865, 0.21277223527431488], "mae": [0.3865273594856262, 0.37849798798561096, 0.3694843649864197, 0.3631506562232971, 0.3528788685798645], "mape": [199.2982177734375, 187.1923370361328, 181.8550567626953, 186.0647430419922, 185.97622680664062]}