{"loss": [0.2411366105079651, 0.24033598601818085, 0.24158383905887604, 0.23716069757938385, 0.23709219694137573], "mse": [0.2411366105079651, 0.24033598601818085, 0.24158383905887604, 0.23716069757938385, 0.23709219694137573], "mae": [0.2942594289779663, 0.29213008284568787, 0.29029032588005066, 0.29117801785469055, 0.29001352190971375], "mape": [238.45753479003906, 279.4876403808594, 239.1422119140625, 254.2067108154297, 249.56764221191406]}