{"loss": [0.308057963848114, 0.30036062002182007, 0.2895822525024414, 0.2812599539756775, 0.2752445936203003], "mse": [0.308057963848114, 0.30036062002182007, 0.2895822525024414, 0.2812599539756775, 0.2752445936203003], "mae": [0.425978422164917, 0.42459604144096375, 0.4165174961090088, 0.40968501567840576, 0.4048599302768707], "mape": [389.1902160644531, 361.1445617675781, 374.2590637207031, 319.3712463378906, 337.9994201660156]}