{"loss": [0.06815230846405029, 0.059567779302597046, 0.05563297122716904, 0.05823507159948349, 0.05052923038601875], "mse": [0.06815230846405029, 0.059567779302597046, 0.05563297122716904, 0.05823507159948349, 0.05052923038601875], "mae": [0.1254308819770813, 0.11665479838848114, 0.11402745544910431, 0.11327765882015228, 0.11129789054393768], "mape": [39.16561508178711, 40.57692337036133, 38.116798400878906, 38.29793930053711, 38.642147064208984]}