{"loss": [0.08046605437994003, 0.0801117941737175, 0.07912818342447281, 0.07995272427797318, 0.07685545831918716], "mse": [0.08046605437994003, 0.0801117941737175, 0.07912818342447281, 0.07995272427797318, 0.07685545831918716], "mae": [0.21533623337745667, 0.21170459687709808, 0.211941659450531, 0.21157458424568176, 0.2097783088684082], "mape": [63.88259506225586, 62.35847854614258, 65.21009063720703, 67.55731964111328, 62.70777130126953]}