{"loss": [0.08037713915109634, 0.07855285704135895, 0.07922521233558655, 0.07886968553066254, 0.07832025736570358], "mse": [0.08037713915109634, 0.07855285704135895, 0.07922521233558655, 0.07886968553066254, 0.07832025736570358], "mae": [0.21872547268867493, 0.21625913679599762, 0.21678286790847778, 0.21731676161289215, 0.21781691908836365], "mape": [5109.8193359375, 5768.4814453125, 7710.75439453125, 7617.31201171875, 6967.2705078125]}