{"loss": [0.07985279709100723, 0.08031070232391357, 0.0789918452501297, 0.08068333566188812, 0.07820188999176025], "mse": [0.07985279709100723, 0.08031070232391357, 0.0789918452501297, 0.08068333566188812, 0.07820188999176025], "mae": [0.21447502076625824, 0.2121375948190689, 0.21251322329044342, 0.21504463255405426, 0.21189408004283905], "mape": [64.40321350097656, 64.87657165527344, 65.73715209960938, 67.39718627929688, 66.96610260009766]}