{"loss": [0.048454225063323975, 0.031086040660738945, 0.04198659956455231, 0.04086226224899292, 0.024261057376861572], "mse": [0.048454225063323975, 0.031086040660738945, 0.04198659956455231, 0.04086226224899292, 0.024261057376861572], "mae": [0.059120725840330124, 0.050485361367464066, 0.0538010373711586, 0.0604894645512104, 0.04836002737283707], "mape": [175.3185577392578, 127.41201782226562, 157.8855438232422, 150.9131317138672, 181.2303009033203]}