{"loss": [0.14080367982387543, 0.11843252927064896, 0.11136189848184586, 0.10675884783267975, 0.10288640856742859], "mse": [0.14080367982387543, 0.11843252927064896, 0.11136189848184586, 0.10675884783267975, 0.10288640856742859], "mae": [0.2894890606403351, 0.26348087191581726, 0.25344547629356384, 0.24892009794712067, 0.24617724120616913], "mape": [89.677734375, 82.09252166748047, 77.56454467773438, 78.35521697998047, 76.99604034423828]}