{"loss": [0.17896559834480286, 0.1602054089307785, 0.14971081912517548, 0.1330249309539795, 0.11646553874015808], "mse": [0.17896559834480286, 0.1602054089307785, 0.14971081912517548, 0.1330249309539795, 0.11646553874015808], "mae": [0.11112823337316513, 0.1055445745587349, 0.10298171639442444, 0.09614893049001694, 0.09544327110052109], "mape": [145.79110717773438, 188.588134765625, 174.1163787841797, 211.6839599609375, 170.0805206298828]}