{"loss": [0.08486837893724442, 0.08446051180362701, 0.08328986912965775, 0.0845940038561821, 0.08294980227947235], "mse": [0.08486837893724442, 0.08446051180362701, 0.08328986912965775, 0.0845940038561821, 0.08294980227947235], "mae": [0.2218138426542282, 0.21826636791229248, 0.21921668946743011, 0.22008050978183746, 0.21908438205718994], "mape": [67.3137435913086, 65.9955825805664, 67.48013305664062, 70.4376449584961, 69.0306625366211]}