{"loss": [0.27680355310440063, 0.2760773301124573, 0.2764758765697479, 0.2708360254764557, 0.26948946714401245], "mse": [0.27680355310440063, 0.2760773301124573, 0.2764758765697479, 0.2708360254764557, 0.26948946714401245], "mae": [0.30967697501182556, 0.3095982074737549, 0.30769863724708557, 0.30732592940330505, 0.30680418014526367], "mape": [258.6454772949219, 291.5323486328125, 249.03260803222656, 256.50115966796875, 251.3380126953125]}