{"loss": [0.17446209490299225, 0.1666536033153534, 0.16475151479244232, 0.15889506042003632, 0.15585513412952423], "mse": [0.17446209490299225, 0.1666536033153534, 0.16475151479244232, 0.15889506042003632, 0.15585513412952423], "mae": [0.3064621388912201, 0.2986006736755371, 0.29567012190818787, 0.2893871068954468, 0.28923481702804565], "mape": [200.53408813476562, 201.91172790527344, 193.12510681152344, 208.73252868652344, 205.2360076904297]}