{"loss": [0.28637397289276123, 0.28348633646965027, 0.2832579016685486, 0.2770950198173523, 0.27468904852867126], "mse": [0.28637397289276123, 0.28348633646965027, 0.2832579016685486, 0.2770950198173523, 0.27468904852867126], "mae": [0.314453125, 0.31453901529312134, 0.31051161885261536, 0.30925559997558594, 0.3094993829727173], "mape": [309.6208801269531, 393.2273864746094, 340.1767883300781, 383.5979919433594, 383.67596435546875]}