{"loss": [0.08046607673168182, 0.0801117941737175, 0.07912817597389221, 0.07995273917913437, 0.07685545831918716], "mse": [0.08046607673168182, 0.0801117941737175, 0.07912817597389221, 0.07995273917913437, 0.07685545831918716], "mae": [0.21533621847629547, 0.21170462667942047, 0.2119416445493698, 0.21157462894916534, 0.2097783088684082], "mape": [63.882591247558594, 62.35848617553711, 65.2100830078125, 67.55731964111328, 62.70775604248047]}