{"loss": [0.08570259064435959, 0.08356393128633499, 0.08400218188762665, 0.08388305455446243, 0.08290573209524155], "mse": [0.08570259064435959, 0.08356393128633499, 0.08400218188762665, 0.08388305455446243, 0.08290573209524155], "mae": [0.2250514179468155, 0.2219296395778656, 0.22159884870052338, 0.22272460162639618, 0.22283528745174408], "mape": [5255.63623046875, 5975.35791015625, 7761.98828125, 7921.8701171875, 7030.80712890625]}