{"loss": [0.10174176841974258, 0.09821402281522751, 0.09733080118894577, 0.09666503965854645, 0.09466354548931122], "mse": [0.10174176841974258, 0.09821402281522751, 0.09733080118894577, 0.09666503965854645, 0.09466354548931122], "mae": [0.2418266385793686, 0.23861169815063477, 0.23530733585357666, 0.23596514761447906, 0.23499880731105804], "mape": [6597.70556640625, 6421.32763671875, 7325.0107421875, 8285.814453125, 5980.67041015625]}