{"loss": [0.09228590130805969, 0.09063167124986649, 0.09048569202423096, 0.09175071865320206, 0.08938561379909515], "mse": [0.09228590130805969, 0.09063167124986649, 0.09048569202423096, 0.09175071865320206, 0.08938561379909515], "mae": [0.23649537563323975, 0.23062336444854736, 0.23213310539722443, 0.23212584853172302, 0.22917674481868744], "mape": [99.01153564453125, 99.5857925415039, 97.99105834960938, 89.60574340820312, 97.45101165771484]}