{"loss": [0.23749293386936188, 0.23335576057434082, 0.22809524834156036, 0.22129115462303162, 0.21969476342201233], "mse": [0.23749293386936188, 0.23335576057434082, 0.22809524834156036, 0.22129115462303162, 0.21969476342201233], "mae": [0.3731023073196411, 0.3694421052932739, 0.36577901244163513, 0.3588011860847473, 0.358399897813797], "mape": [360.1356506347656, 306.8612365722656, 325.5162353515625, 278.1891174316406, 310.6977233886719]}