{"loss": [0.23929548263549805, 0.2282029688358307, 0.22678892314434052, 0.22090812027454376, 0.21425308287143707], "mse": [0.23929548263549805, 0.2282029688358307, 0.22678892314434052, 0.22090812027454376, 0.21425308287143707], "mae": [0.3543647229671478, 0.346343994140625, 0.34500953555107117, 0.3396119177341461, 0.3358666002750397], "mape": [247.84671020507812, 251.01187133789062, 232.6966552734375, 222.7464141845703, 229.148193359375]}