{"loss": [0.0888543576002121, 0.08770478516817093, 0.08619526028633118, 0.08865076303482056, 0.08627238124608994], "mse": [0.0888543576002121, 0.08770478516817093, 0.08619526028633118, 0.08865076303482056, 0.08627238124608994], "mae": [0.23164968192577362, 0.22676202654838562, 0.2246728390455246, 0.22699761390686035, 0.2254190742969513], "mape": [102.30587005615234, 104.34256744384766, 100.10038757324219, 92.80929565429688, 101.0721206665039]}