{"loss": [0.12917140126228333, 0.12896181643009186, 0.12682782113552094, 0.12860819697380066, 0.1278558075428009], "mse": [0.12917140126228333, 0.12896181643009186, 0.12682782113552094, 0.12860819697380066, 0.1278558075428009], "mae": [0.2107536941766739, 0.21142898499965668, 0.20957528054714203, 0.20806598663330078, 0.20967555046081543], "mape": [47.40092849731445, 47.57763671875, 45.43070602416992, 46.94953155517578, 46.666107177734375]}