{"loss": [0.08518624305725098, 0.0854790136218071, 0.08415059000253677, 0.08570748567581177, 0.08328872919082642], "mse": [0.08518624305725098, 0.0854790136218071, 0.08415059000253677, 0.08570748567581177, 0.08328872919082642], "mae": [0.22194352746009827, 0.21963965892791748, 0.21905550360679626, 0.22186745703220367, 0.2196434736251831], "mape": [66.98713684082031, 67.09519958496094, 68.59075164794922, 70.24469757080078, 70.09612274169922]}