{"loss": [0.1630941480398178, 0.16168130934238434, 0.15884260833263397, 0.15449464321136475, 0.1516481339931488], "mse": [0.1630941480398178, 0.16168130934238434, 0.15884260833263397, 0.15449464321136475, 0.1516481339931488], "mae": [0.29791635274887085, 0.2964262366294861, 0.2911938428878784, 0.2896125316619873, 0.29044783115386963], "mape": [298.21856689453125, 234.3316192626953, 270.4200439453125, 187.19073486328125, 200.0963897705078]}