{"loss": [0.2330165058374405, 0.23307375609874725, 0.2338494509458542, 0.23037326335906982, 0.22927282750606537], "mse": [0.2330165058374405, 0.23307375609874725, 0.2338494509458542, 0.23037326335906982, 0.22927282750606537], "mae": [0.28871914744377136, 0.28918206691741943, 0.2851766049861908, 0.285701185464859, 0.2844475209712982], "mape": [246.0472869873047, 281.9482421875, 243.58743286132812, 260.8252258300781, 262.66192626953125]}