{"loss": [0.14134635031223297, 0.13824637234210968, 0.13826091587543488, 0.13341662287712097, 0.13320061564445496], "mse": [0.14134635031223297, 0.13824637234210968, 0.13826091587543488, 0.13341662287712097, 0.13320061564445496], "mae": [0.2755137085914612, 0.26801732182502747, 0.26807403564453125, 0.2641605734825134, 0.26446807384490967], "mape": [158.4710235595703, 149.2213897705078, 147.89601135253906, 147.5045928955078, 162.10072326660156]}