{"loss": [0.08670608699321747, 0.08564798533916473, 0.085309699177742, 0.08649827539920807, 0.08433343470096588], "mse": [0.08670608699321747, 0.08564798533916473, 0.085309699177742, 0.08649827539920807, 0.08433343470096588], "mae": [0.22980248928070068, 0.22450867295265198, 0.22562536597251892, 0.22619543969631195, 0.222916841506958], "mape": [96.6374740600586, 97.89142608642578, 96.63496398925781, 88.53802490234375, 96.8751220703125]}