{"loss": [0.22671420872211456, 0.22672799229621887, 0.2274903655052185, 0.2240758240222931, 0.2229905128479004], "mse": [0.22671420872211456, 0.22672799229621887, 0.2274903655052185, 0.2240758240222931, 0.2229905128479004], "mae": [0.28487205505371094, 0.2851279377937317, 0.2809600532054901, 0.2822495996952057, 0.2804515063762665], "mape": [246.2737579345703, 282.9339904785156, 242.99388122558594, 262.3045959472656, 262.7258605957031]}