{"loss": [0.052377719432115555, 0.04778774455189705, 0.05113724246621132, 0.050704073160886765, 0.04737512394785881], "mse": [0.052377719432115555, 0.04778774455189705, 0.05113724246621132, 0.050704073160886765, 0.04737512394785881], "mae": [0.061132557690143585, 0.056229908019304276, 0.05757886543869972, 0.055555570870637894, 0.05822504684329033], "mape": [48.172977447509766, 48.26190948486328, 43.95812225341797, 47.99903869628906, 51.857276916503906]}