{"loss": [0.26698100566864014, 0.2659863531589508, 0.2672860026359558, 0.2619171440601349, 0.26129066944122314], "mse": [0.26698100566864014, 0.2659863531589508, 0.2672860026359558, 0.2619171440601349, 0.26129066944122314], "mae": [0.3047561049461365, 0.30363309383392334, 0.30254554748535156, 0.30256858468055725, 0.3024539351463318], "mape": [249.7397918701172, 285.00994873046875, 241.25051879882812, 247.70343017578125, 250.1201629638672]}