{"loss": [0.09442835301160812, 0.09169446676969528, 0.09062643349170685, 0.09070831537246704, 0.08932339400053024], "mse": [0.09442835301160812, 0.09169446676969528, 0.09062643349170685, 0.09070831537246704, 0.08932339400053024], "mae": [0.2348494529724121, 0.23178154230117798, 0.22844716906547546, 0.23010727763175964, 0.23070740699768066], "mape": [738.5390014648438, 439.58489990234375, 1897.8519287109375, 2251.756591796875, 788.4420166015625]}