{"loss": [0.13570713996887207, 0.11491180956363678, 0.10978846251964569, 0.10652987658977509, 0.10327646881341934], "mse": [0.13570713996887207, 0.11491180956363678, 0.10978846251964569, 0.10652987658977509, 0.10327646881341934], "mae": [0.2786637246608734, 0.25818291306495667, 0.24894557893276215, 0.2459404021501541, 0.24371154606342316], "mape": [9541.7119140625, 9542.134765625, 9248.2158203125, 9760.3056640625, 7370.5146484375]}