{"loss": [0.09410113096237183, 0.09136223793029785, 0.09104409068822861, 0.09077286720275879, 0.08929071575403214], "mse": [0.09410113096237183, 0.09136223793029785, 0.09104409068822861, 0.09077286720275879, 0.08929071575403214], "mae": [0.23349891602993011, 0.23139481246471405, 0.22864262759685516, 0.22964367270469666, 0.2293754518032074], "mape": [5363.95166015625, 5678.77734375, 6960.708984375, 7590.05712890625, 5983.2998046875]}