{"loss": [0.08486837893724442, 0.0844605341553688, 0.08328986912965775, 0.0845940113067627, 0.08294979482889175], "mse": [0.08486837893724442, 0.0844605341553688, 0.08328986912965775, 0.0845940113067627, 0.08294979482889175], "mae": [0.2218138873577118, 0.2182663232088089, 0.21921664476394653, 0.22008050978183746, 0.21908436715602875], "mape": [67.3137435913086, 65.99559783935547, 67.48013305664062, 70.43765258789062, 69.0306625366211]}