{"loss": [0.14421513676643372, 0.13582247495651245, 0.1325371265411377, 0.13400837779045105, 0.13289053738117218], "mse": [0.14421513676643372, 0.13582247495651245, 0.1325371265411377, 0.13400837779045105, 0.13289053738117218], "mae": [0.22352968156337738, 0.21520571410655975, 0.2136184275150299, 0.21209196746349335, 0.21339012682437897], "mape": [48.96441650390625, 48.481651306152344, 46.22468566894531, 47.69465255737305, 47.3680534362793]}