{"loss": [0.08255711197853088, 0.08196114748716354, 0.08029452711343765, 0.08244936168193817, 0.08064667135477066], "mse": [0.08255711197853088, 0.08196114748716354, 0.08029452711343765, 0.08244936168193817, 0.08064667135477066], "mae": [0.22454407811164856, 0.22010038793087006, 0.2181655466556549, 0.2199258953332901, 0.2191023975610733], "mape": [99.99586486816406, 100.56265258789062, 97.32390594482422, 90.96733093261719, 99.24539947509766]}