{"loss": [0.10330396145582199, 0.10182514786720276, 0.10013425350189209, 0.09986235946416855, 0.0978410542011261], "mse": [0.10330396145582199, 0.10182514786720276, 0.10013425350189209, 0.09986235946416855, 0.0978410542011261], "mae": [0.24732953310012817, 0.24392296373844147, 0.2409731149673462, 0.2401280403137207, 0.2397819608449936], "mape": [73.96421813964844, 72.9263687133789, 75.59418487548828, 76.80292510986328, 76.40503692626953]}