{"loss": [0.13966064155101776, 0.10753939300775528, 0.09564170986413956, 0.09528697282075882, 0.08709646761417389], "mse": [0.13966064155101776, 0.10753939300775528, 0.09564170986413956, 0.09528697282075882, 0.08709646761417389], "mae": [0.16658145189285278, 0.14446759223937988, 0.13900433480739594, 0.13981296122074127, 0.13575313985347748], "mape": [49.77334976196289, 40.69019317626953, 37.785186767578125, 37.852413177490234, 35.422725677490234]}