{"loss": [0.09410113096237183, 0.09136226028203964, 0.09104409068822861, 0.09077285975217819, 0.08929072320461273], "mse": [0.09410113096237183, 0.09136226028203964, 0.09104409068822861, 0.09077285975217819, 0.08929072320461273], "mae": [0.23349891602993011, 0.23139485716819763, 0.22864262759685516, 0.22964362800121307, 0.2293754518032074], "mape": [5363.9521484375, 5678.7705078125, 6960.71142578125, 7590.05908203125, 5983.29833984375]}