{"loss": [0.048305757343769073, 0.04580410569906235, 0.04427240788936615, 0.04797954484820366, 0.042475663125514984], "mse": [0.048305757343769073, 0.04580410569906235, 0.04427240788936615, 0.04797954484820366, 0.042475663125514984], "mae": [0.10618026554584503, 0.1029103621840477, 0.10128314793109894, 0.10311385989189148, 0.09814142435789108], "mape": [33.44462203979492, 33.958892822265625, 33.261756896972656, 31.396780014038086, 30.447290420532227]}