{"loss": [0.2138804942369461, 0.21023713052272797, 0.20622828602790833, 0.20070645213127136, 0.19840417802333832], "mse": [0.2138804942369461, 0.21023713052272797, 0.20622828602790833, 0.20070645213127136, 0.19840417802333832], "mae": [0.35091695189476013, 0.34735268354415894, 0.3441314995288849, 0.3367294371128082, 0.33710968494415283], "mape": [347.4493103027344, 288.4115295410156, 307.19873046875, 262.7054443359375, 290.5018005371094]}