{"loss": [0.08286216855049133, 0.08084048330783844, 0.08142244815826416, 0.08119821548461914, 0.08042581379413605], "mse": [0.08286216855049133, 0.08084048330783844, 0.08142244815826416, 0.08119821548461914, 0.08042581379413605], "mae": [0.22187596559524536, 0.21876178681850433, 0.21909929811954498, 0.2200634628534317, 0.22040383517742157], "mape": [5292.99267578125, 6036.490234375, 7933.4296875, 7877.9921875, 7201.4248046875]}