{"loss": [0.19499622285366058, 0.1925678849220276, 0.18919873237609863, 0.18465518951416016, 0.18178732693195343], "mse": [0.19499622285366058, 0.1925678849220276, 0.18919873237609863, 0.18465518951416016, 0.18178732693195343], "mae": [0.33090972900390625, 0.32839810848236084, 0.3260482847690582, 0.3191141188144684, 0.3182930052280426], "mape": [337.77734375, 272.6710205078125, 290.7325439453125, 250.7619171142578, 275.3461608886719]}