{"loss": [0.08154097944498062, 0.08196111023426056, 0.08062651753425598, 0.08229449391365051, 0.0797976478934288], "mse": [0.08154097944498062, 0.08196111023426056, 0.08062651753425598, 0.08229449391365051, 0.0797976478934288], "mae": [0.21683365106582642, 0.2147425413131714, 0.21462853252887726, 0.21729788184165955, 0.21446146070957184], "mape": [65.40434265136719, 65.77299499511719, 66.72265625, 68.36759948730469, 68.14994049072266]}