{"loss": [0.13118596374988556, 0.11348185688257217, 0.10765755921602249, 0.10467767715454102, 0.10239024460315704], "mse": [0.13118596374988556, 0.11348185688257217, 0.10765755921602249, 0.10467767715454102, 0.10239024460315704], "mae": [0.2723318338394165, 0.2565658688545227, 0.24806824326515198, 0.2453567087650299, 0.24491837620735168], "mape": [3407.553466796875, 4051.8037109375, 4553.861328125, 4529.5078125, 2456.59375]}