{"loss": [0.08219075947999954, 0.07996459305286407, 0.08023643493652344, 0.08030819892883301, 0.07941581308841705], "mse": [0.08219075947999954, 0.07996459305286407, 0.08023643493652344, 0.08030819892883301, 0.07941581308841705], "mae": [0.22092753648757935, 0.21930474042892456, 0.21703936159610748, 0.21947798132896423, 0.2198428362607956], "mape": [1334.3682861328125, 1941.0838623046875, 2940.831787109375, 2241.496337890625, 2032.2542724609375]}