{"loss": [0.0862581878900528, 0.08553630113601685, 0.08494582772254944, 0.08578045666217804, 0.08282828330993652], "mse": [0.0862581878900528, 0.08553630113601685, 0.08494582772254944, 0.08578045666217804, 0.08282828330993652], "mae": [0.22367189824581146, 0.21981018781661987, 0.21981680393218994, 0.22019733488559723, 0.21777339279651642], "mape": [66.58534240722656, 65.73255157470703, 67.36804962158203, 69.25298309326172, 65.43449401855469]}