{"loss": [0.22106586396694183, 0.2173343151807785, 0.21444743871688843, 0.21076808869838715, 0.20648442208766937], "mse": [0.22106586396694183, 0.2173343151807785, 0.21444743871688843, 0.21076808869838715, 0.20648442208766937], "mae": [0.35477501153945923, 0.35217443108558655, 0.34857064485549927, 0.34872472286224365, 0.34609729051589966], "mape": [307.7256164550781, 263.3246154785156, 298.11981201171875, 250.01651000976562, 258.28192138671875]}