{"loss": [0.0897810161113739, 0.08958500623703003, 0.08808072656393051, 0.0895734652876854, 0.08724293112754822], "mse": [0.0897810161113739, 0.08958500623703003, 0.08808072656393051, 0.0895734652876854, 0.08724293112754822], "mae": [0.22861447930335999, 0.22555041313171387, 0.22426027059555054, 0.22707869112491608, 0.22512970864772797], "mape": [68.09815979003906, 68.74996185302734, 69.93766021728516, 71.52041625976562, 71.19971466064453]}