{"loss": [0.08570259064435959, 0.08356394618749619, 0.08400218933820724, 0.08388306945562363, 0.08290573209524155], "mse": [0.08570259064435959, 0.08356394618749619, 0.08400218933820724, 0.08388306945562363, 0.08290573209524155], "mae": [0.2250514179468155, 0.2219296544790268, 0.22159884870052338, 0.22272458672523499, 0.22283528745174408], "mape": [5255.6357421875, 5975.35888671875, 7761.984375, 7921.8623046875, 7030.8076171875]}