{"loss": [0.04746463522315025, 0.04230817034840584, 0.039315707981586456, 0.044787585735321045, 0.03814418986439705], "mse": [0.04746463522315025, 0.04230817034840584, 0.039315707981586456, 0.044787585735321045, 0.03814418986439705], "mae": [0.1065504252910614, 0.10018955916166306, 0.09746039658784866, 0.10170230269432068, 0.09710033982992172], "mape": [33.09501647949219, 32.918296813964844, 31.12103271484375, 31.527206420898438, 31.39419174194336]}