{"loss": [0.17425283789634705, 0.1723557859659195, 0.16958773136138916, 0.16483435034751892, 0.16170267760753632], "mse": [0.17425283789634705, 0.1723557859659195, 0.16958773136138916, 0.16483435034751892, 0.16170267760753632], "mae": [0.30723705887794495, 0.3062596917152405, 0.3027043044567108, 0.3005487620830536, 0.30038711428642273], "mape": [299.0367431640625, 243.79226684570312, 277.44647216796875, 199.54287719726562, 213.04302978515625]}