{"loss": [0.17691387236118317, 0.17510950565338135, 0.17212407290935516, 0.17007124423980713, 0.16651177406311035], "mse": [0.17691387236118317, 0.17510950565338135, 0.17212407290935516, 0.17007124423980713, 0.16651177406311035], "mae": [0.3098956048488617, 0.3117057681083679, 0.30796027183532715, 0.3080320358276367, 0.30727213621139526], "mape": [272.31268310546875, 204.8847198486328, 241.47335815429688, 172.21905517578125, 206.6604766845703]}