{"loss": [0.08241697400808334, 0.08192472159862518, 0.08102212846279144, 0.08191657066345215, 0.07873226702213287], "mse": [0.08241697400808334, 0.08192472159862518, 0.08102212846279144, 0.08191657066345215, 0.07873226702213287], "mae": [0.21790596842765808, 0.21460600197315216, 0.2142806202173233, 0.21422798931598663, 0.21244755387306213], "mape": [64.78327941894531, 63.57331848144531, 65.64803314208984, 67.97303771972656, 63.4948844909668]}