{"loss": [0.05689571797847748, 0.050729382783174515, 0.04715913534164429, 0.05220460891723633, 0.045082367956638336], "mse": [0.05689571797847748, 0.050729382783174515, 0.04715913534164429, 0.05220460891723633, 0.045082367956638336], "mae": [0.11534000188112259, 0.10801730304956436, 0.10570114105939865, 0.1096506267786026, 0.10465189069509506], "mape": [34.69527816772461, 34.12177658081055, 32.3761100769043, 32.9520149230957, 32.42447280883789]}