{"loss": [0.3165303170681, 0.29978883266448975, 0.29415541887283325, 0.2845101058483124, 0.27516523003578186], "mse": [0.3165303170681, 0.29978883266448975, 0.29415541887283325, 0.2845101058483124, 0.27516523003578186], "mae": [0.4037317633628845, 0.3932778537273407, 0.3894917070865631, 0.3822951912879944, 0.3785177767276764], "mape": [262.5169982910156, 260.7428283691406, 256.51336669921875, 245.5240478515625, 249.86135864257812]}