{"loss": [0.0451374426484108, 0.044898007065057755, 0.044950030744075775, 0.039548322558403015, 0.03344093635678291], "mse": [0.0451374426484108, 0.044898007065057755, 0.044950030744075775, 0.039548322558403015, 0.03344093635678291], "mae": [0.060881245881319046, 0.057648710906505585, 0.05848146602511406, 0.05249549075961113, 0.054396387189626694], "mape": [57.06586456298828, 49.45391845703125, 49.413970947265625, 44.359989166259766, 48.72758483886719]}