{"loss": [0.19179314374923706, 0.18742838501930237, 0.18395882844924927, 0.1764267086982727, 0.1754487305879593], "mse": [0.19179314374923706, 0.18742838501930237, 0.18395882844924927, 0.1764267086982727, 0.1754487305879593], "mae": [0.32824161648750305, 0.32222869992256165, 0.3146359324455261, 0.3100427985191345, 0.3093761205673218], "mape": [184.00962829589844, 171.14437866210938, 171.0816650390625, 167.6329803466797, 179.83636474609375]}