{"loss": [0.08518622815608978, 0.0854790210723877, 0.08415059745311737, 0.08570748567581177, 0.08328871428966522], "mse": [0.08518622815608978, 0.0854790210723877, 0.08415059745311737, 0.08570748567581177, 0.08328871428966522], "mae": [0.22194351255893707, 0.21963967382907867, 0.2190554440021515, 0.22186745703220367, 0.21964342892169952], "mape": [66.98713684082031, 67.09521484375, 68.59075927734375, 70.24469757080078, 70.09613037109375]}