{"loss": [0.4983769655227661, 0.3614066541194916, 0.3192506730556488, 0.2893514037132263, 0.2684807777404785], "mse": [0.4983769655227661, 0.3614066541194916, 0.3192506730556488, 0.2893514037132263, 0.2684807777404785], "mae": [0.5420136451721191, 0.46366649866104126, 0.4338837265968323, 0.4173530638217926, 0.4004150331020355], "mape": [266.38775634765625, 227.55921936035156, 215.08999633789062, 224.32546997070312, 221.09274291992188]}