{"loss": [0.4983769357204437, 0.3614065647125244, 0.3192506730556488, 0.2893514335155487, 0.2684808373451233], "mse": [0.4983769357204437, 0.3614065647125244, 0.3192506730556488, 0.2893514335155487, 0.2684808373451233], "mae": [0.5420136451721191, 0.4636664390563965, 0.4338837265968323, 0.417353093624115, 0.4004150629043579], "mape": [266.38775634765625, 227.5592041015625, 215.09007263183594, 224.3255157470703, 221.09278869628906]}