{"loss": [0.3015535771846771, 0.2907768785953522, 0.2810874283313751, 0.2735625207424164, 0.26392751932144165], "mse": [0.3015535771846771, 0.2907768785953522, 0.2810874283313751, 0.2735625207424164, 0.26392751932144165], "mae": [0.4222162365913391, 0.4188462793827057, 0.41126158833503723, 0.4050954282283783, 0.3959844708442688], "mape": [373.2978820800781, 300.9253234863281, 358.5866394042969, 280.6956787109375, 297.51898193359375]}