{"loss": [0.23749293386936188, 0.23335576057434082, 0.22809527814388275, 0.22129115462303162, 0.21969476342201233], "mse": [0.23749293386936188, 0.23335576057434082, 0.22809527814388275, 0.22129115462303162, 0.21969476342201233], "mae": [0.3731023073196411, 0.3694421947002411, 0.36577901244163513, 0.3588011562824249, 0.3583999276161194], "mape": [360.1356201171875, 306.8612976074219, 325.5162353515625, 278.1890563964844, 310.6977233886719]}