{"loss": [0.1837928146123886, 0.16052541136741638, 0.14729315042495728, 0.1270386427640915, 0.1090117022395134], "mse": [0.1837928146123886, 0.16052541136741638, 0.14729315042495728, 0.1270386427640915, 0.1090117022395134], "mae": [0.11352355778217316, 0.10736525058746338, 0.10276950150728226, 0.09608695656061172, 0.09166806191205978], "mape": [60.64068603515625, 75.61573791503906, 59.4217529296875, 64.9532470703125, 54.99603271484375]}