{"loss": [0.07964657992124557, 0.0775541365146637, 0.07790176570415497, 0.07787690311670303, 0.07700059562921524], "mse": [0.07964657992124557, 0.0775541365146637, 0.07790176570415497, 0.07787690311670303, 0.07700059562921524], "mae": [0.21779553592205048, 0.21651531755924225, 0.21410095691680908, 0.21647322177886963, 0.21661801636219025], "mape": [1452.5052490234375, 2161.92529296875, 3196.23095703125, 2363.274169921875, 2339.430908203125]}