{"loss": [0.10995269566774368, 0.10665474086999893, 0.10682496428489685, 0.10692475736141205, 0.10360505431890488], "mse": [0.10995269566774368, 0.10665474086999893, 0.10682496428489685, 0.10692475736141205, 0.10360505431890488], "mae": [0.25279971957206726, 0.24716679751873016, 0.24884340167045593, 0.2465270608663559, 0.2438395470380783], "mape": [106.6580810546875, 111.46797943115234, 108.11235809326172, 97.48365783691406, 108.4642105102539]}