{"loss": [0.23749293386936188, 0.2333557903766632, 0.22809521853923798, 0.221291184425354, 0.21969473361968994], "mse": [0.23749293386936188, 0.2333557903766632, 0.22809521853923798, 0.221291184425354, 0.21969473361968994], "mae": [0.3731023669242859, 0.3694421052932739, 0.3657791018486023, 0.3588011860847473, 0.3583999574184418], "mape": [360.1355895996094, 306.8613586425781, 325.5162658691406, 278.18914794921875, 310.69775390625]}