{"loss": [0.18459007143974304, 0.17903268337249756, 0.17913031578063965, 0.17577509582042694, 0.17268911004066467], "mse": [0.18459007143974304, 0.17903268337249756, 0.17913031578063965, 0.17577509582042694, 0.17268911004066467], "mae": [0.31619301438331604, 0.30942702293395996, 0.31538593769073486, 0.3109869956970215, 0.3075888752937317], "mape": [225.31378173828125, 226.02392578125, 212.2013702392578, 213.84759521484375, 219.04351806640625]}