{"loss": [0.1291717141866684, 0.12896275520324707, 0.12682801485061646, 0.12860837578773499, 0.12785683572292328], "mse": [0.1291717141866684, 0.12896275520324707, 0.12682801485061646, 0.12860837578773499, 0.12785683572292328], "mae": [0.21075518429279327, 0.21142984926700592, 0.2095760852098465, 0.20806673169136047, 0.20967699587345123], "mape": [47.40104293823242, 47.5767822265625, 45.430484771728516, 46.94954299926758, 46.666343688964844]}