{"loss": [0.04046238213777542, 0.03420071676373482, 0.030830902978777885, 0.03231389448046684, 0.029146408662199974], "mse": [0.04046238213777542, 0.03420071676373482, 0.030830902978777885, 0.03231389448046684, 0.029146408662199974], "mae": [0.09919524937868118, 0.09003658592700958, 0.08580893278121948, 0.08745140582323074, 0.08675309270620346], "mape": [32.84734344482422, 31.861425399780273, 28.9559383392334, 31.45878028869629, 30.86586570739746]}