{"loss": [0.08219073712825775, 0.07996460050344467, 0.08023642748594284, 0.08030819892883301, 0.07941580563783646], "mse": [0.08219073712825775, 0.07996460050344467, 0.08023642748594284, 0.08030819892883301, 0.07941580563783646], "mae": [0.22092753648757935, 0.21930474042892456, 0.21703940629959106, 0.21947787702083588, 0.21984288096427917], "mape": [1334.3687744140625, 1941.08056640625, 2940.830078125, 2241.497314453125, 2032.2537841796875]}