{"loss": [0.0818064883351326, 0.07323816418647766, 0.0777345597743988, 0.06623966246843338, 0.07965806871652603], "mse": [0.0818064883351326, 0.07323816418647766, 0.0777345597743988, 0.06623966246843338, 0.07965806871652603], "mae": [0.07843732088804245, 0.07069920003414154, 0.0736522302031517, 0.06789795309305191, 0.07487498968839645], "mape": [51.45296096801758, 46.27933883666992, 50.26702117919922, 49.359798431396484, 51.80463790893555]}