{"loss": [0.10995267331600189, 0.10665477067232132, 0.10682496428489685, 0.10692476481199265, 0.10360505431890488], "mse": [0.10995267331600189, 0.10665477067232132, 0.10682496428489685, 0.10692476481199265, 0.10360505431890488], "mae": [0.25279971957206726, 0.24716682732105255, 0.24884337186813354, 0.24652715027332306, 0.2438395470380783], "mape": [106.65807342529297, 111.46797943115234, 108.11238098144531, 97.48367309570312, 108.46421813964844]}