{"loss": [0.1372721791267395, 0.11512722820043564, 0.10892993956804276, 0.10562065243721008, 0.10180249065160751], "mse": [0.1372721791267395, 0.11512722820043564, 0.10892993956804276, 0.10562065243721008, 0.10180249065160751], "mae": [0.28632792830467224, 0.2617073953151703, 0.25225117802619934, 0.2501792311668396, 0.24490101635456085], "mape": [86.73770141601562, 78.30355834960938, 75.4250259399414, 76.77842712402344, 74.90081787109375]}