{"loss": [0.6086738705635071, 0.4106656312942505, 0.37782958149909973, 0.35231322050094604, 0.3319648504257202], "mse": [0.6086738705635071, 0.4106656312942505, 0.37782958149909973, 0.35231322050094604, 0.3319648504257202], "mae": [0.5654771327972412, 0.46122321486473083, 0.4406890273094177, 0.4227124750614166, 0.4149896800518036], "mape": [348.9761657714844, 280.0524597167969, 264.54046630859375, 253.68365478515625, 261.14501953125]}