{"loss": [0.2801094353199005, 0.2643307149410248, 0.2540004849433899, 0.2416974902153015, 0.2328973263502121], "mse": [0.2801094353199005, 0.2643307149410248, 0.2540004849433899, 0.2416974902153015, 0.2328973263502121], "mae": [0.40591415762901306, 0.3923274278640747, 0.38686051964759827, 0.3759039342403412, 0.369841068983078], "mape": [179.73060607910156, 162.5574493408203, 171.98265075683594, 163.06365966796875, 169.18283081054688]}