{"loss": [0.14080365002155304, 0.11843252927064896, 0.11136189103126526, 0.10675884038209915, 0.1028863787651062], "mse": [0.14080365002155304, 0.11843252927064896, 0.11136189103126526, 0.10675884038209915, 0.1028863787651062], "mae": [0.2894890308380127, 0.26348090171813965, 0.25344547629356384, 0.24892008304595947, 0.24617725610733032], "mape": [89.67774200439453, 82.09252166748047, 77.56453704833984, 78.35520935058594, 76.99604034423828]}