{"loss": [0.12542816996574402, 0.12542185187339783, 0.1233946830034256, 0.12492635846138, 0.12447094917297363], "mse": [0.12542816996574402, 0.12542185187339783, 0.1233946830034256, 0.12492635846138, 0.12447094917297363], "mae": [0.2081441730260849, 0.2091132551431656, 0.20689727365970612, 0.20527982711791992, 0.20700566470623016], "mape": [46.48976516723633, 46.82843017578125, 44.67851257324219, 46.15864181518555, 46.02526092529297]}