{"loss": [0.08939231932163239, 0.08702705800533295, 0.0863863080739975, 0.08674345165491104, 0.08556259423494339], "mse": [0.08939231932163239, 0.08702705800533295, 0.0863863080739975, 0.08674345165491104, 0.08556259423494339], "mae": [0.22921033203601837, 0.22665640711784363, 0.2239658683538437, 0.22574491798877716, 0.22729773819446564], "mape": [1089.1842041015625, 246.25355529785156, 2627.6865234375, 2742.509033203125, 1585.3206787109375]}