{"loss": [0.11935485154390335, 0.11882487684488297, 0.1168426126241684, 0.11807414144277573, 0.11793503165245056], "mse": [0.11935485154390335, 0.11882487684488297, 0.1168426126241684, 0.11807414144277573, 0.11793503165245056], "mae": [0.20300258696079254, 0.20319309830665588, 0.20238171517848969, 0.19994011521339417, 0.202820286154747], "mape": [45.240272521972656, 45.2563362121582, 43.5667724609375, 44.60050582885742, 44.898590087890625]}