{"loss": [0.07423698902130127, 0.07312764972448349, 0.07363677769899368, 0.07297743856906891, 0.07289527356624603], "mse": [0.07423698902130127, 0.07312764972448349, 0.07363677769899368, 0.07297743856906891, 0.07289527356624603], "mae": [0.2103760838508606, 0.2100270837545395, 0.20905596017837524, 0.20910079777240753, 0.21033573150634766], "mape": [3236.361083984375, 3396.94140625, 5548.328125, 5863.18115234375, 4576.7509765625]}