{"loss": [0.11851339787244797, 0.11826935410499573, 0.1158064603805542, 0.11729027330875397, 0.11670227348804474], "mse": [0.11851339787244797, 0.11826935410499573, 0.1158064603805542, 0.11729027330875397, 0.11670227348804474], "mae": [0.20164789259433746, 0.2008330523967743, 0.20022031664848328, 0.1980152577161789, 0.20031259953975677], "mape": [45.042301177978516, 45.029457092285156, 43.241127014160156, 44.46658706665039, 44.73567581176758]}