{"loss": [0.08037712424993515, 0.07855285704135895, 0.07922521978616714, 0.07886971533298492, 0.07832024991512299], "mse": [0.08037712424993515, 0.07855285704135895, 0.07922521978616714, 0.07886971533298492, 0.07832024991512299], "mae": [0.21872548758983612, 0.21625912189483643, 0.21678289771080017, 0.21731682121753693, 0.21781690418720245], "mape": [5109.8193359375, 5768.486328125, 7710.7509765625, 7617.314453125, 6967.27001953125]}