{"loss": [0.12262662500143051, 0.12245924025774002, 0.1203666552901268, 0.12162620574235916, 0.12133201956748962], "mse": [0.12262662500143051, 0.12245924025774002, 0.1203666552901268, 0.12162620574235916, 0.12133201956748962], "mae": [0.20563162863254547, 0.20645827054977417, 0.20474494993686676, 0.20239821076393127, 0.20499087870121002], "mape": [45.85942077636719, 46.1475944519043, 44.136898040771484, 45.40111541748047, 45.537132263183594]}