{"loss": [0.09228590130805969, 0.09063167870044708, 0.09048571437597275, 0.09175072610378265, 0.08938561379909515], "mse": [0.09228590130805969, 0.09063167870044708, 0.09048571437597275, 0.09175072610378265, 0.08938561379909515], "mae": [0.23649537563323975, 0.23062336444854736, 0.23213310539722443, 0.23212586343288422, 0.22917674481868744], "mape": [99.01152038574219, 99.58575439453125, 97.99103546142578, 89.60572814941406, 97.4510269165039]}