{"loss": [0.2670261859893799, 0.26215073466300964, 0.2555875778198242, 0.24701514840126038, 0.2464481145143509], "mse": [0.2670261859893799, 0.26215073466300964, 0.2555875778198242, 0.24701514840126038, 0.2464481145143509], "mae": [0.3978526294231415, 0.3950668275356293, 0.3912545442581177, 0.38187912106513977, 0.3820574879646301], "mape": [374.0760803222656, 334.93499755859375, 350.8181457519531, 298.4601135253906, 330.7556457519531]}