{"loss": [0.08875767886638641, 0.07857050746679306, 0.08311308920383453, 0.07301345467567444, 0.0757843628525734], "mse": [0.08875767886638641, 0.07857050746679306, 0.08311308920383453, 0.07301345467567444, 0.0757843628525734], "mae": [0.08072784543037415, 0.07290009409189224, 0.07842925190925598, 0.07105857133865356, 0.07293625175952911], "mape": [49.2897834777832, 51.93355178833008, 53.263763427734375, 47.21401596069336, 50.67280197143555]}