{"loss": [0.08564227819442749, 0.084780253469944, 0.08317730575799942, 0.08552297949790955, 0.08339942246675491], "mse": [0.08564227819442749, 0.084780253469944, 0.08317730575799942, 0.08552297949790955, 0.08339942246675491], "mae": [0.22797581553459167, 0.2234225869178772, 0.22122971713542938, 0.2234269678592682, 0.2220669537782669], "mape": [100.98116302490234, 102.3532943725586, 98.58747100830078, 91.7880630493164, 99.74134063720703]}