{"loss": [0.11862929165363312, 0.1183435320854187, 0.11617245525121689, 0.11764155328273773, 0.11725936084985733], "mse": [0.11862929165363312, 0.1183435320854187, 0.11617245525121689, 0.11764155328273773, 0.11725936084985733], "mae": [0.20288001000881195, 0.20238058269023895, 0.20199958980083466, 0.19927732646465302, 0.20251764357089996], "mape": [45.05276870727539, 45.037498474121094, 43.317596435546875, 44.47810745239258, 44.88878631591797]}