{"loss": [0.18625488877296448, 0.184233158826828, 0.18147173523902893, 0.1765960305929184, 0.17329473793506622], "mse": [0.18625488877296448, 0.184233158826828, 0.18147173523902893, 0.1765960305929184, 0.17329473793506622], "mae": [0.3176003694534302, 0.318187415599823, 0.31481584906578064, 0.3124629557132721, 0.3116108179092407], "mape": [298.092041015625, 246.81932067871094, 279.88543701171875, 204.9451141357422, 220.15313720703125]}