{"loss": [0.1923467069864273, 0.18782314658164978, 0.18584959208965302, 0.18207575380802155, 0.1758858859539032], "mse": [0.1923467069864273, 0.18782314658164978, 0.18584959208965302, 0.18207575380802155, 0.1758858859539032], "mae": [0.31959113478660583, 0.3137689232826233, 0.31517094373703003, 0.31056419014930725, 0.3057537376880646], "mape": [206.3532257080078, 204.08551025390625, 203.04981994628906, 197.8597412109375, 196.5941162109375]}