{"loss": [0.17456407845020294, 0.16938714683055878, 0.16561859846115112, 0.16100773215293884, 0.15616370737552643], "mse": [0.17456407845020294, 0.16938714683055878, 0.16561859846115112, 0.16100773215293884, 0.15616370737552643], "mae": [0.31297585368156433, 0.30765992403030396, 0.30288493633270264, 0.2994685769081116, 0.29346534609794617], "mape": [163.44113159179688, 148.64756774902344, 142.50613403320312, 149.10658264160156, 158.4915008544922]}