{"loss": [0.1397072672843933, 0.11725932359695435, 0.11062323302030563, 0.10738953948020935, 0.10442544519901276], "mse": [0.1397072672843933, 0.11725932359695435, 0.11062323302030563, 0.10738953948020935, 0.10442544519901276], "mae": [0.2899519205093384, 0.26475125551223755, 0.2547231614589691, 0.2501806616783142, 0.24832522869110107], "mape": [91.76432037353516, 81.00904083251953, 76.70365142822266, 77.0228042602539, 76.36244201660156]}