{"loss": [0.07879135012626648, 0.07703962177038193, 0.07706177234649658, 0.07740264385938644, 0.07641737908124924], "mse": [0.07879135012626648, 0.07703962177038193, 0.07706177234649658, 0.07740264385938644, 0.07641737908124924], "mae": [0.21611055731773376, 0.2153121680021286, 0.2130717933177948, 0.21443206071853638, 0.21609635651111603], "mape": [444.7669677734375, 1937.850341796875, 4968.47412109375, 4184.35986328125, 3828.178955078125]}