{"loss": [0.05348682403564453, 0.051883213222026825, 0.06323256343603134, 0.04848445951938629, 0.05196348950266838], "mse": [0.05348682403564453, 0.051883213222026825, 0.06323256343603134, 0.04848445951938629, 0.05196348950266838], "mae": [0.06292678415775299, 0.059843432158231735, 0.06417454779148102, 0.055606596171855927, 0.059384990483522415], "mape": [49.76253890991211, 50.080238342285156, 47.60568618774414, 48.03843307495117, 52.49068832397461]}