{"loss": [0.22833138704299927, 0.22777728736400604, 0.22943581640720367, 0.22498798370361328, 0.22481538355350494], "mse": [0.22833138704299927, 0.22777728736400604, 0.22943581640720367, 0.22498798370361328, 0.22481538355350494], "mae": [0.28639325499534607, 0.2844112813472748, 0.28318992257118225, 0.2828284204006195, 0.2833765745162964], "mape": [255.61961364746094, 361.7886962890625, 328.0152282714844, 363.4559020996094, 381.51947021484375]}