{"loss": [0.22271433472633362, 0.22231525182724, 0.22426044940948486, 0.22061161696910858, 0.21997478604316711], "mse": [0.22271433472633362, 0.22231525182724, 0.22426044940948486, 0.22061161696910858, 0.21997478604316711], "mae": [0.2840656042098999, 0.2816949486732483, 0.27855560183525085, 0.2815170884132385, 0.2792048752307892], "mape": [231.34689331054688, 274.8769226074219, 233.65933227539062, 256.4836730957031, 244.67410278320312]}