{"loss": [0.0875660628080368, 0.08519650250673294, 0.08525896817445755, 0.0854639932513237, 0.08457635343074799], "mse": [0.0875660628080368, 0.08519650250673294, 0.08525896817445755, 0.0854639932513237, 0.08457635343074799], "mae": [0.2268514484167099, 0.22484691441059113, 0.22251306474208832, 0.22468173503875732, 0.22574731707572937], "mape": [987.8554077148438, 1480.795166015625, 2421.262451171875, 1930.865966796875, 1459.965576171875]}