{"loss": [0.06891875714063644, 0.06417812407016754, 0.06847579777240753, 0.05954468995332718, 0.06262662261724472], "mse": [0.06891875714063644, 0.06417812407016754, 0.06847579777240753, 0.05954468995332718, 0.06262662261724472], "mae": [0.07158774137496948, 0.06570310145616531, 0.06816520541906357, 0.06309840828180313, 0.06502952426671982], "mape": [51.737037658691406, 53.75617218017578, 49.090049743652344, 46.64848327636719, 50.8016242980957]}