{"loss": [0.12071031332015991, 0.11888868361711502, 0.11878849565982819, 0.11551020294427872, 0.11566291004419327], "mse": [0.12071031332015991, 0.11888868361711502, 0.11878849565982819, 0.11551020294427872, 0.11566291004419327], "mae": [0.2512185573577881, 0.24421018362045288, 0.24379947781562805, 0.24178558588027954, 0.24244695901870728], "mape": [143.30291748046875, 137.34075927734375, 137.7754669189453, 138.09410095214844, 145.94656372070312]}