{"loss": [0.1397072672843933, 0.11725933104753494, 0.11062323302030563, 0.10738953948020935, 0.10442544519901276], "mse": [0.1397072672843933, 0.11725933104753494, 0.11062323302030563, 0.10738953948020935, 0.10442544519901276], "mae": [0.2899519205093384, 0.26475125551223755, 0.2547232210636139, 0.25018060207366943, 0.24832525849342346], "mape": [91.7643051147461, 81.00904846191406, 76.70364379882812, 77.02279663085938, 76.36244201660156]}