{"loss": [0.17121519148349762, 0.16724836826324463, 0.16499125957489014, 0.15856848657131195, 0.15846599638462067], "mse": [0.17121519148349762, 0.16724836826324463, 0.16499125957489014, 0.15856848657131195, 0.15846599638462067], "mae": [0.30801922082901, 0.30151259899139404, 0.29725316166877747, 0.29254111647605896, 0.2923557758331299], "mape": [173.76962280273438, 162.88121032714844, 160.63775634765625, 162.1413116455078, 174.686279296875]}