{"loss": [0.1918596774339676, 0.18378743529319763, 0.1815083771944046, 0.17565836012363434, 0.17203691601753235], "mse": [0.1918596774339676, 0.18378743529319763, 0.1815083771944046, 0.17565836012363434, 0.17203691601753235], "mae": [0.32043519616127014, 0.31291770935058594, 0.30948004126548767, 0.3037089407444, 0.30242130160331726], "mape": [217.38992309570312, 219.3547821044922, 197.2967529296875, 202.8563232421875, 201.56198120117188]}