{"loss": [0.11330641061067581, 0.11232553422451019, 0.11097180843353271, 0.11272423714399338, 0.1123889908194542], "mse": [0.11330641061067581, 0.11232553422451019, 0.11097180843353271, 0.11272423714399338, 0.1123889908194542], "mae": [0.19881436228752136, 0.19791096448898315, 0.19889317452907562, 0.1961687058210373, 0.19916300475597382], "mape": [44.08985900878906, 43.5844612121582, 43.1412353515625, 43.2692756652832, 43.61258316040039]}