{"loss": [0.15478235483169556, 0.15402516722679138, 0.15062130987644196, 0.14965108036994934, 0.14561393857002258], "mse": [0.15478235483169556, 0.15402516722679138, 0.15062130987644196, 0.14965108036994934, 0.14561393857002258], "mae": [0.2864110767841339, 0.29080256819725037, 0.28525882959365845, 0.28615668416023254, 0.28573185205459595], "mape": [249.5554962158203, 178.07095336914062, 212.62794494628906, 144.65797424316406, 176.40420532226562]}