{"loss": [0.24887385964393616, 0.24766160547733307, 0.24874165654182434, 0.24384477734565735, 0.2439974695444107], "mse": [0.24887385964393616, 0.24766160547733307, 0.24874165654182434, 0.24384477734565735, 0.2439974695444107], "mae": [0.29739126563072205, 0.2955942749977112, 0.2943149507045746, 0.29475414752960205, 0.29382362961769104], "mape": [239.36572265625, 278.89593505859375, 240.0465087890625, 251.85195922851562, 249.60324096679688]}