{"loss": [0.183792844414711, 0.16052541136741638, 0.14729316532611847, 0.1270386427640915, 0.10901171714067459], "mse": [0.183792844414711, 0.16052541136741638, 0.14729316532611847, 0.1270386427640915, 0.10901171714067459], "mae": [0.11352355778217316, 0.10736525058746338, 0.10276950150728226, 0.09608695656061172, 0.09166806936264038], "mape": [60.64067459106445, 75.61572265625, 59.421756744384766, 64.95327758789062, 54.99602508544922]}