{"loss": [0.5146567821502686, 0.39098674058914185, 0.35766419768333435, 0.3366500437259674, 0.3239096999168396], "mse": [0.5146567821502686, 0.39098674058914185, 0.35766419768333435, 0.3366500437259674, 0.3239096999168396], "mae": [0.5510866045951843, 0.4909042418003082, 0.4670984745025635, 0.4520482122898102, 0.4417448043823242], "mape": [583.398193359375, 429.25054931640625, 423.117431640625, 355.4933776855469, 380.4862976074219]}