{"loss": [0.11290521919727325, 0.11232832819223404, 0.1105770692229271, 0.11219917237758636, 0.11175419390201569], "mse": [0.11290521919727325, 0.11232832819223404, 0.1105770692229271, 0.11219917237758636, 0.11175419390201569], "mae": [0.1984444260597229, 0.19744448363780975, 0.19793212413787842, 0.19516727328300476, 0.1981717199087143], "mape": [44.0136604309082, 43.60774230957031, 42.46559143066406, 43.261558532714844, 43.70387268066406]}