{"loss": [0.07616913318634033, 0.07483047991991043, 0.07541418075561523, 0.074776791036129, 0.07457325607538223], "mse": [0.07616913318634033, 0.07483047991991043, 0.07541418075561523, 0.074776791036129, 0.07457325607538223], "mae": [0.21291279792785645, 0.21223099529743195, 0.21178802847862244, 0.2118867188692093, 0.212734654545784], "mape": [4044.5498046875, 4410.228515625, 6497.84765625, 6669.49072265625, 5653.77880859375]}