{"loss": [0.09967648983001709, 0.09747922420501709, 0.09696804732084274, 0.09845578670501709, 0.09573626518249512], "mse": [0.09967648983001709, 0.09747922420501709, 0.09696804732084274, 0.09845578670501709, 0.09573626518249512], "mae": [0.2428884357213974, 0.23770134150981903, 0.23708811402320862, 0.23814038932323456, 0.23582665622234344], "mape": [105.39784240722656, 109.78565216064453, 105.73841857910156, 96.59676361083984, 106.2513656616211]}