{"loss": [0.5242359638214111, 0.38726598024368286, 0.34627780318260193, 0.3171263337135315, 0.29508069157600403], "mse": [0.5242359638214111, 0.38726598024368286, 0.34627780318260193, 0.3171263337135315, 0.29508069157600403], "mae": [0.5505040884017944, 0.47567102313041687, 0.45424309372901917, 0.4320526719093323, 0.4164886772632599], "mape": [266.20892333984375, 219.414306640625, 210.93919372558594, 195.77996826171875, 185.1556396484375]}