{"loss": [0.11602071672677994, 0.11520975083112717, 0.11354579776525497, 0.1150614321231842, 0.11486799269914627], "mse": [0.11602071672677994, 0.11520975083112717, 0.11354579776525497, 0.1150614321231842, 0.11486799269914627], "mae": [0.20059025287628174, 0.2002204954624176, 0.200283944606781, 0.1977897733449936, 0.20084650814533234], "mape": [44.65969467163086, 44.34428024291992, 43.389034271240234, 43.85480499267578, 44.22321319580078]}