{"loss": [0.061308953911066055, 0.052907876670360565, 0.04954478144645691, 0.05199110135436058, 0.0450209304690361], "mse": [0.061308953911066055, 0.052907876670360565, 0.04954478144645691, 0.05199110135436058, 0.0450209304690361], "mae": [0.12033271789550781, 0.11048190295696259, 0.10805030912160873, 0.10794292390346527, 0.10648058354854584], "mape": [38.325706481933594, 38.975341796875, 35.85054397583008, 37.20750045776367, 37.39702606201172]}