{"loss": [0.23446966707706451, 0.23391713201999664, 0.23544912040233612, 0.2313678115606308, 0.23101834952831268], "mse": [0.23446966707706451, 0.23391713201999664, 0.23544912040233612, 0.2313678115606308, 0.23101834952831268], "mae": [0.2910212278366089, 0.2888334095478058, 0.28628483414649963, 0.2877897322177887, 0.28632810711860657], "mape": [237.09970092773438, 279.37261962890625, 237.79037475585938, 255.91806030273438, 248.668212890625]}