{"loss": [0.11514630168676376, 0.11471834778785706, 0.11249066889286041, 0.11404182016849518, 0.11347328126430511], "mse": [0.11514630168676376, 0.11471834778785706, 0.11249066889286041, 0.11404182016849518, 0.11347328126430511], "mae": [0.19886267185211182, 0.19770656526088715, 0.19777899980545044, 0.19550900161266327, 0.19796931743621826], "mape": [44.5662841796875, 44.34078598022461, 42.76544189453125, 43.880943298339844, 44.256893157958984]}