{"loss": [0.20617371797561646, 0.19844520092010498, 0.1927196979522705, 0.18526184558868408, 0.17867356538772583], "mse": [0.20617371797561646, 0.19844520092010498, 0.1927196979522705, 0.18526184558868408, 0.17867356538772583], "mae": [0.34452494978904724, 0.33855879306793213, 0.33119192719459534, 0.32690608501434326, 0.3187500834465027], "mape": [181.14459228515625, 165.90492248535156, 154.28237915039062, 161.857666015625, 167.4228057861328]}