{"loss": [0.10295199602842331, 0.10054384917020798, 0.10047638416290283, 0.10088460892438889, 0.09822995960712433], "mse": [0.10295199602842331, 0.10054384917020798, 0.10047638416290283, 0.10088460892438889, 0.09822995960712433], "mae": [0.24712766706943512, 0.24041035771369934, 0.24311639368534088, 0.2423105686903, 0.23842613399028778], "mape": [104.02997589111328, 103.73548889160156, 101.12909698486328, 92.54227447509766, 99.68850708007812]}