{"loss": [0.08262785524129868, 0.0823281854391098, 0.08112844079732895, 0.08248236775398254, 0.08079340308904648], "mse": [0.08262785524129868, 0.0823281854391098, 0.08112844079732895, 0.08248236775398254, 0.08079340308904648], "mae": [0.21901315450668335, 0.21520888805389404, 0.21632839739322662, 0.21758675575256348, 0.21638299524784088], "mape": [66.01410675048828, 64.87393188476562, 66.19786834716797, 69.48793029785156, 67.65862274169922]}