{"loss": [0.11219245940446854, 0.11165978759527206, 0.10972779989242554, 0.11141669005155563, 0.1107514351606369], "mse": [0.11219245940446854, 0.11165978759527206, 0.10972779989242554, 0.11141669005155563, 0.1107514351606369], "mae": [0.1966073215007782, 0.19538745284080505, 0.1959143728017807, 0.19323153793811798, 0.1958637237548828], "mape": [44.1757926940918, 43.81886291503906, 42.320213317871094, 43.35111999511719, 43.789772033691406]}