{"loss": [0.08939231932163239, 0.08702704310417175, 0.0863863155245781, 0.08674345910549164, 0.08556259423494339], "mse": [0.08939231932163239, 0.08702704310417175, 0.0863863155245781, 0.08674345910549164, 0.08556259423494339], "mae": [0.2292102873325348, 0.22665639221668243, 0.2239658385515213, 0.22574491798877716, 0.22729773819446564], "mape": [1089.1864013671875, 246.25747680664062, 2627.682861328125, 2742.50732421875, 1585.3280029296875]}