{"loss": [0.23446966707706451, 0.23391713201999664, 0.23544910550117493, 0.2313678115606308, 0.2310183346271515], "mse": [0.23446966707706451, 0.23391713201999664, 0.23544910550117493, 0.2313678115606308, 0.2310183346271515], "mae": [0.2910212576389313, 0.28883346915245056, 0.28628480434417725, 0.2877897322177887, 0.28632810711860657], "mape": [237.09970092773438, 279.37261962890625, 237.79034423828125, 255.9180908203125, 248.66819763183594]}