{"loss": [0.09340967237949371, 0.09252937883138657, 0.09124931693077087, 0.09188840538263321, 0.0901917889714241], "mse": [0.09340967237949371, 0.09252937883138657, 0.09124931693077087, 0.09188840538263321, 0.0901917889714241], "mae": [0.23373538255691528, 0.23011934757232666, 0.2293393611907959, 0.22958719730377197, 0.22885949909687042], "mape": [71.75956726074219, 69.7822494506836, 72.55567932128906, 74.62194061279297, 73.5447006225586]}