{"loss": [0.12448278069496155, 0.12445958703756332, 0.12214400619268417, 0.12389751523733139, 0.12310194224119186], "mse": [0.12448278069496155, 0.12445958703756332, 0.12214400619268417, 0.12389751523733139, 0.12310194224119186], "mae": [0.20645827054977417, 0.20706579089164734, 0.20548200607299805, 0.20381051301956177, 0.20530273020267487], "mape": [46.19974899291992, 46.49070358276367, 44.31232452392578, 45.82600402832031, 45.67356872558594]}