{"loss": [0.05113673210144043, 0.045823052525520325, 0.042689692229032516, 0.04798952490091324, 0.04128003492951393], "mse": [0.05113673210144043, 0.045823052525520325, 0.042689692229032516, 0.04798952490091324, 0.04128003492951393], "mae": [0.1101011410355568, 0.10382433980703354, 0.10123834758996964, 0.1051723062992096, 0.10080964118242264], "mape": [33.91514205932617, 33.689266204833984, 31.886550903320312, 32.26166915893555, 31.996374130249023]}