{"loss": [0.14080369472503662, 0.11843252927064896, 0.11136187613010406, 0.10675884038209915, 0.1028863787651062], "mse": [0.14080369472503662, 0.11843252927064896, 0.11136187613010406, 0.10675884038209915, 0.1028863787651062], "mae": [0.2894890308380127, 0.26348090171813965, 0.25344550609588623, 0.24892009794712067, 0.24617722630500793], "mape": [89.67774963378906, 82.09252166748047, 77.56454467773438, 78.355224609375, 76.99605560302734]}