{"loss": [0.13839146494865417, 0.1348400115966797, 0.1326090395450592, 0.12950293719768524, 0.12642806768417358], "mse": [0.13839146494865417, 0.1348400115966797, 0.1326090395450592, 0.12950293719768524, 0.12642806768417358], "mae": [0.26962733268737793, 0.2671436667442322, 0.2644217610359192, 0.2607406675815582, 0.25551652908325195], "mape": [144.10446166992188, 135.87022399902344, 132.99945068359375, 143.0363006591797, 143.71685791015625]}