{"loss": [0.11219248175621033, 0.11165980994701385, 0.10972781479358673, 0.11141669005155563, 0.1107514351606369], "mse": [0.11219248175621033, 0.11165980994701385, 0.10972781479358673, 0.11141669005155563, 0.1107514351606369], "mae": [0.1966073215007782, 0.19538740813732147, 0.19591432809829712, 0.19323155283927917, 0.19586370885372162], "mape": [44.17580032348633, 43.81886291503906, 42.32020568847656, 43.35110855102539, 43.789772033691406]}