{"loss": [0.08907237648963928, 0.08679130673408508, 0.08702930808067322, 0.08693575114011765, 0.08578124642372131], "mse": [0.08907237648963928, 0.08679130673408508, 0.08702930808067322, 0.08693575114011765, 0.08578124642372131], "mae": [0.2285296618938446, 0.22590665519237518, 0.22451592981815338, 0.22573570907115936, 0.22570611536502838], "mape": [5142.07763671875, 5759.68896484375, 7306.01123046875, 7720.94775390625, 6529.16552734375]}