{"loss": [0.1949961632490158, 0.1925678700208664, 0.18919871747493744, 0.18465517461299896, 0.18178728222846985], "mse": [0.1949961632490158, 0.1925678700208664, 0.18919871747493744, 0.18465517461299896, 0.18178728222846985], "mae": [0.3309096693992615, 0.32839804887771606, 0.3260483145713806, 0.319114089012146, 0.3182930648326874], "mape": [337.7773742675781, 272.6710510253906, 290.7325134277344, 250.76173400878906, 275.34613037109375]}