{"loss": [0.06815230846405029, 0.05956779047846794, 0.05563297122716904, 0.05823507159948349, 0.05052924528717995], "mse": [0.06815230846405029, 0.05956779047846794, 0.05563297122716904, 0.05823507159948349, 0.05052924528717995], "mae": [0.12543082237243652, 0.11665479093790054, 0.1140274628996849, 0.1132776290178299, 0.11129789799451828], "mape": [39.16561508178711, 40.57691192626953, 38.11680221557617, 38.29793930053711, 38.642147064208984]}