{"loss": [0.05141599103808403, 0.049844302237033844, 0.04856821149587631, 0.04553710296750069, 0.04108741134405136], "mse": [0.05141599103808403, 0.049844302237033844, 0.04856821149587631, 0.04553710296750069, 0.04108741134405136], "mae": [0.06271681189537048, 0.05878069996833801, 0.058921657502651215, 0.053186770528554916, 0.05773652717471123], "mape": [55.55387878417969, 48.099483489990234, 48.387569427490234, 43.22243881225586, 50.05213928222656]}