{"loss": [0.0782531201839447, 0.0787147730588913, 0.077426016330719, 0.07909096777439117, 0.07672812044620514], "mse": [0.0782531201839447, 0.0787147730588913, 0.077426016330719, 0.07909096777439117, 0.07672812044620514], "mae": [0.21222229301929474, 0.20958393812179565, 0.21033354103565216, 0.21278901398181915, 0.20943933725357056], "mape": [63.39210891723633, 63.93378829956055, 64.70489501953125, 66.50432586669922, 65.77018737792969]}