{"loss": [0.6039027571678162, 0.4246250092983246, 0.3866192102432251, 0.3613690137863159, 0.3465580940246582], "mse": [0.6039027571678162, 0.4246250092983246, 0.3866192102432251, 0.3613690137863159, 0.3465580940246582], "mae": [0.5625320672988892, 0.47126835584640503, 0.45323073863983154, 0.4329931139945984, 0.42694613337516785], "mape": [286.4394836425781, 283.5726623535156, 280.8830871582031, 258.9681701660156, 265.5019226074219]}