{"loss": [0.18625487387180328, 0.1842331737279892, 0.1814717799425125, 0.1765960156917572, 0.1732947677373886], "mse": [0.18625487387180328, 0.1842331737279892, 0.1814717799425125, 0.1765960156917572, 0.1732947677373886], "mae": [0.3176003694534302, 0.31818732619285583, 0.31481584906578064, 0.3124628961086273, 0.3116108179092407], "mape": [298.09197998046875, 246.81935119628906, 279.8854064941406, 204.94520568847656, 220.15316772460938]}