{"loss": [0.04320967569947243, 0.03672097995877266, 0.03349413722753525, 0.03441371023654938, 0.03115818277001381], "mse": [0.04320967569947243, 0.03672097995877266, 0.03349413722753525, 0.03441371023654938, 0.03115818277001381], "mae": [0.10339666157960892, 0.09385954588651657, 0.09015494585037231, 0.09054239094257355, 0.08979392051696777], "mape": [34.40935516357422, 33.356876373291016, 30.337785720825195, 32.48591995239258, 31.696367263793945]}