{"loss": [0.13111892342567444, 0.13063940405845642, 0.12810546159744263, 0.1298612356185913, 0.1288703978061676], "mse": [0.13111892342567444, 0.13063940405845642, 0.12810546159744263, 0.1298612356185913, 0.1288703978061676], "mae": [0.21163342893123627, 0.2117728739976883, 0.21038305759429932, 0.20873506367206573, 0.21001505851745605], "mape": [47.66476058959961, 47.81782150268555, 45.646400451660156, 47.096885681152344, 46.67755126953125]}