{"loss": [0.11624202877283096, 0.11391562223434448, 0.11242229491472244, 0.11015567928552628, 0.10845723748207092], "mse": [0.11624202877283096, 0.11391562223434448, 0.11242229491472244, 0.11015567928552628, 0.10845723748207092], "mae": [0.24128486216068268, 0.23866112530231476, 0.23817430436611176, 0.23482385277748108, 0.2307758927345276], "mape": [136.16993713378906, 124.8448486328125, 125.64666748046875, 135.44488525390625, 137.05125427246094]}