{"loss": [0.2463645488023758, 0.24528168141841888, 0.2473732829093933, 0.24273701012134552, 0.24257853627204895], "mse": [0.2463645488023758, 0.24528168141841888, 0.2473732829093933, 0.24273701012134552, 0.24257853627204895], "mae": [0.29453927278518677, 0.2931267321109772, 0.29208260774612427, 0.29224857687950134, 0.29277563095092773], "mape": [253.26580810546875, 340.9168395996094, 297.5787353515625, 353.79986572265625, 358.4561462402344]}