{"loss": [0.08332858979701996, 0.08124208450317383, 0.08104295283555984, 0.08150170743465424, 0.08047005534172058], "mse": [0.08332858979701996, 0.08124208450317383, 0.08104295283555984, 0.08150170743465424, 0.08047005534172058], "mae": [0.2221313863992691, 0.22041194140911102, 0.21827463805675507, 0.21972942352294922, 0.2216944843530655], "mape": [639.3401489257812, 1344.65771484375, 4207.88525390625, 3845.302001953125, 3051.34423828125]}