{"loss": [0.10246311873197556, 0.09879530966281891, 0.09708689153194427, 0.09652073681354523, 0.09466834366321564], "mse": [0.10246311873197556, 0.09879530966281891, 0.09708689153194427, 0.09652073681354523, 0.09466834366321564], "mae": [0.24384328722953796, 0.23960673809051514, 0.2349795550107956, 0.23597855865955353, 0.23608946800231934], "mape": [738.234130859375, 934.702392578125, 2012.103759765625, 2665.297607421875, 649.9276733398438]}