{"loss": [0.08875767141580582, 0.07857049256563187, 0.08311312645673752, 0.07301345467567444, 0.07578437775373459], "mse": [0.08875767141580582, 0.07857049256563187, 0.08311312645673752, 0.07301345467567444, 0.07578437775373459], "mae": [0.08072786778211594, 0.07290007919073105, 0.07842927426099777, 0.07105855643749237, 0.07293624430894852], "mape": [49.28977966308594, 51.93357849121094, 53.26372528076172, 47.214019775390625, 50.67277145385742]}