{"loss": [0.21448306739330292, 0.20433183014392853, 0.2020566612482071, 0.19590723514556885, 0.19116516411304474], "mse": [0.21448306739330292, 0.20433183014392853, 0.2020566612482071, 0.19590723514556885, 0.19116516411304474], "mae": [0.3367694616317749, 0.32918405532836914, 0.3265838921070099, 0.3209395110607147, 0.3178156018257141], "mape": [233.82635498046875, 236.4677276611328, 215.27565002441406, 202.37796020507812, 211.53466796875]}