{"loss": [0.1372721642255783, 0.11512721329927444, 0.10892996191978455, 0.10562068223953247, 0.10180247575044632], "mse": [0.1372721642255783, 0.11512721329927444, 0.10892996191978455, 0.10562068223953247, 0.10180247575044632], "mae": [0.28632792830467224, 0.2617073655128479, 0.25225120782852173, 0.2501792013645172, 0.24490095674991608], "mape": [86.73770141601562, 78.30354309082031, 75.4250259399414, 76.7784423828125, 74.90080261230469]}