{"loss": [0.17691385746002197, 0.17510953545570374, 0.17212410271167755, 0.17007124423980713, 0.16651172935962677], "mse": [0.17691385746002197, 0.17510953545570374, 0.17212410271167755, 0.17007124423980713, 0.16651172935962677], "mae": [0.30989569425582886, 0.3117058277130127, 0.30796024203300476, 0.3080320656299591, 0.30727216601371765], "mape": [272.3126525878906, 204.8846893310547, 241.4735870361328, 172.21908569335938, 206.66043090820312]}