{"loss": [0.23929546773433685, 0.2282029539346695, 0.2267889529466629, 0.22090815007686615, 0.21425312757492065], "mse": [0.23929546773433685, 0.2282029539346695, 0.2267889529466629, 0.22090815007686615, 0.21425312757492065], "mae": [0.3543647229671478, 0.3463439643383026, 0.34500959515571594, 0.33961185812950134, 0.33586668968200684], "mape": [247.84671020507812, 251.01187133789062, 232.69659423828125, 222.74639892578125, 229.14817810058594]}