{"loss": [0.0827796459197998, 0.07962324470281601, 0.07534755021333694, 0.07748311012983322, 0.07110486924648285], "mse": [0.0827796459197998, 0.07962324470281601, 0.07534755021333694, 0.07748311012983322, 0.07110486924648285], "mae": [0.13542680442333221, 0.12809239327907562, 0.12869682908058167, 0.12997864186763763, 0.12675894796848297], "mape": [38.57176208496094, 36.806819915771484, 35.98488998413086, 35.083370208740234, 34.77156448364258]}