{"loss": [0.05142786353826523, 0.04392332211136818, 0.04105905443429947, 0.04186086356639862, 0.037397101521492004], "mse": [0.05142786353826523, 0.04392332211136818, 0.04105905443429947, 0.04186086356639862, 0.037397101521492004], "mae": [0.11258092522621155, 0.10138105601072311, 0.09871049225330353, 0.09829515963792801, 0.09806696325540543], "mape": [37.05897903442383, 36.620967864990234, 32.6944465637207, 35.05190658569336, 34.600257873535156]}