{"loss": [0.16309408843517303, 0.16168129444122314, 0.15884259343147278, 0.15449467301368713, 0.15164805948734283], "mse": [0.16309408843517303, 0.16168129444122314, 0.15884259343147278, 0.15449467301368713, 0.15164805948734283], "mae": [0.29791638255119324, 0.29642632603645325, 0.29119381308555603, 0.2896125614643097, 0.29044780135154724], "mape": [298.2184753417969, 234.3316650390625, 270.41998291015625, 187.19068908691406, 200.09629821777344]}