{"loss": [0.05375946685671806, 0.050338830798864365, 0.04933173581957817, 0.053260963410139084, 0.04768446832895279], "mse": [0.05375946685671806, 0.050338830798864365, 0.04933173581957817, 0.053260963410139084, 0.04768446832895279], "mae": [0.11289305239915848, 0.10761565715074539, 0.1070624589920044, 0.10887952148914337, 0.10412031412124634], "mape": [34.93754196166992, 34.52608108520508, 34.99030685424805, 33.020633697509766, 31.726587295532227]}