{"loss": [0.08095942437648773, 0.07901957631111145, 0.07895605266094208, 0.0793672576546669, 0.07835589349269867], "mse": [0.08095942437648773, 0.07901957631111145, 0.07895605266094208, 0.0793672576546669, 0.07835589349269867], "mae": [0.218991219997406, 0.21775047481060028, 0.21566198766231537, 0.21708472073078156, 0.218903049826622], "mape": [467.489013671875, 1730.9000244140625, 4683.99951171875, 4074.859619140625, 3510.197998046875]}