{"loss": [0.10970582813024521, 0.10913071036338806, 0.10735536366701126, 0.10913362354040146, 0.10831514745950699], "mse": [0.10970582813024521, 0.10913071036338806, 0.10735536366701126, 0.10913362354040146, 0.10831514745950699], "mae": [0.19468922913074493, 0.19322678446769714, 0.1943323165178299, 0.19117704033851624, 0.19392889738082886], "mape": [43.75035095214844, 43.29945755004883, 42.09446334838867, 42.869972229003906, 43.379154205322266]}