{"loss": [0.2916638255119324, 0.28918537497520447, 0.28907066583633423, 0.283862829208374, 0.2819669544696808], "mse": [0.2916638255119324, 0.28918537497520447, 0.28907066583633423, 0.283862829208374, 0.2819669544696808], "mae": [0.31618914008140564, 0.3164820671081543, 0.3141947388648987, 0.31296947598457336, 0.3130602240562439], "mape": [263.3499755859375, 292.1181335449219, 252.32211303710938, 257.2586669921875, 254.77529907226562]}