{"loss": [0.20013383030891418, 0.19760115444660187, 0.1949833780527115, 0.18974457681179047, 0.1860649138689041], "mse": [0.20013383030891418, 0.19760115444660187, 0.1949833780527115, 0.18974457681179047, 0.1860649138689041], "mae": [0.3301580846309662, 0.33207249641418457, 0.3287098705768585, 0.3260458707809448, 0.32403427362442017], "mape": [297.91259765625, 247.8751983642578, 282.3798522949219, 209.41461181640625, 225.44166564941406]}