{"loss": [0.04216613247990608, 0.0377628430724144, 0.03439338505268097, 0.04026114195585251, 0.03343615680932999], "mse": [0.04216613247990608, 0.0377628430724144, 0.03439338505268097, 0.04026114195585251, 0.03343615680932999], "mae": [0.10029848664999008, 0.09474468976259232, 0.09056463092565536, 0.09673154354095459, 0.09129045903682709], "mape": [31.661937713623047, 31.176542282104492, 29.493316650390625, 30.298967361450195, 30.551843643188477]}