{"loss": [0.14343366026878357, 0.13566769659519196, 0.13228431344032288, 0.13374890387058258, 0.1325162798166275], "mse": [0.14343366026878357, 0.13566769659519196, 0.13228431344032288, 0.13374890387058258, 0.1325162798166275], "mae": [0.22272659838199615, 0.21496568620204926, 0.21342191100120544, 0.21181842684745789, 0.21298371255397797], "mape": [48.888675689697266, 48.43344497680664, 46.1394157409668, 47.60200119018555, 47.22092819213867]}