{"loss": [0.21974387764930725, 0.2131773680448532, 0.21304947137832642, 0.20796823501586914, 0.2041172981262207], "mse": [0.21974387764930725, 0.2131773680448532, 0.21304947137832642, 0.20796823501586914, 0.2041172981262207], "mae": [0.34490618109703064, 0.33955883979797363, 0.34235018491744995, 0.3365457057952881, 0.33533063530921936], "mape": [236.54718017578125, 240.22610473632812, 227.87648010253906, 226.37571716308594, 228.882568359375]}