{"loss": [0.05598149821162224, 0.04793666675686836, 0.044994138181209564, 0.04677931219339371, 0.04078592732548714], "mse": [0.05598149821162224, 0.04793666675686836, 0.044994138181209564, 0.04677931219339371, 0.04078592732548714], "mae": [0.11634907871484756, 0.10542365908622742, 0.10290241986513138, 0.10288511961698532, 0.10220613330602646], "mape": [37.76870346069336, 37.755306243896484, 33.85906219482422, 36.090946197509766, 35.94337844848633]}