{"loss": [0.183792844414711, 0.160525381565094, 0.14729313552379608, 0.1270386129617691, 0.1090117022395134], "mse": [0.183792844414711, 0.160525381565094, 0.14729313552379608, 0.1270386129617691, 0.1090117022395134], "mae": [0.11352357268333435, 0.10736524313688278, 0.10276949405670166, 0.09608695656061172, 0.09166807681322098], "mape": [60.64067459106445, 75.61570739746094, 59.4217414855957, 64.95326232910156, 54.995994567871094]}