{"loss": [0.07860355824232101, 0.07855456322431564, 0.07745318859815598, 0.07859645783901215, 0.07733126729726791], "mse": [0.07860355824232101, 0.07855456322431564, 0.07745318859815598, 0.07859645783901215, 0.07733126729726791], "mae": [0.21404780447483063, 0.21043160557746887, 0.21193891763687134, 0.21245865523815155, 0.2115226686000824], "mape": [63.97404098510742, 62.983795166015625, 63.826904296875, 67.5252685546875, 64.91146850585938]}