{"loss": [0.05689571052789688, 0.05072939395904541, 0.04715915769338608, 0.05220459774136543, 0.04508235305547714], "mse": [0.05689571052789688, 0.05072939395904541, 0.04715915769338608, 0.05220459774136543, 0.04508235305547714], "mae": [0.1153399869799614, 0.10801725834608078, 0.10570114850997925, 0.10965058952569962, 0.10465183109045029], "mape": [34.69527053833008, 34.121768951416016, 32.37611770629883, 32.95200729370117, 32.42448043823242]}