{"loss": [0.33136117458343506, 0.31690776348114014, 0.3120458126068115, 0.30173560976982117, 0.29251769185066223], "mse": [0.33136117458343506, 0.31690776348114014, 0.3120458126068115, 0.30173560976982117, 0.29251769185066223], "mae": [0.4167768061161041, 0.40978842973709106, 0.40659525990486145, 0.39514991641044617, 0.39109212160110474], "mape": [255.71844482421875, 259.76910400390625, 252.2025146484375, 246.19992065429688, 249.93048095703125]}