{"loss": [0.08277968317270279, 0.07962322980165482, 0.07534753531217575, 0.07748311758041382, 0.07110485434532166], "mse": [0.08277968317270279, 0.07962322980165482, 0.07534753531217575, 0.07748311758041382, 0.07110485434532166], "mae": [0.1354268342256546, 0.12809236347675323, 0.12869681417942047, 0.12997867166996002, 0.12675896286964417], "mape": [38.57177734375, 36.80683517456055, 35.98488998413086, 35.0833740234375, 34.771568298339844]}