{"loss": [0.18459005653858185, 0.17903262376785278, 0.17913034558296204, 0.17577509582042694, 0.17268912494182587], "mse": [0.18459005653858185, 0.17903262376785278, 0.17913034558296204, 0.17577509582042694, 0.17268912494182587], "mae": [0.3161928951740265, 0.3094269931316376, 0.3153859078884125, 0.3109869658946991, 0.3075888454914093], "mape": [225.3138427734375, 226.0238800048828, 212.20140075683594, 213.84756469726562, 219.04356384277344]}