{"loss": [0.524394690990448, 0.396528035402298, 0.3581315279006958, 0.3343116343021393, 0.31450343132019043], "mse": [0.524394690990448, 0.396528035402298, 0.3581315279006958, 0.3343116343021393, 0.31450343132019043], "mae": [0.5541979074478149, 0.4874468147754669, 0.46548953652381897, 0.4479534924030304, 0.43155980110168457], "mape": [579.4917602539062, 409.6336364746094, 404.1371154785156, 324.5367736816406, 341.9580078125]}