{"loss": [0.08885437250137329, 0.08770479261875153, 0.08619526028633118, 0.08865077793598175, 0.08627236634492874], "mse": [0.08885437250137329, 0.08770479261875153, 0.08619526028633118, 0.08865077793598175, 0.08627236634492874], "mae": [0.23164968192577362, 0.22676195204257965, 0.22467289865016937, 0.22699753940105438, 0.2254190742969513], "mape": [102.3058853149414, 104.34256744384766, 100.10037994384766, 92.80928802490234, 101.0721206665039]}