{"loss": [0.22650852799415588, 0.21789556741714478, 0.21286027133464813, 0.2037716656923294, 0.19882968068122864], "mse": [0.22650852799415588, 0.21789556741714478, 0.21286027133464813, 0.2037716656923294, 0.19882968068122864], "mae": [0.36153072118759155, 0.35348546504974365, 0.3519066870212555, 0.341718465089798, 0.33673378825187683], "mape": [164.94061279296875, 145.2755126953125, 161.98593139648438, 145.33856201171875, 153.45411682128906]}