{"loss": [0.09576983004808426, 0.09453429281711578, 0.09488548338413239, 0.09656286239624023, 0.0933542549610138], "mse": [0.09576983004808426, 0.09453429281711578, 0.09488548338413239, 0.09656286239624023, 0.0933542549610138], "mae": [0.2400858849287033, 0.23632313311100006, 0.2370428591966629, 0.23829558491706848, 0.2348022311925888], "mape": [98.41470336914062, 109.36904907226562, 103.57711791992188, 93.95985412597656, 102.93721008300781]}