{"loss": [0.2227143496274948, 0.22231525182724, 0.22426043450832367, 0.22061161696910858, 0.2199748009443283], "mse": [0.2227143496274948, 0.22231525182724, 0.22426043450832367, 0.22061161696910858, 0.2199748009443283], "mae": [0.2840656042098999, 0.2816949784755707, 0.27855560183525085, 0.2815170884132385, 0.2792048454284668], "mape": [231.3468780517578, 274.8769226074219, 233.65936279296875, 256.483642578125, 244.67410278320312]}