{"loss": [0.3080579936504364, 0.30036064982414246, 0.28958219289779663, 0.2812599241733551, 0.2752446234226227], "mse": [0.3080579936504364, 0.30036064982414246, 0.28958219289779663, 0.2812599241733551, 0.2752446234226227], "mae": [0.42597854137420654, 0.42459604144096375, 0.41651758551597595, 0.4096849858760834, 0.40485990047454834], "mape": [389.19012451171875, 361.14459228515625, 374.25909423828125, 319.3711853027344, 337.9993896484375]}