{"loss": [0.26702624559402466, 0.26215076446533203, 0.25558754801750183, 0.2470151036977768, 0.2464481145143509], "mse": [0.26702624559402466, 0.26215076446533203, 0.25558754801750183, 0.2470151036977768, 0.2464481145143509], "mae": [0.3978525996208191, 0.3950668275356293, 0.39125436544418335, 0.38187912106513977, 0.3820575475692749], "mape": [374.0760498046875, 334.9350891113281, 350.8180847167969, 298.4600524902344, 330.7555847167969]}