{"loss": [0.0462963804602623, 0.044352781027555466, 0.042292457073926926, 0.046172793954610825, 0.04062668979167938], "mse": [0.0462963804602623, 0.044352781027555466, 0.042292457073926926, 0.046172793954610825, 0.04062668979167938], "mae": [0.10396286100149155, 0.10127609223127365, 0.09969913214445114, 0.10126446932554245, 0.09616996347904205], "mape": [32.63202667236328, 33.786067962646484, 32.767486572265625, 30.757583618164062, 30.028396606445312]}