{"loss": [0.13570713996887207, 0.11491183191537857, 0.10978846251964569, 0.10652986913919449, 0.10327643901109695], "mse": [0.13570713996887207, 0.11491183191537857, 0.10978846251964569, 0.10652986913919449, 0.10327643901109695], "mae": [0.27866366505622864, 0.2581828832626343, 0.24894557893276215, 0.24594035744667053, 0.24371154606342316], "mape": [9541.7001953125, 9542.1357421875, 9248.2138671875, 9760.302734375, 7370.5107421875]}