{"loss": [0.07985279709100723, 0.08031070232391357, 0.0789918527007103, 0.08068332821130753, 0.07820190489292145], "mse": [0.07985279709100723, 0.08031070232391357, 0.0789918527007103, 0.08068332821130753, 0.07820190489292145], "mae": [0.21447508037090302, 0.2121375948190689, 0.21251319348812103, 0.21504460275173187, 0.21189409494400024], "mape": [64.40320587158203, 64.87657928466797, 65.7371597290039, 67.39717864990234, 66.96610260009766]}