{"loss": [0.200133815407753, 0.19760118424892426, 0.1949833780527115, 0.18974454700946808, 0.1860649287700653], "mse": [0.200133815407753, 0.19760118424892426, 0.1949833780527115, 0.18974454700946808, 0.1860649287700653], "mae": [0.33015814423561096, 0.3320724368095398, 0.32870978116989136, 0.3260458707809448, 0.32403427362442017], "mape": [297.9126281738281, 247.87522888183594, 282.3798522949219, 209.41448974609375, 225.44166564941406]}