{"loss": [0.13570712506771088, 0.11491181701421738, 0.1097884252667427, 0.10652986913919449, 0.10327646881341934], "mse": [0.13570712506771088, 0.11491181701421738, 0.1097884252667427, 0.10652986913919449, 0.10327646881341934], "mae": [0.278663694858551, 0.2581828832626343, 0.24894563853740692, 0.24594034254550934, 0.24371157586574554], "mape": [9541.70703125, 9542.138671875, 9248.2138671875, 9760.306640625, 7370.51513671875]}