{"loss": [0.19499625265598297, 0.1925678551197052, 0.18919873237609863, 0.18465517461299896, 0.18178732693195343], "mse": [0.19499625265598297, 0.1925678551197052, 0.18919873237609863, 0.18465517461299896, 0.18178732693195343], "mae": [0.33090969920158386, 0.3283981382846832, 0.3260483145713806, 0.3191141188144684, 0.3182930052280426], "mape": [337.7773742675781, 272.6710205078125, 290.7325439453125, 250.7618408203125, 275.34625244140625]}