{"loss": [0.17446213960647583, 0.1666536033153534, 0.16475151479244232, 0.15889503061771393, 0.15585510432720184], "mse": [0.17446213960647583, 0.1666536033153534, 0.16475151479244232, 0.15889503061771393, 0.15585510432720184], "mae": [0.3064621090888977, 0.2986007332801819, 0.2956700325012207, 0.2893870770931244, 0.28923478722572327], "mape": [200.53408813476562, 201.9117431640625, 193.12510681152344, 208.73252868652344, 205.2360076904297]}