{"loss": [0.08255709707736969, 0.08196115493774414, 0.08029454946517944, 0.08244936168193817, 0.08064666390419006], "mse": [0.08255709707736969, 0.08196115493774414, 0.08029454946517944, 0.08244936168193817, 0.08064666390419006], "mae": [0.22454409301280975, 0.22010038793087006, 0.21816551685333252, 0.2199258953332901, 0.2191024124622345], "mape": [99.99586486816406, 100.56267547607422, 97.32388305664062, 90.96733093261719, 99.24539184570312]}