{"loss": [0.33136117458343506, 0.3169077932834625, 0.3120458424091339, 0.30173560976982117, 0.29251763224601746], "mse": [0.33136117458343506, 0.3169077932834625, 0.3120458424091339, 0.30173560976982117, 0.29251763224601746], "mae": [0.41677674651145935, 0.40978845953941345, 0.40659528970718384, 0.3951498866081238, 0.39109212160110474], "mape": [255.71839904785156, 259.7690124511719, 252.2025146484375, 246.19993591308594, 249.9304962158203]}