{"loss": [0.07017956674098969, 0.06646502017974854, 0.06330195814371109, 0.06660342961549759, 0.06078464910387993], "mse": [0.07017956674098969, 0.06646502017974854, 0.06330195814371109, 0.06660342961549759, 0.06078464910387993], "mae": [0.12872079014778137, 0.1212218701839447, 0.12159251421689987, 0.12213144451379776, 0.11843013763427734], "mape": [37.40943145751953, 36.57088088989258, 36.050201416015625, 34.75343704223633, 34.66914367675781]}