{"loss": [0.09223368763923645, 0.09075666218996048, 0.08941420167684555, 0.09183917194604874, 0.08927404135465622], "mse": [0.09223368763923645, 0.09075666218996048, 0.08941420167684555, 0.09183917194604874, 0.08927404135465622], "mae": [0.2354545295238495, 0.23012100160121918, 0.22840237617492676, 0.2305637151002884, 0.22890882194042206], "mape": [103.68341064453125, 106.32963562011719, 102.05326843261719, 93.99837493896484, 102.93480682373047]}