{"loss": [0.12023605406284332, 0.11532849818468094, 0.11496958881616592, 0.11386816203594208, 0.10961759090423584], "mse": [0.12023605406284332, 0.11532849818468094, 0.11496958881616592, 0.11386816203594208, 0.10961759090423584], "mae": [0.2629561722278595, 0.25703150033950806, 0.2570458948612213, 0.2530336081981659, 0.25064608454704285], "mape": [111.3589096069336, 114.91259765625, 110.76134490966797, 99.06541442871094, 110.64653015136719]}