{"loss": [0.5571700930595398, 0.4012162983417511, 0.3625720143318176, 0.3384261131286621, 0.3282207250595093], "mse": [0.5571700930595398, 0.4012162983417511, 0.3625720143318176, 0.3384261131286621, 0.3282207250595093], "mae": [0.5748046040534973, 0.4900837540626526, 0.4670970141887665, 0.4503675699234009, 0.44228214025497437], "mape": [333.2691955566406, 362.738525390625, 376.4639587402344, 309.0552062988281, 362.5744323730469]}