{"loss": [0.09514763951301575, 0.09386495500802994, 0.09374130517244339, 0.09374722838401794, 0.09165245294570923], "mse": [0.09514763951301575, 0.09386495500802994, 0.09374130517244339, 0.09374722838401794, 0.09165245294570923], "mae": [0.23525135219097137, 0.23224934935569763, 0.23175115883350372, 0.231227308511734, 0.2304752767086029], "mape": [73.15406036376953, 70.61758422851562, 74.55513763427734, 74.87837982177734, 72.56126403808594]}