{"loss": [0.10408689826726913, 0.1014740914106369, 0.10144345462322235, 0.10221748054027557, 0.09933944791555405], "mse": [0.10408689826726913, 0.1014740914106369, 0.10144345462322235, 0.10221748054027557, 0.09933944791555405], "mae": [0.24711498618125916, 0.24177181720733643, 0.2424299716949463, 0.242066890001297, 0.2396591603755951], "mape": [105.66222381591797, 110.6193618774414, 106.96233367919922, 97.1618881225586, 107.32228088378906]}