{"loss": [0.1291765570640564, 0.12895949184894562, 0.1268262267112732, 0.12860599160194397, 0.1278538554906845], "mse": [0.1291765570640564, 0.12895949184894562, 0.1268262267112732, 0.12860599160194397, 0.1278538554906845], "mae": [0.21075835824012756, 0.21142682433128357, 0.209574356675148, 0.20806291699409485, 0.20967355370521545], "mape": [47.40038299560547, 47.57650375366211, 45.42983627319336, 46.948570251464844, 46.66568374633789]}