{"loss": [0.2703099250793457, 0.2577753961086273, 0.2549002468585968, 0.24762007594108582, 0.24041245877742767], "mse": [0.2703099250793457, 0.2577753961086273, 0.2549002468585968, 0.24762007594108582, 0.24041245877742767], "mae": [0.3746013939380646, 0.3655664622783661, 0.3635903298854828, 0.35793331265449524, 0.3551747500896454], "mape": [254.5294952392578, 256.847900390625, 245.50352478027344, 236.7104949951172, 242.13880920410156]}