{"loss": [0.13118596374988556, 0.11348186433315277, 0.10765758156776428, 0.10467768460512161, 0.10239026695489883], "mse": [0.13118596374988556, 0.11348186433315277, 0.10765758156776428, 0.10467768460512161, 0.10239026695489883], "mae": [0.2723318338394165, 0.25656580924987793, 0.24806822836399078, 0.24535676836967468, 0.24491843581199646], "mape": [3407.556884765625, 4051.807373046875, 4553.85986328125, 4529.51171875, 2456.592041015625]}