{"loss": [0.08985980600118637, 0.08951016515493393, 0.08931504189968109, 0.09129743278026581, 0.08840654045343399], "mse": [0.08985980600118637, 0.08951016515493393, 0.08931504189968109, 0.09129743278026581, 0.08840654045343399], "mae": [0.23300892114639282, 0.229918971657753, 0.23004306852817535, 0.23190127313137054, 0.22854399681091309], "mape": [94.51969909667969, 106.082763671875, 99.9925308227539, 90.69258117675781, 99.77033996582031]}