{"loss": [0.6086739897727966, 0.4106656312942505, 0.37782958149909973, 0.35231325030326843, 0.3319648504257202], "mse": [0.6086739897727966, 0.4106656312942505, 0.37782958149909973, 0.35231325030326843, 0.3319648504257202], "mae": [0.5654770731925964, 0.46122318506240845, 0.44068899750709534, 0.4227124750614166, 0.41498973965644836], "mape": [348.9761657714844, 280.05242919921875, 264.54046630859375, 253.6837158203125, 261.1449890136719]}