{"loss": [0.6039027571678162, 0.424625039100647, 0.3866191506385803, 0.3613690137863159, 0.3465580940246582], "mse": [0.6039027571678162, 0.424625039100647, 0.3866191506385803, 0.3613690137863159, 0.3465580940246582], "mae": [0.5625319480895996, 0.47126835584640503, 0.4532307982444763, 0.4329930543899536, 0.4269461929798126], "mape": [286.43951416015625, 283.5726623535156, 280.8830871582031, 258.9681701660156, 265.5019226074219]}