{"loss": [0.103303924202919, 0.10182515531778336, 0.10013427585363388, 0.09986235201358795, 0.0978410467505455], "mse": [0.103303924202919, 0.10182515531778336, 0.10013427585363388, 0.09986235201358795, 0.0978410467505455], "mae": [0.24732953310012817, 0.24392297863960266, 0.2409730702638626, 0.2401280254125595, 0.23978197574615479], "mape": [73.9642333984375, 72.92637634277344, 75.59416198730469, 76.80291748046875, 76.40503692626953]}