{"loss": [0.05071639642119408, 0.047437671571969986, 0.04657827317714691, 0.05028814449906349, 0.045254822820425034], "mse": [0.05071639642119408, 0.047437671571969986, 0.04657827317714691, 0.05028814449906349, 0.045254822820425034], "mae": [0.10899551957845688, 0.10410046577453613, 0.10333721339702606, 0.10559798777103424, 0.10184741765260696], "mape": [33.974632263183594, 33.692832946777344, 33.5465202331543, 32.29054641723633, 31.2086181640625]}