{"loss": [0.06815230846405029, 0.059567779302597046, 0.055632978677749634, 0.05823509395122528, 0.05052923783659935], "mse": [0.06815230846405029, 0.059567779302597046, 0.055632978677749634, 0.05823509395122528, 0.05052923783659935], "mae": [0.1254308670759201, 0.11665479093790054, 0.1140274628996849, 0.11327765136957169, 0.11129787564277649], "mape": [39.16562271118164, 40.57691192626953, 38.11680603027344, 38.29793930053711, 38.64215087890625]}