{"loss": [0.07423701137304306, 0.0731276422739029, 0.07363679260015488, 0.07297743856906891, 0.07289527356624603], "mse": [0.07423701137304306, 0.0731276422739029, 0.07363679260015488, 0.07297743856906891, 0.07289527356624603], "mae": [0.2103760838508606, 0.21002711355686188, 0.20905596017837524, 0.20910079777240753, 0.21033573150634766], "mape": [3236.361083984375, 3396.948974609375, 5548.32470703125, 5863.18115234375, 4576.7548828125]}