{"loss": [0.1017417460680008, 0.0982140377163887, 0.09733080118894577, 0.09666500985622406, 0.0946635752916336], "mse": [0.1017417460680008, 0.0982140377163887, 0.09733080118894577, 0.09666500985622406, 0.0946635752916336], "mae": [0.24182668328285217, 0.23861169815063477, 0.23530732095241547, 0.23596519231796265, 0.23499876260757446], "mape": [6597.7060546875, 6421.32861328125, 7325.0078125, 8285.8232421875, 5980.66455078125]}