{"loss": [0.24066075682640076, 0.236910879611969, 0.23282460868358612, 0.22896751761436462, 0.2242797464132309], "mse": [0.24066075682640076, 0.236910879611969, 0.23282460868358612, 0.22896751761436462, 0.2242797464132309], "mae": [0.3722693920135498, 0.3708849251270294, 0.36609211564064026, 0.3654398024082184, 0.3614771366119385], "mape": [327.4499206542969, 296.40130615234375, 317.9521484375, 272.0816345214844, 279.4678649902344]}