{"loss": [0.06893106549978256, 0.05421489104628563, 0.062021005898714066, 0.06114998459815979, 0.044176239520311356], "mse": [0.06893106549978256, 0.05421489104628563, 0.062021005898714066, 0.06114998459815979, 0.044176239520311356], "mae": [0.07128501683473587, 0.06255818158388138, 0.06291062384843826, 0.06566427648067474, 0.059597913175821304], "mape": [177.20741271972656, 117.75765991210938, 161.09768676757812, 145.618408203125, 181.2761688232422]}