{"loss": [0.0862581878900528, 0.08553627878427505, 0.08494582027196884, 0.08578042685985565, 0.08282826840877533], "mse": [0.0862581878900528, 0.08553627878427505, 0.08494582027196884, 0.08578042685985565, 0.08282826840877533], "mae": [0.22367191314697266, 0.21981017291545868, 0.21981672942638397, 0.22019727528095245, 0.21777336299419403], "mape": [66.58533477783203, 65.7325439453125, 67.36804962158203, 69.25298309326172, 65.43450164794922]}