{"loss": [0.05348682031035423, 0.051883213222026825, 0.06323257833719254, 0.048484452068805695, 0.05196349322795868], "mse": [0.05348682031035423, 0.051883213222026825, 0.06323257833719254, 0.048484452068805695, 0.05196349322795868], "mae": [0.06292678415775299, 0.05984342098236084, 0.06417455524206161, 0.05560663715004921, 0.05938500165939331], "mape": [49.762542724609375, 50.08023452758789, 47.60569381713867, 48.038475036621094, 52.49065017700195]}