{"loss": [0.20013383030891418, 0.19760112464427948, 0.1949833780527115, 0.18974454700946808, 0.1860649138689041], "mse": [0.20013383030891418, 0.19760112464427948, 0.1949833780527115, 0.18974454700946808, 0.1860649138689041], "mae": [0.33015814423561096, 0.332072377204895, 0.32870978116989136, 0.3260458707809448, 0.3240342438220978], "mape": [297.9125671386719, 247.87518310546875, 282.3799133300781, 209.41458129882812, 225.4417266845703]}