{"loss": [0.09771832823753357, 0.0966600850224495, 0.09535426646471024, 0.0954974815249443, 0.09363474696874619], "mse": [0.09771832823753357, 0.0966600850224495, 0.09535426646471024, 0.0954974815249443, 0.09363474696874619], "mae": [0.23947829008102417, 0.23651830852031708, 0.23439514636993408, 0.23407262563705444, 0.23409920930862427], "mape": [73.2443618774414, 71.64920806884766, 73.98145294189453, 75.99560546875, 75.04066467285156]}