{"loss": [0.08154098689556122, 0.08196111023426056, 0.08062651008367538, 0.08229450136423111, 0.0797976478934288], "mse": [0.08154098689556122, 0.08196111023426056, 0.08062651008367538, 0.08229450136423111, 0.0797976478934288], "mae": [0.2168336659669876, 0.2147425413131714, 0.21462853252887726, 0.21729783713817596, 0.21446149051189423], "mape": [65.40432739257812, 65.77300262451172, 66.72265625, 68.36759185791016, 68.14993286132812]}