{"loss": [0.13257794082164764, 0.13212351500988007, 0.12974800169467926, 0.13147224485874176, 0.1305219680070877], "mse": [0.13257794082164764, 0.13212351500988007, 0.12974800169467926, 0.13147224485874176, 0.1305219680070877], "mae": [0.2134149968624115, 0.21347713470458984, 0.2120383083820343, 0.2101190686225891, 0.21176517009735107], "mape": [48.087646484375, 48.223388671875, 46.12875747680664, 47.47048568725586, 47.1374397277832]}