{"loss": [0.11514630168676376, 0.11471834033727646, 0.11249064654111862, 0.1140417754650116, 0.11347325891256332], "mse": [0.11514630168676376, 0.11471834033727646, 0.11249064654111862, 0.1140417754650116, 0.11347325891256332], "mae": [0.198862686753273, 0.19770658016204834, 0.19777897000312805, 0.19550897181034088, 0.19796931743621826], "mape": [44.5662841796875, 44.34078598022461, 42.76544189453125, 43.88093948364258, 44.25689697265625]}