{"loss": [0.13839146494865417, 0.13484002649784088, 0.132609024643898, 0.12950293719768524, 0.12642812728881836], "mse": [0.13839146494865417, 0.13484002649784088, 0.132609024643898, 0.12950293719768524, 0.12642812728881836], "mae": [0.26962730288505554, 0.2671436369419098, 0.2644217312335968, 0.260740727186203, 0.25551658868789673], "mape": [144.10443115234375, 135.8702392578125, 132.99942016601562, 143.0363006591797, 143.71690368652344]}