{"loss": [0.2138804942369461, 0.21023713052272797, 0.20622828602790833, 0.20070640742778778, 0.19840417802333832], "mse": [0.2138804942369461, 0.21023713052272797, 0.20622828602790833, 0.20070640742778778, 0.19840417802333832], "mae": [0.3509170114994049, 0.34735268354415894, 0.3441314995288849, 0.3367292881011963, 0.3371097445487976], "mape": [347.4493103027344, 288.4115295410156, 307.1987609863281, 262.7054443359375, 290.50177001953125]}