{"loss": [0.11122624576091766, 0.11010392010211945, 0.10898040980100632, 0.11075612902641296, 0.11027564853429794], "mse": [0.11122624576091766, 0.11010392010211945, 0.10898040980100632, 0.11075612902641296, 0.11027564853429794], "mae": [0.19722843170166016, 0.19613327085971832, 0.19763176143169403, 0.19473101198673248, 0.19740892946720123], "mape": [43.546051025390625, 43.011539459228516, 42.76108169555664, 42.98701095581055, 43.11111068725586]}