{"loss": [0.18625487387180328, 0.1842331886291504, 0.18147170543670654, 0.176596000790596, 0.17329470813274384], "mse": [0.18625487387180328, 0.1842331886291504, 0.18147170543670654, 0.176596000790596, 0.17329470813274384], "mae": [0.3176003694534302, 0.3181873559951782, 0.3148159086704254, 0.3124628961086273, 0.3116108775138855], "mape": [298.0920104980469, 246.81932067871094, 279.88543701171875, 204.94515991210938, 220.15313720703125]}