{"loss": [0.05646606534719467, 0.05427231267094612, 0.055476654320955276, 0.05223245918750763, 0.04977282136678696], "mse": [0.05646606534719467, 0.05427231267094612, 0.055476654320955276, 0.05223245918750763, 0.04977282136678696], "mae": [0.06400329619646072, 0.060141421854496, 0.061659712344408035, 0.057075124233961105, 0.06073245406150818], "mape": [56.78461456298828, 48.7652587890625, 49.8025016784668, 43.537044525146484, 51.02597427368164]}