{"loss": [0.1712152063846588, 0.16724835336208344, 0.16499125957489014, 0.15856851637363434, 0.15846599638462067], "mse": [0.1712152063846588, 0.16724835336208344, 0.16499125957489014, 0.15856851637363434, 0.15846599638462067], "mae": [0.3080192506313324, 0.30151262879371643, 0.29725319147109985, 0.29254114627838135, 0.2923557758331299], "mape": [173.76963806152344, 162.88125610351562, 160.6377716064453, 162.1413116455078, 174.6863250732422]}