{"loss": [0.09771832823753357, 0.09666010737419128, 0.09535425156354904, 0.0954974815249443, 0.09363475441932678], "mse": [0.09771832823753357, 0.09666010737419128, 0.09535425156354904, 0.0954974815249443, 0.09363475441932678], "mae": [0.2394782304763794, 0.2365182489156723, 0.23439516127109528, 0.23407255113124847, 0.23409923911094666], "mape": [73.244384765625, 71.64920043945312, 73.9814453125, 75.99561309814453, 75.04065704345703]}