{"loss": [0.16707615554332733, 0.16658324003219604, 0.16316437721252441, 0.15980017185211182, 0.15574418008327484], "mse": [0.16707615554332733, 0.16658324003219604, 0.16316437721252441, 0.15980017185211182, 0.15574418008327484], "mae": [0.30091720819473267, 0.3002909719944, 0.2971420884132385, 0.292724609375, 0.2887423038482666], "mape": [335.5018005371094, 255.87127685546875, 272.2531433105469, 247.20228576660156, 264.2306823730469]}