{"loss": [0.10174176841974258, 0.09821402281522751, 0.09733081609010696, 0.09666502475738525, 0.09466356039047241], "mse": [0.10174176841974258, 0.09821402281522751, 0.09733081609010696, 0.09666502475738525, 0.09466356039047241], "mae": [0.24182668328285217, 0.23861169815063477, 0.23530733585357666, 0.23596514761447906, 0.23499876260757446], "mape": [6597.705078125, 6421.32763671875, 7325.0107421875, 8285.81640625, 5980.67236328125]}