{"loss": [0.0620463564991951, 0.05795610323548317, 0.06219051033258438, 0.055411502718925476, 0.05850614234805107], "mse": [0.0620463564991951, 0.05795610323548317, 0.06219051033258438, 0.055411502718925476, 0.05850614234805107], "mae": [0.06692473590373993, 0.0614657998085022, 0.06516210734844208, 0.06055500730872154, 0.06486108899116516], "mape": [57.70489501953125, 47.733089447021484, 50.5467414855957, 45.893367767333984, 51.37897872924805]}