{"loss": [0.26702624559402466, 0.26215073466300964, 0.2555875778198242, 0.24701513350009918, 0.2464480996131897], "mse": [0.26702624559402466, 0.26215073466300964, 0.2555875778198242, 0.24701513350009918, 0.2464480996131897], "mae": [0.3978525996208191, 0.3950668275356293, 0.3912544548511505, 0.38187912106513977, 0.3820575475692749], "mape": [374.0760498046875, 334.9350280761719, 350.81817626953125, 298.4601745605469, 330.75567626953125]}