{"loss": [0.528725802898407, 0.3795853853225708, 0.3376460373401642, 0.31254857778549194, 0.2937910556793213], "mse": [0.528725802898407, 0.3795853853225708, 0.3376460373401642, 0.31254857778549194, 0.2937910556793213], "mae": [0.5471957921981812, 0.4681771695613861, 0.44317132234573364, 0.4285041391849518, 0.413388192653656], "mape": [281.27972412109375, 235.67405700683594, 219.4600830078125, 219.4046173095703, 214.6197509765625]}