{"loss": [0.0608636699616909, 0.053144559264183044, 0.06237978860735893, 0.05134274438023567, 0.05712473392486572], "mse": [0.0608636699616909, 0.053144559264183044, 0.06237978860735893, 0.05134274438023567, 0.05712473392486572], "mae": [0.06616435199975967, 0.05824052542448044, 0.06345144659280777, 0.056147173047065735, 0.060945186764001846], "mape": [50.57929229736328, 49.951236724853516, 46.267295837402344, 47.707115173339844, 51.799644470214844]}