{"loss": [0.09463223814964294, 0.0920272246003151, 0.09166843444108963, 0.09168051183223724, 0.09082121402025223], "mse": [0.09463223814964294, 0.0920272246003151, 0.09166843444108963, 0.09168051183223724, 0.09082121402025223], "mae": [0.2350064069032669, 0.232821986079216, 0.22973154485225677, 0.23089151084423065, 0.2325267195701599], "mape": [1176.2490234375, 1463.340576171875, 2260.470458984375, 1909.2305908203125, 998.2518920898438]}