{"loss": [0.09576983749866486, 0.09453430026769638, 0.09488549083471298, 0.09656283259391785, 0.09335427731275558], "mse": [0.09576983749866486, 0.09453430026769638, 0.09488549083471298, 0.09656283259391785, 0.09335427731275558], "mae": [0.2400858849287033, 0.23632317781448364, 0.23704282939434052, 0.23829559981822968, 0.2348022609949112], "mape": [98.41468811035156, 109.36907196044922, 103.57710266113281, 93.95987701416016, 102.93721008300781]}