{"loss": [0.14652247726917267, 0.13830481469631195, 0.13880521059036255, 0.13396047055721283, 0.13164326548576355], "mse": [0.14652247726917267, 0.13830481469631195, 0.13880521059036255, 0.13396047055721283, 0.13164326548576355], "mae": [0.28571802377700806, 0.27294811606407166, 0.2719568610191345, 0.265561580657959, 0.2656494379043579], "mape": [205.45742797851562, 205.43118286132812, 196.93890380859375, 212.47401428222656, 205.5583038330078]}