{"loss": [0.2342652678489685, 0.2335505187511444, 0.23523472249507904, 0.2306968867778778, 0.23073799908161163], "mse": [0.2342652678489685, 0.2335505187511444, 0.23523472249507904, 0.2306968867778778, 0.23073799908161163], "mae": [0.289181649684906, 0.2873823046684265, 0.28648313879966736, 0.2860787808895111, 0.28677359223365784], "mape": [257.7529296875, 353.4095458984375, 314.58221435546875, 357.7315673828125, 371.98529052734375]}