{"loss": [0.4983769655227661, 0.3614066541194916, 0.3192506730556488, 0.2893514037132263, 0.2684808075428009], "mse": [0.4983769655227661, 0.3614066541194916, 0.3192506730556488, 0.2893514037132263, 0.2684808075428009], "mae": [0.5420135855674744, 0.46366655826568604, 0.4338837265968323, 0.417353093624115, 0.4004150629043579], "mape": [266.3877868652344, 227.5592041015625, 215.0899200439453, 224.3254852294922, 221.09275817871094]}