{"loss": [0.07860355824232101, 0.07855454087257385, 0.07745318859815598, 0.07859645783901215, 0.07733127474784851], "mse": [0.07860355824232101, 0.07855454087257385, 0.07745318859815598, 0.07859645783901215, 0.07733127474784851], "mae": [0.21404780447483063, 0.21043160557746887, 0.21193888783454895, 0.21245869994163513, 0.2115226835012436], "mape": [63.97404098510742, 62.983802795410156, 63.82688903808594, 67.52527618408203, 64.9114761352539]}