{"loss": [0.10970582067966461, 0.10913071036338806, 0.10735536366701126, 0.10913362354040146, 0.10831514745950699], "mse": [0.10970582067966461, 0.10913071036338806, 0.10735536366701126, 0.10913362354040146, 0.10831514745950699], "mae": [0.19468922913074493, 0.19322678446769714, 0.19433234632015228, 0.19117704033851624, 0.19392894208431244], "mape": [43.750343322753906, 43.29946517944336, 42.094459533691406, 42.86996841430664, 43.379154205322266]}