{"loss": [0.04845421388745308, 0.03108605369925499, 0.041986607015132904, 0.04086228832602501, 0.02426106482744217], "mse": [0.04845421388745308, 0.03108605369925499, 0.041986607015132904, 0.04086228832602501, 0.02426106482744217], "mae": [0.059120722115039825, 0.050485361367464066, 0.05380108207464218, 0.06048949807882309, 0.04836004972457886], "mape": [175.31851196289062, 127.41199493408203, 157.88555908203125, 150.9132843017578, 181.22988891601562]}