{"loss": [0.07818853110074997, 0.07662497460842133, 0.07727488875389099, 0.07676533609628677, 0.07640612125396729], "mse": [0.07818853110074997, 0.07662497460842133, 0.07727488875389099, 0.07676533609628677, 0.07640612125396729], "mae": [0.2157546579837799, 0.2142847776412964, 0.21428510546684265, 0.21455465257167816, 0.2153308242559433], "mape": [4666.05078125, 5211.78662109375, 7225.29443359375, 7231.47607421875, 6447.57958984375]}