{"loss": [0.18459005653858185, 0.17903263866901398, 0.17913031578063965, 0.17577509582042694, 0.17268908023834229], "mse": [0.18459005653858185, 0.17903263866901398, 0.17913031578063965, 0.17577509582042694, 0.17268908023834229], "mae": [0.3161929249763489, 0.3094269633293152, 0.3153858780860901, 0.3109869062900543, 0.3075888156890869], "mape": [225.31381225585938, 226.0238800048828, 212.20140075683594, 213.8475799560547, 219.04351806640625]}