{"loss": [0.04830576106905937, 0.045804109424352646, 0.044272396713495255, 0.04797953739762306, 0.042475663125514984], "mse": [0.04830576106905937, 0.045804109424352646, 0.044272396713495255, 0.04797953739762306, 0.042475663125514984], "mae": [0.10618032515048981, 0.1029103621840477, 0.10128312557935715, 0.10311385989189148, 0.09814142435789108], "mape": [33.44462203979492, 33.958885192871094, 33.26175308227539, 31.396774291992188, 30.447307586669922]}