{"loss": [0.3819282054901123, 0.32568493485450745, 0.31442639231681824, 0.30411335825920105, 0.2973957061767578], "mse": [0.3819282054901123, 0.32568493485450745, 0.31442639231681824, 0.30411335825920105, 0.2973957061767578], "mae": [0.37195929884910583, 0.3426561653614044, 0.3327554762363434, 0.3266105055809021, 0.32277557253837585], "mape": [356.1340026855469, 330.35174560546875, 287.1166687011719, 285.36865234375, 268.89306640625]}