{"loss": [0.09463220834732056, 0.09202723205089569, 0.09166841953992844, 0.09168050438165665, 0.09082121402025223], "mse": [0.09463220834732056, 0.09202723205089569, 0.09166841953992844, 0.09168050438165665, 0.09082121402025223], "mae": [0.23500634729862213, 0.23282194137573242, 0.22973155975341797, 0.23089152574539185, 0.2325267195701599], "mape": [1176.2430419921875, 1463.339599609375, 2260.470458984375, 1909.230224609375, 998.2507934570312]}