{"loss": [0.10306082665920258, 0.10076557844877243, 0.101726233959198, 0.10260070860385895, 0.09915825724601746], "mse": [0.10306082665920258, 0.10076557844877243, 0.101726233959198, 0.10260070860385895, 0.09915825724601746], "mae": [0.2476963847875595, 0.24381223320960999, 0.24471355974674225, 0.24615386128425598, 0.24157880246639252], "mape": [103.81759643554688, 114.19896697998047, 108.56575012207031, 97.90643310546875, 107.26016235351562]}