{"loss": [0.08154097199440002, 0.08196110278367996, 0.08062651008367538, 0.08229450136423111, 0.07979763299226761], "mse": [0.08154097199440002, 0.08196110278367996, 0.08062651008367538, 0.08229450136423111, 0.07979763299226761], "mae": [0.21683365106582642, 0.2147425413131714, 0.21462853252887726, 0.21729782223701477, 0.2144615203142166], "mape": [65.40434265136719, 65.77300262451172, 66.72264862060547, 68.36759185791016, 68.14994049072266]}