{"loss": [0.08642445504665375, 0.0783725455403328, 0.08546142280101776, 0.07592986524105072, 0.07348089665174484], "mse": [0.08642445504665375, 0.0783725455403328, 0.08546142280101776, 0.07592986524105072, 0.07348089665174484], "mae": [0.08142632246017456, 0.07576613128185272, 0.07602562755346298, 0.07025737315416336, 0.07362271845340729], "mape": [158.7532501220703, 117.68083190917969, 168.3642578125, 160.037353515625, 175.42872619628906]}