{"loss": [0.07676534354686737, 0.07529258728027344, 0.07533732801675797, 0.07562039792537689, 0.07467707246541977], "mse": [0.07676534354686737, 0.07529258728027344, 0.07533732801675797, 0.07562039792537689, 0.07467707246541977], "mae": [0.21319863200187683, 0.21293295919895172, 0.2105036824941635, 0.2117849737405777, 0.21342188119888306], "mape": [470.6608581542969, 2067.07470703125, 5133.4462890625, 4314.33740234375, 4107.94580078125]}