{"loss": [0.2443322092294693, 0.23632806539535522, 0.23543885350227356, 0.2292957752943039, 0.22527723014354706], "mse": [0.2443322092294693, 0.23632806539535522, 0.23543885350227356, 0.2292957752943039, 0.22527723014354706], "mae": [0.36257120966911316, 0.3574991226196289, 0.3594716191291809, 0.35224446654319763, 0.3517216145992279], "mape": [246.2777557373047, 250.3389129638672, 239.15762329101562, 235.0441436767578, 237.1874542236328]}