{"loss": [0.17691391706466675, 0.17510952055454254, 0.17212408781051636, 0.17007122933864594, 0.16651172935962677], "mse": [0.17691391706466675, 0.17510952055454254, 0.17212408781051636, 0.17007122933864594, 0.16651172935962677], "mae": [0.30989566445350647, 0.3117058277130127, 0.30796030163764954, 0.30803200602531433, 0.3072720766067505], "mape": [272.3126525878906, 204.8847198486328, 241.47354125976562, 172.21900939941406, 206.66049194335938]}