{"loss": [0.17425285279750824, 0.1723557859659195, 0.16958773136138916, 0.16483433544635773, 0.16170267760753632], "mse": [0.17425285279750824, 0.1723557859659195, 0.16958773136138916, 0.16483433544635773, 0.16170267760753632], "mae": [0.30723705887794495, 0.30625975131988525, 0.3027043640613556, 0.3005487620830536, 0.30038708448410034], "mape": [299.0367736816406, 243.79226684570312, 277.4465637207031, 199.54281616210938, 213.0431671142578]}