{"loss": [0.19499626755714417, 0.19256791472434998, 0.18919871747493744, 0.18465517461299896, 0.18178732693195343], "mse": [0.19499626755714417, 0.19256791472434998, 0.18919871747493744, 0.18465517461299896, 0.18178732693195343], "mae": [0.3309096693992615, 0.32839810848236084, 0.326048344373703, 0.3191141188144684, 0.3182930648326874], "mape": [337.7773742675781, 272.6709899902344, 290.7324523925781, 250.7618408203125, 275.34619140625]}