{"loss": [0.15939198434352875, 0.15109817683696747, 0.15061815083026886, 0.14510485529899597, 0.14263518154621124], "mse": [0.15939198434352875, 0.15109817683696747, 0.15061815083026886, 0.14510485529899597, 0.14263518154621124], "mae": [0.2957117259502411, 0.2848750948905945, 0.283270001411438, 0.27669525146484375, 0.2767002582550049], "mape": [204.225341796875, 204.67723083496094, 196.293701171875, 212.34652709960938, 206.68785095214844]}