{"loss": [0.16952262818813324, 0.1643083244562149, 0.1638573557138443, 0.16012762486934662, 0.1574171483516693], "mse": [0.16952262818813324, 0.1643083244562149, 0.1638573557138443, 0.16012762486934662, 0.1574171483516693], "mae": [0.30369284749031067, 0.2980000972747803, 0.3034099042415619, 0.29869067668914795, 0.29637569189071655], "mape": [222.0042266845703, 220.05494689941406, 203.82899475097656, 206.9335479736328, 213.2119598388672]}