{"loss": [0.294531911611557, 0.29145780205726624, 0.29060280323028564, 0.2839018404483795, 0.28148576617240906], "mse": [0.294531911611557, 0.29145780205726624, 0.29060280323028564, 0.2839018404483795, 0.28148576617240906], "mae": [0.31965577602386475, 0.3186182379722595, 0.3150594234466553, 0.31381598114967346, 0.3133600354194641], "mape": [278.9990539550781, 303.44622802734375, 260.8706359863281, 269.8344421386719, 259.8445739746094]}