{"loss": [0.05113673582673073, 0.045823052525520325, 0.04268969967961311, 0.04798952117562294, 0.04128003120422363], "mse": [0.05113673582673073, 0.045823052525520325, 0.04268969967961311, 0.04798952117562294, 0.04128003120422363], "mae": [0.110101118683815, 0.10382436215877533, 0.10123833268880844, 0.10517227649688721, 0.10080965608358383], "mape": [33.91514587402344, 33.68926239013672, 31.886564254760742, 32.261680603027344, 31.996381759643555]}