{"loss": [0.6086739897727966, 0.4106656312942505, 0.3778296411037445, 0.3523133397102356, 0.3319648802280426], "mse": [0.6086739897727966, 0.4106656312942505, 0.3778296411037445, 0.3523133397102356, 0.3319648802280426], "mae": [0.5654771327972412, 0.46122318506240845, 0.4406890273094177, 0.4227125644683838, 0.41498973965644836], "mape": [348.9761047363281, 280.05242919921875, 264.54052734375, 253.68374633789062, 261.14501953125]}