{"loss": [0.17996591329574585, 0.17875370383262634, 0.175387442111969, 0.17160280048847198, 0.16789354383945465], "mse": [0.17996591329574585, 0.17875370383262634, 0.175387442111969, 0.17160280048847198, 0.16789354383945465], "mae": [0.3145381212234497, 0.31298813223838806, 0.3103193938732147, 0.3055301606655121, 0.3021198511123657], "mape": [332.96722412109375, 261.9853820800781, 279.0233154296875, 246.59068298339844, 267.7513732910156]}