{"loss": [0.07716992497444153, 0.07526486366987228, 0.07568501681089401, 0.07555539906024933, 0.07470667362213135], "mse": [0.07716992497444153, 0.07526486366987228, 0.07568501681089401, 0.07555539906024933, 0.07470667362213135], "mae": [0.21454943716526031, 0.2134869247674942, 0.21150144934654236, 0.2132670134305954, 0.21345065534114838], "mape": [1587.980712890625, 2453.98291015625, 3487.82861328125, 2527.3095703125, 2669.769287109375]}