{"loss": [0.05375948175787926, 0.050338804721832275, 0.04933172091841698, 0.05326097458600998, 0.047684453427791595], "mse": [0.05375948175787926, 0.050338804721832275, 0.04933172091841698, 0.05326097458600998, 0.047684453427791595], "mae": [0.11289307475090027, 0.10761566460132599, 0.10706246644258499, 0.10887949168682098, 0.10412032902240753], "mape": [34.93754577636719, 34.52608871459961, 34.99031066894531, 33.02065658569336, 31.726593017578125]}