{"loss": [0.08875767141580582, 0.07857049256563187, 0.08311311900615692, 0.07301345467567444, 0.07578437775373459], "mse": [0.08875767141580582, 0.07857049256563187, 0.08311311900615692, 0.07301345467567444, 0.07578437775373459], "mae": [0.08072785288095474, 0.07290007919073105, 0.07842928916215897, 0.07105860114097595, 0.07293622940778732], "mape": [49.289772033691406, 51.9335823059082, 53.26375198364258, 47.21403121948242, 50.67280197143555]}