{"loss": [0.2703099548816681, 0.2577753961086273, 0.2549002766609192, 0.24762004613876343, 0.24041245877742767], "mse": [0.2703099548816681, 0.2577753961086273, 0.2549002766609192, 0.24762004613876343, 0.24041245877742767], "mae": [0.3746013343334198, 0.3655664920806885, 0.3635903298854828, 0.35793331265449524, 0.35517483949661255], "mape": [254.5294952392578, 256.847900390625, 245.5034942626953, 236.71051025390625, 242.13880920410156]}