{"loss": [0.08985977619886398, 0.08951018750667572, 0.08931504189968109, 0.09129742532968521, 0.08840655535459518], "mse": [0.08985977619886398, 0.08951018750667572, 0.08931504189968109, 0.09129742532968521, 0.08840655535459518], "mae": [0.23300890624523163, 0.229918971657753, 0.23004306852817535, 0.23190127313137054, 0.2285439670085907], "mape": [94.51969909667969, 106.08274841308594, 99.9925308227539, 90.69257354736328, 99.77033233642578]}