{"loss": [0.11935476958751678, 0.11882484704256058, 0.11684267967939377, 0.11807409673929214, 0.11793501675128937], "mse": [0.11935476958751678, 0.11882484704256058, 0.11684267967939377, 0.11807409673929214, 0.11793501675128937], "mae": [0.20300275087356567, 0.20319315791130066, 0.20238178968429565, 0.1999400109052658, 0.20282021164894104], "mape": [45.24031066894531, 45.256324768066406, 43.56676483154297, 44.600467681884766, 44.89857482910156]}