{"loss": [0.09229112416505814, 0.09134484082460403, 0.0911039263010025, 0.0914526879787445, 0.08920446038246155], "mse": [0.09229112416505814, 0.09134484082460403, 0.0911039263010025, 0.0914526879787445, 0.08920446038246155], "mae": [0.23161984980106354, 0.22890770435333252, 0.2285185605287552, 0.2282324582338333, 0.22709472477436066], "mape": [71.03240203857422, 69.01293182373047, 72.32518005371094, 73.0377197265625, 70.56389617919922]}