{"loss": [0.22773011028766632, 0.22240431606769562, 0.22205084562301636, 0.21663880348205566, 0.21121881902217865], "mse": [0.22773011028766632, 0.22240431606769562, 0.22205084562301636, 0.21663880348205566, 0.21121881902217865], "mae": [0.34423425793647766, 0.3393183946609497, 0.3394145667552948, 0.3344326317310333, 0.3329245150089264], "mape": [221.6505889892578, 217.90237426757812, 217.9703826904297, 211.0401611328125, 211.6906280517578]}