{"loss": [0.6039027571678162, 0.424625039100647, 0.38661906123161316, 0.3613690137863159, 0.3465580940246582], "mse": [0.6039027571678162, 0.424625039100647, 0.38661906123161316, 0.3613690137863159, 0.3465580940246582], "mae": [0.5625320672988892, 0.47126835584640503, 0.45323073863983154, 0.432993084192276, 0.426946222782135], "mape": [286.4394836425781, 283.5726623535156, 280.8830871582031, 258.96820068359375, 265.5019226074219]}