{"loss": [0.11290524154901505, 0.11232834309339523, 0.11057708412408829, 0.11219919472932816, 0.11175419390201569], "mse": [0.11290524154901505, 0.11232834309339523, 0.11057708412408829, 0.11219919472932816, 0.11175419390201569], "mae": [0.1984444111585617, 0.19744448363780975, 0.19793210923671722, 0.19516724348068237, 0.19817176461219788], "mape": [44.01366424560547, 43.60774230957031, 42.465599060058594, 43.261558532714844, 43.703861236572266]}