{"loss": [0.08241695910692215, 0.08192472904920578, 0.08102213591337204, 0.08191657066345215, 0.07873226702213287], "mse": [0.08241695910692215, 0.08192472904920578, 0.08102213591337204, 0.08191657066345215, 0.07873226702213287], "mae": [0.21790598332881927, 0.21460600197315216, 0.2142806202173233, 0.21422797441482544, 0.21244753897190094], "mape": [64.78326416015625, 63.57331466674805, 65.64802551269531, 67.97303009033203, 63.49488067626953]}