{"loss": [0.1685628741979599, 0.15196464955806732, 0.13944821059703827, 0.13153761625289917, 0.11414463818073273], "mse": [0.1685628741979599, 0.15196464955806732, 0.13944821059703827, 0.13153761625289917, 0.11414463818073273], "mae": [0.11183599382638931, 0.10628990083932877, 0.10330075770616531, 0.0982365682721138, 0.09203395247459412], "mape": [54.08028793334961, 55.75775146484375, 50.83256149291992, 58.63023376464844, 48.52449417114258]}