{"loss": [0.2463645488023758, 0.24528168141841888, 0.2473732829093933, 0.24273699522018433, 0.24257858097553253], "mse": [0.2463645488023758, 0.24528168141841888, 0.2473732829093933, 0.24273699522018433, 0.24257858097553253], "mae": [0.29453930258750916, 0.2931267321109772, 0.2920824885368347, 0.29224854707717896, 0.2927756607532501], "mape": [253.2658233642578, 340.9168395996094, 297.57879638671875, 353.79986572265625, 358.4560241699219]}