{"loss": [0.08095941692590714, 0.07901957631111145, 0.07895605266094208, 0.0793672576546669, 0.07835587114095688], "mse": [0.08095941692590714, 0.07901957631111145, 0.07895605266094208, 0.0793672576546669, 0.07835587114095688], "mae": [0.2189912497997284, 0.21775047481060028, 0.21566197276115417, 0.21708470582962036, 0.218903049826622], "mape": [467.4845886230469, 1730.9019775390625, 4683.9951171875, 4074.858642578125, 3510.195556640625]}