{"loss": [0.26001277565956116, 0.2558329999446869, 0.25014665722846985, 0.24446147680282593, 0.2372683584690094], "mse": [0.26001277565956116, 0.2558329999446869, 0.25014665722846985, 0.24446147680282593, 0.2372683584690094], "mae": [0.38914456963539124, 0.39012405276298523, 0.3851880133152008, 0.37964382767677307, 0.37247925996780396], "mape": [339.8110656738281, 265.1491394042969, 324.7740173339844, 247.97276306152344, 263.99456787109375]}