{"loss": [0.09007144719362259, 0.08924590051174164, 0.08887786418199539, 0.08945164829492569, 0.08700985461473465], "mse": [0.09007144719362259, 0.08924590051174164, 0.08887786418199539, 0.08945164829492569, 0.08700985461473465], "mae": [0.22892966866493225, 0.22599808871746063, 0.22579674422740936, 0.22561033070087433, 0.22389571368694305], "mape": [69.28990173339844, 67.61164093017578, 70.47855377197266, 71.36750793457031, 68.6411361694336]}