{"loss": [0.15156738460063934, 0.14673903584480286, 0.1457526981830597, 0.13974760472774506, 0.1391531527042389], "mse": [0.15156738460063934, 0.14673903584480286, 0.1457526981830597, 0.13974760472774506, 0.1391531527042389], "mae": [0.2885415554046631, 0.2844359576702118, 0.2829825282096863, 0.27410081028938293, 0.27420055866241455], "mape": [131.67616271972656, 121.93089294433594, 136.12811279296875, 125.94005584716797, 127.78923034667969]}