{"loss": [0.26995667815208435, 0.26872098445892334, 0.27035242319107056, 0.2650488615036011, 0.26390692591667175], "mse": [0.26995667815208435, 0.26872098445892334, 0.27035242319107056, 0.2650488615036011, 0.26390692591667175], "mae": [0.30441251397132874, 0.3046533763408661, 0.3027176558971405, 0.3025985360145569, 0.30315929651260376], "mape": [253.04710388183594, 348.67535400390625, 296.1091613769531, 357.96240234375, 363.2019958496094]}