{"loss": [0.3345820903778076, 0.3201241195201874, 0.31614723801612854, 0.30759483575820923, 0.3002949357032776], "mse": [0.3345820903778076, 0.3201241195201874, 0.31614723801612854, 0.30759483575820923, 0.3002949357032776], "mae": [0.4210529625415802, 0.4090135395526886, 0.4072129726409912, 0.3986963927745819, 0.3986230194568634], "mape": [247.01385498046875, 238.76356506347656, 245.1416778564453, 237.19895935058594, 240.90895080566406]}