{"loss": [0.31086474657058716, 0.30069223046302795, 0.291287362575531, 0.2814595699310303, 0.27923163771629333], "mse": [0.31086474657058716, 0.30069223046302795, 0.291287362575531, 0.2814595699310303, 0.27923163771629333], "mae": [0.43098074197769165, 0.42360180616378784, 0.4189404845237732, 0.41068193316459656, 0.4099281132221222], "mape": [373.29705810546875, 358.5538635253906, 375.2127685546875, 316.78192138671875, 353.77655029296875]}