{"loss": [0.053486838936805725, 0.051883213222026825, 0.06323255598545074, 0.0484844446182251, 0.05196348950266838], "mse": [0.053486838936805725, 0.051883213222026825, 0.06323255598545074, 0.0484844446182251, 0.05196348950266838], "mae": [0.06292679160833359, 0.059843454509973526, 0.06417454034090042, 0.055606625974178314, 0.05938500538468361], "mape": [49.76252746582031, 50.08021545410156, 47.605716705322266, 48.038490295410156, 52.49069595336914]}