{"loss": [0.08642447739839554, 0.07837256044149399, 0.08546140044927597, 0.07592987269163132, 0.07348089665174484], "mse": [0.08642447739839554, 0.07837256044149399, 0.08546140044927597, 0.07592987269163132, 0.07348089665174484], "mae": [0.08142630010843277, 0.07576612383127213, 0.07602563500404358, 0.07025740295648575, 0.07362274080514908], "mape": [158.7532958984375, 117.68084716796875, 168.3643035888672, 160.03758239746094, 175.4287567138672]}