{"loss": [0.05598149076104164, 0.04793665558099747, 0.044994138181209564, 0.04677930101752281, 0.04078591987490654], "mse": [0.05598149076104164, 0.04793665558099747, 0.044994138181209564, 0.04677930101752281, 0.04078591987490654], "mae": [0.11634909361600876, 0.10542361438274384, 0.10290239751338959, 0.10288508981466293, 0.10220618546009064], "mape": [37.768707275390625, 37.75531005859375, 33.85906982421875, 36.0909423828125, 35.943382263183594]}