{"loss": [0.09514762461185455, 0.09386493265628815, 0.09374129772186279, 0.09374722838401794, 0.09165245294570923], "mse": [0.09514762461185455, 0.09386493265628815, 0.09374129772186279, 0.09374722838401794, 0.09165245294570923], "mae": [0.23525135219097137, 0.23224936425685883, 0.23175111413002014, 0.231227308511734, 0.23047536611557007], "mape": [73.15406036376953, 70.6175765991211, 74.55513000488281, 74.8783950805664, 72.56124877929688]}