{"loss": [0.10141944140195847, 0.09870512783527374, 0.09782243520021439, 0.09712279587984085, 0.09488609433174133], "mse": [0.10141944140195847, 0.09870512783527374, 0.09782243520021439, 0.09712279587984085, 0.09488609433174133], "mae": [0.24340146780014038, 0.23905955255031586, 0.2364879697561264, 0.23584780097007751, 0.23503272235393524], "mape": [75.16378784179688, 72.41482543945312, 76.67057800292969, 76.84249877929688, 74.75714111328125]}