{"loss": [0.09544578939676285, 0.09343232214450836, 0.09337297081947327, 0.09452632069587708, 0.09211040288209915], "mse": [0.09544578939676285, 0.09343232214450836, 0.09337297081947327, 0.09452632069587708, 0.09211040288209915], "mae": [0.2401673048734665, 0.23354770243167877, 0.23540695011615753, 0.23541006445884705, 0.23220302164554596], "mape": [100.4057846069336, 100.5727310180664, 98.90062713623047, 90.5977783203125, 97.8258056640625]}