{"loss": [0.6086739301681519, 0.41066569089889526, 0.3778296113014221, 0.35231325030326843, 0.3319648802280426], "mse": [0.6086739301681519, 0.41066569089889526, 0.3778296113014221, 0.35231325030326843, 0.3319648802280426], "mae": [0.5654770731925964, 0.46122318506240845, 0.44068899750709534, 0.42271244525909424, 0.4149896502494812], "mape": [348.97607421875, 280.0524597167969, 264.54046630859375, 253.68368530273438, 261.14501953125]}