{"loss": [0.17121519148349762, 0.16724838316440582, 0.16499125957489014, 0.15856848657131195, 0.15846599638462067], "mse": [0.17121519148349762, 0.16724838316440582, 0.16499125957489014, 0.15856848657131195, 0.15846599638462067], "mae": [0.3080191910266876, 0.30151259899139404, 0.29725322127342224, 0.2925410866737366, 0.2923557758331299], "mape": [173.76962280273438, 162.88124084472656, 160.63778686523438, 162.14134216308594, 174.686279296875]}