{"loss": [0.12747305631637573, 0.12737710773944855, 0.1250436156988144, 0.12686103582382202, 0.12599195539951324], "mse": [0.12747305631637573, 0.12737710773944855, 0.1250436156988144, 0.12686103582382202, 0.12599195539951324], "mae": [0.20887674391269684, 0.20965392887592316, 0.20796191692352295, 0.20642255246639252, 0.20762376487255096], "mape": [46.91408157348633, 47.20470428466797, 44.94580078125, 46.48545455932617, 46.148258209228516]}