{"loss": [0.08875767886638641, 0.07857048511505127, 0.08311308920383453, 0.07301345467567444, 0.0757843628525734], "mse": [0.08875767886638641, 0.07857048511505127, 0.08311308920383453, 0.07301345467567444, 0.0757843628525734], "mae": [0.08072783797979355, 0.07290007919073105, 0.07842926681041718, 0.07105857878923416, 0.07293624430894852], "mape": [49.28974151611328, 51.9335823059082, 53.26371383666992, 47.214019775390625, 50.67280578613281]}