{"loss": [0.2138805389404297, 0.21023710072040558, 0.20622828602790833, 0.20070645213127136, 0.19840417802333832], "mse": [0.2138805389404297, 0.21023710072040558, 0.20622828602790833, 0.20070645213127136, 0.19840417802333832], "mae": [0.35091695189476013, 0.34735268354415894, 0.3441314995288849, 0.3367293179035187, 0.33710977435112], "mape": [347.44927978515625, 288.4115295410156, 307.1987609863281, 262.7054443359375, 290.5018310546875]}