{"loss": [0.1528741419315338, 0.1519881784915924, 0.14915777742862701, 0.14520858228206635, 0.14258629083633423], "mse": [0.1528741419315338, 0.1519881784915924, 0.14915777742862701, 0.14520858228206635, 0.14258629083633423], "mae": [0.288496732711792, 0.28688058257102966, 0.28076255321502686, 0.2794904112815857, 0.28160396218299866], "mape": [292.49542236328125, 217.99928283691406, 258.3937072753906, 172.4677276611328, 184.73350524902344]}