{"loss": [0.2234748899936676, 0.21621866524219513, 0.2101331204175949, 0.20087143778800964, 0.19739104807376862], "mse": [0.2234748899936676, 0.21621866524219513, 0.2101331204175949, 0.20087143778800964, 0.19739104807376862], "mae": [0.35866251587867737, 0.35045188665390015, 0.34303393959999084, 0.33679720759391785, 0.33063647150993347], "mape": [193.80760192871094, 179.58604431152344, 184.9222412109375, 175.5831298828125, 182.6593017578125]}