{"loss": [0.03648582473397255, 0.04015486314892769, 0.03968720883131027, 0.034095436334609985, 0.026744641363620758], "mse": [0.03648582473397255, 0.04015486314892769, 0.03968720883131027, 0.034095436334609985, 0.026744641363620758], "mae": [0.054288629442453384, 0.055314790457487106, 0.05758332088589668, 0.050380002707242966, 0.050170350819826126], "mape": [54.50581741333008, 46.6706657409668, 48.82087707519531, 45.13182830810547, 47.92687225341797]}