{"loss": [0.1923467516899109, 0.18782320618629456, 0.18584959208965302, 0.18207579851150513, 0.1758858859539032], "mse": [0.1923467516899109, 0.18782320618629456, 0.18584959208965302, 0.18207579851150513, 0.1758858859539032], "mae": [0.3195911645889282, 0.31376898288726807, 0.31517088413238525, 0.31056419014930725, 0.305753618478775], "mape": [206.3531951904297, 204.08554077148438, 203.0498046875, 197.85980224609375, 196.59408569335938]}