{"loss": [0.13970725238323212, 0.11725932359695435, 0.11062323302030563, 0.10738956183195114, 0.10442544519901276], "mse": [0.13970725238323212, 0.11725932359695435, 0.11062323302030563, 0.10738956183195114, 0.10442544519901276], "mae": [0.2899519205093384, 0.26475128531455994, 0.2547232508659363, 0.2501806616783142, 0.24832525849342346], "mape": [91.7643051147461, 81.0090560913086, 76.70364379882812, 77.02279663085938, 76.36243438720703]}