{"loss": [0.07879134267568588, 0.07703960686922073, 0.07706178724765778, 0.07740264385938644, 0.07641737908124924], "mse": [0.07879134267568588, 0.07703960686922073, 0.07706178724765778, 0.07740264385938644, 0.07641737908124924], "mae": [0.21611055731773376, 0.2153121531009674, 0.2130717933177948, 0.21443204581737518, 0.21609635651111603], "mape": [444.7726135253906, 1937.849365234375, 4968.4716796875, 4184.36181640625, 3828.178466796875]}