{"loss": [0.14356648921966553, 0.135966494679451, 0.1326231062412262, 0.13405296206474304, 0.13282564282417297], "mse": [0.14356648921966553, 0.135966494679451, 0.1326231062412262, 0.13405296206474304, 0.13282564282417297], "mae": [0.22316814959049225, 0.21532629430294037, 0.2137804627418518, 0.2121511995792389, 0.21330474317073822], "mape": [48.926300048828125, 48.54372024536133, 46.228302001953125, 47.6805419921875, 47.305633544921875]}