{"loss": [0.08810532093048096, 0.08735570311546326, 0.08685708791017532, 0.08760140836238861, 0.08491814881563187], "mse": [0.08810532093048096, 0.08735570311546326, 0.08685708791017532, 0.08760140836238861, 0.08491814881563187], "mae": [0.226426362991333, 0.2230026125907898, 0.22282865643501282, 0.22298692166805267, 0.2207871973514557], "mape": [67.74668884277344, 66.71107482910156, 68.76689910888672, 70.17475891113281, 66.91187286376953]}