{"loss": [0.14079564809799194, 0.13559503853321075, 0.132192000746727, 0.13358622789382935, 0.1321905106306076], "mse": [0.14079564809799194, 0.13559503853321075, 0.132192000746727, 0.13358622789382935, 0.1321905106306076], "mae": [0.22012944519519806, 0.21466217935085297, 0.21317873895168304, 0.21115471422672272, 0.2122676819562912], "mape": [48.75345230102539, 48.54019546508789, 46.197669982910156, 47.583988189697266, 47.14997482299805]}