{"loss": [0.07964659482240677, 0.0775541439652443, 0.07790176570415497, 0.07787691056728363, 0.07700061053037643], "mse": [0.07964659482240677, 0.0775541439652443, 0.07790176570415497, 0.07787691056728363, 0.07700061053037643], "mae": [0.21779556572437286, 0.21651534736156464, 0.2141008973121643, 0.21647323668003082, 0.21661798655986786], "mape": [1452.50927734375, 2161.92822265625, 3196.231201171875, 2363.273193359375, 2339.43212890625]}