{"loss": [0.08255711197853088, 0.08196115493774414, 0.08029457926750183, 0.08244935423135757, 0.08064668625593185], "mse": [0.08255711197853088, 0.08196115493774414, 0.08029457926750183, 0.08244935423135757, 0.08064668625593185], "mae": [0.22454415261745453, 0.22010038793087006, 0.21816551685333252, 0.2199258953332901, 0.2191023975610733], "mape": [99.99586486816406, 100.56266784667969, 97.32389831542969, 90.9673080444336, 99.24539184570312]}