{"loss": [0.08154097199440002, 0.08196111023426056, 0.08062651008367538, 0.0822945088148117, 0.0797976553440094], "mse": [0.08154097199440002, 0.08196111023426056, 0.08062651008367538, 0.0822945088148117, 0.0797976553440094], "mae": [0.21683365106582642, 0.2147425413131714, 0.21462853252887726, 0.21729788184165955, 0.21446149051189423], "mape": [65.40434265136719, 65.77300262451172, 66.72264862060547, 68.36758422851562, 68.14994812011719]}