{"loss": [0.08810532093048096, 0.08735571056604385, 0.08685711026191711, 0.08760140836238861, 0.08491816371679306], "mse": [0.08810532093048096, 0.08735571056604385, 0.08685711026191711, 0.08760140836238861, 0.08491816371679306], "mae": [0.2264263778924942, 0.22300264239311218, 0.2228286862373352, 0.22298695147037506, 0.22078724205493927], "mape": [67.74668884277344, 66.71107482910156, 68.76689147949219, 70.17475891113281, 66.911865234375]}