{"loss": [0.22671422362327576, 0.22672797739505768, 0.2274903655052185, 0.2240758240222931, 0.22299054265022278], "mse": [0.22671422362327576, 0.22672797739505768, 0.2274903655052185, 0.2240758240222931, 0.22299054265022278], "mae": [0.28487205505371094, 0.2851279079914093, 0.2809600830078125, 0.2822496294975281, 0.2804514467716217], "mape": [246.2737579345703, 282.9339904785156, 242.9938201904297, 262.3045654296875, 262.7258605957031]}