{"loss": [0.10246313363313675, 0.0987953245639801, 0.09708689898252487, 0.09652072936296463, 0.09466834366321564], "mse": [0.10246313363313675, 0.0987953245639801, 0.09708689898252487, 0.09652072936296463, 0.09466834366321564], "mae": [0.24384324252605438, 0.23960669338703156, 0.2349795550107956, 0.23597854375839233, 0.23608951270580292], "mape": [738.236572265625, 934.7052612304688, 2012.1038818359375, 2665.2998046875, 649.9257202148438]}