{"loss": [0.400640070438385, 0.17325450479984283, 0.15007925033569336, 0.14471815526485443, 0.1391228884458542], "mse": [0.400640070438385, 0.17325450479984283, 0.15007925033569336, 0.14471815526485443, 0.1391228884458542], "mae": [0.44662797451019287, 0.23772376775741577, 0.22259822487831116, 0.2186497151851654, 0.21658647060394287], "mape": [69.35077667236328, 51.24411392211914, 47.86473846435547, 49.25837707519531, 48.49177551269531]}