{"loss": [0.200133815407753, 0.19760118424892426, 0.1949833780527115, 0.18974459171295166, 0.18606485426425934], "mse": [0.200133815407753, 0.19760118424892426, 0.1949833780527115, 0.18974459171295166, 0.18606485426425934], "mae": [0.33015814423561096, 0.3320724070072174, 0.32870975136756897, 0.3260458707809448, 0.32403427362442017], "mape": [297.9126281738281, 247.87518310546875, 282.3798828125, 209.4145050048828, 225.44158935546875]}