{"loss": [0.23537293076515198, 0.23174920678138733, 0.22883370518684387, 0.22265160083770752, 0.21697409451007843], "mse": [0.23537293076515198, 0.23174920678138733, 0.22883370518684387, 0.22265160083770752, 0.21697409451007843], "mae": [0.3658369183540344, 0.36613893508911133, 0.3642895221710205, 0.3592246174812317, 0.3544340133666992], "mape": [311.1358947753906, 249.375, 299.47796630859375, 225.93780517578125, 244.24810791015625]}