{"loss": [0.040462374687194824, 0.03420070931315422, 0.03083089366555214, 0.03231390193104744, 0.02914641611278057], "mse": [0.040462374687194824, 0.03420070931315422, 0.03083089366555214, 0.03231390193104744, 0.02914641611278057], "mae": [0.0991952195763588, 0.09003658592700958, 0.08580892533063889, 0.08745145052671432, 0.08675310015678406], "mape": [32.84735870361328, 31.861438751220703, 28.955934524536133, 31.458778381347656, 30.86586570739746]}