{"loss": [0.04363803192973137, 0.024078188464045525, 0.031095024198293686, 0.03681829199194908, 0.02801247499883175], "mse": [0.04363803192973137, 0.024078188464045525, 0.031095024198293686, 0.03681829199194908, 0.02801247499883175], "mae": [0.05760500580072403, 0.04720767214894295, 0.048423368483781815, 0.054497942328453064, 0.05031135305762291], "mape": [171.48573303222656, 127.06340789794922, 158.82273864746094, 149.0736846923828, 161.06838989257812]}