{"loss": [0.1923467069864273, 0.18782314658164978, 0.18584959208965302, 0.18207575380802155, 0.1758858859539032], "mse": [0.1923467069864273, 0.18782314658164978, 0.18584959208965302, 0.18207575380802155, 0.1758858859539032], "mae": [0.31959113478660583, 0.3137689232826233, 0.31517091393470764, 0.31056419014930725, 0.3057536780834198], "mape": [206.35316467285156, 204.08547973632812, 203.0498046875, 197.85972595214844, 196.59408569335938]}