{"loss": [0.08049614727497101, 0.08031231164932251, 0.07918886095285416, 0.08045166730880737, 0.07892768830060959], "mse": [0.08049614727497101, 0.08031231164932251, 0.07918886095285416, 0.08045166730880737, 0.07892768830060959], "mae": [0.21649475395679474, 0.212471604347229, 0.21387846767902374, 0.21491582691669464, 0.21387070417404175], "mape": [64.8038558959961, 63.6950569152832, 65.03845977783203, 68.50528717041016, 66.30323791503906]}