{"loss": [0.07716992497444153, 0.07526486366987228, 0.07568500936031342, 0.07555540651082993, 0.07470668107271194], "mse": [0.07716992497444153, 0.07526486366987228, 0.07568500936031342, 0.07555540651082993, 0.07470668107271194], "mae": [0.21454943716526031, 0.2134869247674942, 0.21150147914886475, 0.21326704323291779, 0.21345067024230957], "mape": [1587.9769287109375, 2453.98095703125, 3487.828125, 2527.303955078125, 2669.763427734375]}