{"loss": [0.07512498646974564, 0.06732150167226791, 0.07248622924089432, 0.06874021142721176, 0.057142224162817], "mse": [0.07512498646974564, 0.06732150167226791, 0.07248622924089432, 0.06874021142721176, 0.057142224162817], "mae": [0.07505263388156891, 0.06828644871711731, 0.06875792145729065, 0.06582066416740417, 0.06506926566362381], "mape": [167.53709411621094, 117.04110717773438, 160.62120056152344, 145.12875366210938, 170.07470703125]}