{"loss": [0.1233891025185585, 0.12041384726762772, 0.12026888877153397, 0.11581338196992874, 0.11579769104719162], "mse": [0.1233891025185585, 0.12041384726762772, 0.12026888877153397, 0.11581338196992874, 0.11579769104719162], "mae": [0.2573762834072113, 0.25350430607795715, 0.2535875737667084, 0.2461986541748047, 0.24638211727142334], "mape": [118.05563354492188, 110.16088104248047, 125.84312438964844, 117.90997314453125, 121.54441833496094]}