{"loss": [0.07818853855133057, 0.07662498205900192, 0.07727488875389099, 0.07676534354686737, 0.07640613615512848], "mse": [0.07818853855133057, 0.07662498205900192, 0.07727488875389099, 0.07676534354686737, 0.07640613615512848], "mae": [0.2157546579837799, 0.2142847776412964, 0.21428510546684265, 0.21455462276935577, 0.21533076465129852], "mape": [4666.05029296875, 5211.77978515625, 7225.29443359375, 7231.486328125, 6447.5810546875]}