{"loss": [0.3080579340457916, 0.30036062002182007, 0.28958219289779663, 0.2812599539756775, 0.2752446234226227], "mse": [0.3080579340457916, 0.30036062002182007, 0.28958219289779663, 0.2812599539756775, 0.2752446234226227], "mae": [0.42597851157188416, 0.42459604144096375, 0.41651758551597595, 0.40968504548072815, 0.40485990047454834], "mape": [389.19012451171875, 361.1445617675781, 374.25921630859375, 319.3712158203125, 337.9994201660156]}