{"loss": [0.17896556854248047, 0.1602054089307785, 0.14971081912517548, 0.13302494585514069, 0.11646553874015808], "mse": [0.17896556854248047, 0.1602054089307785, 0.14971081912517548, 0.13302494585514069, 0.11646553874015808], "mae": [0.11112825572490692, 0.1055445745587349, 0.10298173129558563, 0.09614896029233932, 0.09544328600168228], "mape": [145.7911376953125, 188.58810424804688, 174.11627197265625, 211.68373107910156, 170.08056640625]}