{"loss": [0.3313611149787903, 0.31690776348114014, 0.31204578280448914, 0.3017355501651764, 0.29251763224601746], "mse": [0.3313611149787903, 0.31690776348114014, 0.31204578280448914, 0.3017355501651764, 0.29251763224601746], "mae": [0.4167768359184265, 0.40978842973709106, 0.40659525990486145, 0.39514991641044617, 0.39109212160110474], "mape": [255.71839904785156, 259.7690734863281, 252.20248413085938, 246.19992065429688, 249.9304656982422]}