{"loss": [0.379485160112381, 0.326650470495224, 0.31197547912597656, 0.30027100443840027, 0.292054146528244], "mse": [0.379485160112381, 0.326650470495224, 0.31197547912597656, 0.30027100443840027, 0.292054146528244], "mae": [0.3736501932144165, 0.34518125653266907, 0.3325307369232178, 0.3268759846687317, 0.3223103880882263], "mape": [331.18280029296875, 479.77545166015625, 424.9408264160156, 452.744140625, 453.8551940917969]}