{"loss": [0.09355457127094269, 0.0928797647356987, 0.09098556637763977, 0.09224683791399002, 0.08991073817014694], "mse": [0.09355457127094269, 0.0928797647356987, 0.09098556637763977, 0.09224683791399002, 0.08991073817014694], "mae": [0.2339601218700409, 0.2310112565755844, 0.22871150076389313, 0.2306434065103531, 0.22892653942108154], "mape": [69.02862548828125, 70.33828735351562, 71.01689147949219, 72.22978210449219, 71.9170913696289]}