{"loss": [0.15422673523426056, 0.14916129410266876, 0.14834481477737427, 0.144950732588768, 0.14272834360599518], "mse": [0.15422673523426056, 0.14916129410266876, 0.14834481477737427, 0.144950732588768, 0.14272834360599518], "mae": [0.2913564145565033, 0.28628674149513245, 0.29063165187835693, 0.2850419878959656, 0.2838735282421112], "mape": [215.81678771972656, 214.35617065429688, 194.3555450439453, 199.9351348876953, 204.9930877685547]}