{"loss": [0.1264164000749588, 0.12636694312095642, 0.12434641271829605, 0.12612825632095337, 0.1255064606666565], "mse": [0.1264164000749588, 0.12636694312095642, 0.12434641271829605, 0.12612825632095337, 0.1255064606666565], "mae": [0.2086552083492279, 0.20963054895401, 0.20759952068328857, 0.2061927616596222, 0.20785829424858093], "mape": [46.751441955566406, 47.04737854003906, 44.8478889465332, 46.426544189453125, 46.27432632446289]}