{"loss": [0.04698149859905243, 0.04007362201809883, 0.037038203328847885, 0.037625059485435486, 0.03393677622079849], "mse": [0.04698149859905243, 0.04007362201809883, 0.037038203328847885, 0.037625059485435486, 0.03393677622079849], "mae": [0.10827623307704926, 0.09742613881826401, 0.0944850966334343, 0.09414082020521164, 0.09385385364294052], "mape": [36.06161880493164, 35.04425048828125, 31.702085494995117, 33.85942840576172, 33.068511962890625]}