{"loss": [0.21585819125175476, 0.2126731425523758, 0.21037651598453522, 0.20433126389980316, 0.19995170831680298], "mse": [0.21585819125175476, 0.2126731425523758, 0.21037651598453522, 0.20433126389980316, 0.19995170831680298], "mae": [0.34543320536613464, 0.34735536575317383, 0.3448203206062317, 0.34107136726379395, 0.33775702118873596], "mape": [300.6947937011719, 248.03028869628906, 286.6701354980469, 215.43472290039062, 232.3265838623047]}