{"loss": [0.17075558006763458, 0.16522955894470215, 0.16321583092212677, 0.15647195279598236, 0.1548905223608017], "mse": [0.17075558006763458, 0.16522955894470215, 0.16321583092212677, 0.15647195279598236, 0.1548905223608017], "mae": [0.30963367223739624, 0.3041847348213196, 0.3015255331993103, 0.29241618514060974, 0.2906404137611389], "mape": [143.6351318359375, 131.39364624023438, 144.26292419433594, 131.71270751953125, 133.31292724609375]}