{"loss": [0.12168075889348984, 0.12162166833877563, 0.1192372515797615, 0.12084834277629852, 0.12013275921344757], "mse": [0.12168075889348984, 0.12162166833877563, 0.1192372515797615, 0.12084834277629852, 0.12013275921344757], "mae": [0.2041780948638916, 0.20417946577072144, 0.20298916101455688, 0.20102395117282867, 0.20283333957195282], "mape": [45.59130096435547, 45.783714294433594, 43.78192901611328, 45.179229736328125, 45.22252655029297]}