{"loss": [0.15509283542633057, 0.15138299763202667, 0.1506108194589615, 0.14495806396007538, 0.1450904756784439], "mse": [0.15509283542633057, 0.15138299763202667, 0.1506108194589615, 0.14495806396007538, 0.1450904756784439], "mae": [0.29069700837135315, 0.2837148904800415, 0.2820744514465332, 0.27761250734329224, 0.2783260643482208], "mape": [163.7186737060547, 155.92391967773438, 152.17041015625, 154.57264709472656, 168.92967224121094]}