{"loss": [0.07828900218009949, 0.07002352178096771, 0.06416979432106018, 0.06685788184404373, 0.05866661295294762], "mse": [0.07828900218009949, 0.07002352178096771, 0.06416979432106018, 0.06685788184404373, 0.05866661295294762], "mae": [0.1312238872051239, 0.12373826652765274, 0.12068240344524384, 0.12012501806020737, 0.11722639948129654], "mape": [39.57600021362305, 41.72774124145508, 40.165496826171875, 39.0272331237793, 40.0478630065918]}