{"loss": [0.11330640316009521, 0.11232554167509079, 0.11097179353237152, 0.11272422224283218, 0.1123889908194542], "mse": [0.11330640316009521, 0.11232554167509079, 0.11097179353237152, 0.11272422224283218, 0.1123889908194542], "mae": [0.19881436228752136, 0.19791093468666077, 0.19889317452907562, 0.1961686611175537, 0.1991630494594574], "mape": [44.08985900878906, 43.5844612121582, 43.141231536865234, 43.2692756652832, 43.61258316040039]}