{"loss": [0.07828900218009949, 0.07002351433038712, 0.06416979432106018, 0.06685788184404373, 0.058666620403528214], "mse": [0.07828900218009949, 0.07002351433038712, 0.06416979432106018, 0.06685788184404373, 0.058666620403528214], "mae": [0.1312239021062851, 0.12373824417591095, 0.12068245559930801, 0.12012496590614319, 0.11722642183303833], "mape": [39.576011657714844, 41.72773361206055, 40.165496826171875, 39.02723693847656, 40.04786682128906]}