{"loss": [0.13118596374988556, 0.11348185688257217, 0.1076575517654419, 0.1046777069568634, 0.10239023715257645], "mse": [0.13118596374988556, 0.11348185688257217, 0.1076575517654419, 0.1046777069568634, 0.10239023715257645], "mae": [0.2723318040370941, 0.25656580924987793, 0.24806824326515198, 0.24535678327083588, 0.24491837620735168], "mape": [3407.5556640625, 4051.8037109375, 4553.86474609375, 4529.5166015625, 2456.599365234375]}