{"loss": [0.3145431578159332, 0.2585256099700928, 0.23596394062042236, 0.21509642899036407, 0.17918196320533752], "mse": [0.3145431578159332, 0.2585256099700928, 0.23596394062042236, 0.21509642899036407, 0.17918196320533752], "mae": [0.1532638520002365, 0.13845250010490417, 0.12830860912799835, 0.1223570704460144, 0.11550696939229965], "mape": [68.44220733642578, 93.69215393066406, 74.81103515625, 67.63813018798828, 62.987178802490234]}