{"loss": [0.04363803565502167, 0.024078166112303734, 0.03109501488506794, 0.03681831806898117, 0.028012407943606377], "mse": [0.04363803565502167, 0.024078166112303734, 0.03109501488506794, 0.03681831806898117, 0.028012407943606377], "mae": [0.05760500952601433, 0.04720761254429817, 0.04842337593436241, 0.054497987031936646, 0.050311293452978134], "mape": [171.4854278564453, 127.06353759765625, 158.82289123535156, 149.0737762451172, 161.0684814453125]}