{"loss": [0.21381576359272003, 0.14205196499824524, 0.13391071557998657, 0.12836921215057373, 0.12096676230430603], "mse": [0.21381576359272003, 0.14205196499824524, 0.13391071557998657, 0.12836921215057373, 0.12096676230430603], "mae": [0.333233505487442, 0.2841429114341736, 0.27402180433273315, 0.2675568759441376, 0.26239901781082153], "mape": [155.3966827392578, 137.3833465576172, 122.87261199951172, 109.96830749511719, 119.25696563720703]}