{"loss": [0.10135206580162048, 0.10023532807826996, 0.09885872900485992, 0.09742730855941772, 0.09682662785053253], "mse": [0.10135206580162048, 0.10023532807826996, 0.09885872900485992, 0.09742730855941772, 0.09682662785053253], "mae": [0.22047637403011322, 0.22005131840705872, 0.21865446865558624, 0.217112198472023, 0.2150508612394333], "mape": [130.32757568359375, 117.58822631835938, 120.08635711669922, 128.78512573242188, 134.31076049804688]}