{"loss": [0.11602069437503815, 0.11520975083112717, 0.11354583501815796, 0.11506142467260361, 0.11486797034740448], "mse": [0.11602069437503815, 0.11520975083112717, 0.11354583501815796, 0.11506142467260361, 0.11486797034740448], "mae": [0.2005903124809265, 0.20022054016590118, 0.20028391480445862, 0.19778971374034882, 0.20084644854068756], "mape": [44.65970230102539, 44.34428405761719, 43.389034271240234, 43.85481643676758, 44.223201751708984]}