{"loss": [0.08037713170051575, 0.07855285704135895, 0.07922524958848953, 0.07886970788240433, 0.07832023501396179], "mse": [0.08037713170051575, 0.07855285704135895, 0.07922524958848953, 0.07886970788240433, 0.07832023501396179], "mae": [0.2187255173921585, 0.21625913679599762, 0.21678286790847778, 0.21731680631637573, 0.21781690418720245], "mape": [5109.8203125, 5768.482421875, 7710.75341796875, 7617.3095703125, 6967.27294921875]}