{"loss": [0.0927264541387558, 0.0919644683599472, 0.09200780093669891, 0.09389384090900421, 0.09082601219415665], "mse": [0.0927264541387558, 0.0919644683599472, 0.09200780093669891, 0.09389384090900421, 0.09082601219415665], "mae": [0.23652562499046326, 0.23309999704360962, 0.23355060815811157, 0.2350550889968872, 0.2316260039806366], "mape": [96.3143539428711, 107.57880401611328, 101.68290710449219, 92.29827117919922, 101.2550048828125]}