{"loss": [0.09067465364933014, 0.08823256194591522, 0.08814199268817902, 0.08832886815071106, 0.08745606243610382], "mse": [0.09067465364933014, 0.08823256194591522, 0.08814199268817902, 0.08832886815071106, 0.08745606243610382], "mae": [0.23048752546310425, 0.2281031608581543, 0.22558805346488953, 0.22736771404743195, 0.22895213961601257], "mape": [887.63720703125, 1300.0535888671875, 2200.516357421875, 1780.5650634765625, 1157.4207763671875]}