{"loss": [0.17456401884555817, 0.16938714683055878, 0.16561861336231232, 0.16100770235061646, 0.15616364777088165], "mse": [0.17456401884555817, 0.16938714683055878, 0.16561861336231232, 0.16100770235061646, 0.15616364777088165], "mae": [0.3129758834838867, 0.30765992403030396, 0.3028849959373474, 0.2994685173034668, 0.29346543550491333], "mape": [163.44110107421875, 148.6476287841797, 142.50611877441406, 149.10658264160156, 158.4915313720703]}