{"loss": [0.06891874969005585, 0.06417813152074814, 0.06847581267356873, 0.059544675052165985, 0.06262663751840591], "mse": [0.06891874969005585, 0.06417813152074814, 0.06847581267356873, 0.059544675052165985, 0.06262663751840591], "mae": [0.07158772647380829, 0.06570304930210114, 0.06816521286964417, 0.06309842318296432, 0.06502951681613922], "mape": [51.737083435058594, 53.75617980957031, 49.090091705322266, 46.64846420288086, 50.801666259765625]}