{"loss": [0.2342652678489685, 0.2335505485534668, 0.23523472249507904, 0.2306968718767166, 0.23073801398277283], "mse": [0.2342652678489685, 0.2335505485534668, 0.23523472249507904, 0.2306968718767166, 0.23073801398277283], "mae": [0.2891816794872284, 0.2873823046684265, 0.28648313879966736, 0.2860788404941559, 0.2867736220359802], "mape": [257.7529296875, 353.4095458984375, 314.58221435546875, 357.73162841796875, 371.9852294921875]}