{"loss": [0.6086738705635071, 0.4106655716896057, 0.3778296411037445, 0.35231322050094604, 0.3319648802280426], "mse": [0.6086738705635071, 0.4106655716896057, 0.3778296411037445, 0.35231322050094604, 0.3319648802280426], "mae": [0.5654770731925964, 0.46122312545776367, 0.4406890273094177, 0.4227124750614166, 0.4149896800518036], "mape": [348.9761047363281, 280.05242919921875, 264.5404357910156, 253.68373107910156, 261.1449890136719]}