{"loss": [0.12665100395679474, 0.10187746584415436, 0.08808425813913345, 0.08707667142152786, 0.07639144361019135], "mse": [0.12665100395679474, 0.10187746584415436, 0.08808425813913345, 0.08707667142152786, 0.07639144361019135], "mae": [0.15683600306510925, 0.14009878039360046, 0.1321074515581131, 0.13212236762046814, 0.12668076157569885], "mape": [44.68938446044922, 39.6003303527832, 39.471134185791016, 38.35003662109375, 34.66411590576172]}