{"loss": [0.09544577449560165, 0.09343232959508896, 0.09337296336889267, 0.09452632814645767, 0.09211039543151855], "mse": [0.09544577449560165, 0.09343232959508896, 0.09337296336889267, 0.09452632814645767, 0.09211039543151855], "mae": [0.2401673048734665, 0.23354773223400116, 0.23540695011615753, 0.23541006445884705, 0.23220305144786835], "mape": [100.40576934814453, 100.57270050048828, 98.90062713623047, 90.59778594970703, 97.82579803466797]}