{"loss": [0.2769848108291626, 0.27612584829330444, 0.27716389298439026, 0.2724249064922333, 0.27115392684936523], "mse": [0.2769848108291626, 0.27612584829330444, 0.27716389298439026, 0.2724249064922333, 0.27115392684936523], "mae": [0.30898526310920715, 0.30885201692581177, 0.3074744641780853, 0.3075580894947052, 0.30754324793815613], "mape": [254.95782470703125, 288.9400634765625, 243.26785278320312, 251.4375, 252.12364196777344]}