{"loss": [0.294531911611557, 0.291457861661911, 0.29060274362564087, 0.2839018404483795, 0.28148576617240906], "mse": [0.294531911611557, 0.291457861661911, 0.29060274362564087, 0.2839018404483795, 0.28148576617240906], "mae": [0.31965577602386475, 0.3186182677745819, 0.31505945324897766, 0.31381598114967346, 0.3133600354194641], "mape": [278.9990539550781, 303.4462585449219, 260.8705749511719, 269.83447265625, 259.8445739746094]}