{"loss": [0.08642447739839554, 0.07837256789207458, 0.08546140044927597, 0.07592988014221191, 0.07348089665174484], "mse": [0.08642447739839554, 0.07837256789207458, 0.08546140044927597, 0.07592988014221191, 0.07348089665174484], "mae": [0.08142630755901337, 0.07576613128185272, 0.07602562755346298, 0.07025740295648575, 0.07362273335456848], "mape": [158.7533416748047, 117.68086242675781, 168.3644256591797, 160.03765869140625, 175.42872619628906]}