{"loss": [0.21448306739330292, 0.20433178544044495, 0.2020566165447235, 0.19590720534324646, 0.19116517901420593], "mse": [0.21448306739330292, 0.20433178544044495, 0.2020566165447235, 0.19590720534324646, 0.19116517901420593], "mae": [0.3367694616317749, 0.32918405532836914, 0.3265838325023651, 0.3209395706653595, 0.3178156018257141], "mape": [233.82640075683594, 236.4677276611328, 215.275634765625, 202.37794494628906, 211.53472900390625]}