{"loss": [0.06495629996061325, 0.058353811502456665, 0.05419308319687843, 0.05767105519771576, 0.05018533766269684], "mse": [0.06495629996061325, 0.058353811502456665, 0.05419308319687843, 0.05767105519771576, 0.05018533766269684], "mae": [0.12063319236040115, 0.1138441264629364, 0.11231371760368347, 0.11431790143251419, 0.10968944430351257], "mape": [34.54055404663086, 33.792869567871094, 32.51144790649414, 33.64958572387695, 32.85212707519531]}