{"loss": [0.08286216855049133, 0.08084050565958023, 0.08142246305942535, 0.08119821548461914, 0.08042581379413605], "mse": [0.08286216855049133, 0.08084050565958023, 0.08142246305942535, 0.08119821548461914, 0.08042581379413605], "mae": [0.22187602519989014, 0.21876180171966553, 0.21909929811954498, 0.2200634479522705, 0.22040386497974396], "mape": [5292.99169921875, 6036.490234375, 7933.4296875, 7877.99560546875, 7201.42431640625]}