{"loss": [0.2526460289955139, 0.2515948414802551, 0.25386857986450195, 0.2492932677268982, 0.24885272979736328], "mse": [0.2526460289955139, 0.2515948414802551, 0.25386857986450195, 0.2492932677268982, 0.24885272979736328], "mae": [0.2971076965332031, 0.2964390814304352, 0.29509660601615906, 0.29567739367485046, 0.29552868008613586], "mape": [244.2928009033203, 336.8403015136719, 294.0679016113281, 354.0595703125, 355.2115783691406]}