{"loss": [0.09410114586353302, 0.09136223793029785, 0.0910440981388092, 0.09077285975217819, 0.08929073810577393], "mse": [0.09410114586353302, 0.09136223793029785, 0.0910440981388092, 0.09077285975217819, 0.08929073810577393], "mae": [0.23349890112876892, 0.23139485716819763, 0.22864265739917755, 0.22964364290237427, 0.2293754518032074], "mape": [5363.951171875, 5678.77685546875, 6960.71142578125, 7590.06201171875, 5983.29931640625]}