{"loss": [0.13106510043144226, 0.13062550127506256, 0.12810564041137695, 0.129867285490036, 0.12887626886367798], "mse": [0.13106510043144226, 0.13062550127506256, 0.12810564041137695, 0.129867285490036, 0.12887626886367798], "mae": [0.2115861028432846, 0.21176014840602875, 0.21037735044956207, 0.2087358981370926, 0.2100147008895874], "mape": [47.65765380859375, 47.81599044799805, 45.647911071777344, 47.098690032958984, 46.67995071411133]}