{"loss": [0.10995268076658249, 0.10665475577116013, 0.10682494938373566, 0.10692475736141205, 0.10360507667064667], "mse": [0.10995268076658249, 0.10665475577116013, 0.10682494938373566, 0.10692475736141205, 0.10360507667064667], "mae": [0.2527996897697449, 0.24716682732105255, 0.24884340167045593, 0.2465270608663559, 0.24383953213691711], "mape": [106.65808868408203, 111.46797943115234, 108.11235809326172, 97.48367309570312, 108.4642105102539]}