{"loss": [0.07615085691213608, 0.07035622000694275, 0.07366698235273361, 0.06355129182338715, 0.06727435439825058], "mse": [0.07615085691213608, 0.07035622000694275, 0.07366698235273361, 0.06355129182338715, 0.06727435439825058], "mae": [0.07584352046251297, 0.06891843676567078, 0.07254966348409653, 0.06514719128608704, 0.06863439828157425], "mape": [53.193695068359375, 54.616180419921875, 51.0673942565918, 46.146270751953125, 50.91468048095703]}