{"loss": [0.10838565975427628, 0.10540620982646942, 0.1063900962471962, 0.10657904297113419, 0.10289740562438965], "mse": [0.10838565975427628, 0.10540620982646942, 0.1063900962471962, 0.10657904297113419, 0.10289740562438965], "mae": [0.25325652956962585, 0.24899792671203613, 0.2497951090335846, 0.2510782778263092, 0.2458484023809433], "mape": [108.95793151855469, 118.48413848876953, 112.42610168457031, 100.84111785888672, 110.57829284667969]}