{"loss": [0.04698149859905243, 0.04007362946867943, 0.037038203328847885, 0.03762505203485489, 0.03393678739666939], "mse": [0.04698149859905243, 0.04007362946867943, 0.037038203328847885, 0.03762505203485489, 0.03393678739666939], "mae": [0.10827625542879105, 0.09742609411478043, 0.0944850966334343, 0.09414079040288925, 0.09385384619235992], "mape": [36.061622619628906, 35.04425811767578, 31.702085494995117, 33.85942840576172, 33.068511962890625]}