{"loss": [0.0445566289126873, 0.03970535099506378, 0.03659453243017197, 0.04224700480699539, 0.0355868898332119], "mse": [0.0445566289126873, 0.03970535099506378, 0.03659453243017197, 0.04224700480699539, 0.0355868898332119], "mae": [0.10315544158220291, 0.09721171110868454, 0.09372448921203613, 0.09888996183872223, 0.09385471045970917], "mape": [32.216880798339844, 32.03268051147461, 30.20471954345703, 30.853227615356445, 30.819561004638672]}