{"loss": [0.25771966576576233, 0.2562081813812256, 0.2573736011981964, 0.25195425748825073, 0.2520613968372345], "mse": [0.25771966576576233, 0.2562081813812256, 0.2573736011981964, 0.25195425748825073, 0.2520613968372345], "mae": [0.30095377564430237, 0.29938769340515137, 0.2983817160129547, 0.29839619994163513, 0.29787883162498474], "mape": [243.25241088867188, 279.891357421875, 241.14056396484375, 249.2054901123047, 248.47866821289062]}