{"loss": [0.07512497156858444, 0.06732151657342911, 0.07248621433973312, 0.06874020397663116, 0.0571422316133976], "mse": [0.07512497156858444, 0.06732151657342911, 0.07248621433973312, 0.06874020397663116, 0.0571422316133976], "mae": [0.07505263388156891, 0.0682864561676979, 0.06875789910554886, 0.06582067161798477, 0.0650692880153656], "mape": [167.53695678710938, 117.04109191894531, 160.62144470214844, 145.12893676757812, 170.07443237304688]}