{"loss": [0.05689573287963867, 0.05072939395904541, 0.04715914651751518, 0.05220459774136543, 0.04508236050605774], "mse": [0.05689573287963867, 0.05072939395904541, 0.04715914651751518, 0.05220459774136543, 0.04508236050605774], "mae": [0.1153399869799614, 0.10801725834608078, 0.10570113360881805, 0.1096506118774414, 0.10465186089277267], "mape": [34.69527053833008, 34.12177658081055, 32.37611389160156, 32.95199966430664, 32.42448425292969]}