{"loss": [0.07828900963068008, 0.07002352923154831, 0.06416979432106018, 0.06685788929462433, 0.05866663157939911], "mse": [0.07828900963068008, 0.07002352923154831, 0.06416979432106018, 0.06685788929462433, 0.05866663157939911], "mae": [0.1312239021062851, 0.12373828142881393, 0.12068245559930801, 0.12012498825788498, 0.11722641438245773], "mape": [39.57600784301758, 41.72773742675781, 40.165504455566406, 39.02723693847656, 40.047855377197266]}