{"loss": [0.255199134349823, 0.24241411685943604, 0.2334568053483963, 0.22190003097057343, 0.21277223527431488], "mse": [0.255199134349823, 0.24241411685943604, 0.2334568053483963, 0.22190003097057343, 0.21277223527431488], "mae": [0.38652732968330383, 0.3784981071949005, 0.36948448419570923, 0.3631506860256195, 0.3528788983821869], "mape": [199.29823303222656, 187.19232177734375, 181.8550567626953, 186.06472778320312, 185.9762420654297]}