{"loss": [0.1552395075559616, 0.15470288693904877, 0.15149009227752686, 0.14871211349964142, 0.1446451097726822], "mse": [0.1552395075559616, 0.15470288693904877, 0.15149009227752686, 0.14871211349964142, 0.1446451097726822], "mae": [0.2886166572570801, 0.28780972957611084, 0.2846739888191223, 0.2810671031475067, 0.27638062834739685], "mape": [340.597900390625, 249.98179626464844, 265.5610046386719, 249.39645385742188, 259.46600341796875]}