{"loss": [0.22106586396694183, 0.2173343151807785, 0.21444743871688843, 0.21076804399490356, 0.20648442208766937], "mse": [0.22106586396694183, 0.2173343151807785, 0.21444743871688843, 0.21076804399490356, 0.20648442208766937], "mae": [0.35477498173713684, 0.3521743714809418, 0.34857064485549927, 0.34872469305992126, 0.3460972011089325], "mape": [307.7256164550781, 263.3246765136719, 298.1199035644531, 250.01646423339844, 258.2819519042969]}