{"loss": [0.06815230846405029, 0.059567783027887344, 0.05563295632600784, 0.05823507159948349, 0.05052923783659935], "mse": [0.06815230846405029, 0.059567783027887344, 0.05563295632600784, 0.05823507159948349, 0.05052923783659935], "mae": [0.1254308819770813, 0.11665477603673935, 0.1140274628996849, 0.1132776215672493, 0.1112978458404541], "mape": [39.16562271118164, 40.57692337036133, 38.11680603027344, 38.29793930053711, 38.642154693603516]}