{"loss": [0.1882353574037552, 0.14037537574768066, 0.1308986246585846, 0.12614254653453827, 0.11904939264059067], "mse": [0.1882353574037552, 0.14037537574768066, 0.1308986246585846, 0.12614254653453827, 0.11904939264059067], "mae": [0.32885468006134033, 0.28610411286354065, 0.2748784124851227, 0.2694307863712311, 0.2637120485305786], "mape": [148.81044006347656, 145.129638671875, 133.7239532470703, 115.4557113647461, 128.4310760498047]}