{"loss": [0.18966317176818848, 0.18728095293045044, 0.18474462628364563, 0.18199975788593292, 0.17839623987674713], "mse": [0.18966317176818848, 0.18728095293045044, 0.18474462628364563, 0.18199975788593292, 0.17839623987674713], "mae": [0.3235643804073334, 0.3228146731853485, 0.3200353980064392, 0.3200986981391907, 0.31909382343292236], "mape": [282.80401611328125, 221.96115112304688, 264.0716857910156, 199.24398803710938, 224.4647979736328]}