{"loss": [0.0620463527739048, 0.05795610696077347, 0.06219051778316498, 0.05541151762008667, 0.058506108820438385], "mse": [0.0620463527739048, 0.05795610696077347, 0.06219051778316498, 0.05541151762008667, 0.058506108820438385], "mae": [0.06692475825548172, 0.06146581098437309, 0.06516210734844208, 0.06055503338575363, 0.06486105918884277], "mape": [57.70488357543945, 47.733097076416016, 50.54671096801758, 45.89341354370117, 51.378990173339844]}