{"loss": [0.5146568417549133, 0.3909868001937866, 0.35766419768333435, 0.336650013923645, 0.3239096403121948], "mse": [0.5146568417549133, 0.3909868001937866, 0.35766419768333435, 0.336650013923645, 0.3239096403121948], "mae": [0.5510866641998291, 0.49090418219566345, 0.4670984447002411, 0.4520482122898102, 0.44174474477767944], "mape": [583.3982543945312, 429.25054931640625, 423.11737060546875, 355.4933166503906, 380.4861755371094]}