{"loss": [0.33224257826805115, 0.2660100758075714, 0.2413565069437027, 0.21367736160755157, 0.18623022735118866], "mse": [0.33224257826805115, 0.2660100758075714, 0.2413565069437027, 0.21367736160755157, 0.18623022735118866], "mae": [0.15769262611865997, 0.14175157248973846, 0.1303987354040146, 0.11691391468048096, 0.11122212558984756], "mape": [165.516845703125, 307.49517822265625, 226.58636474609375, 199.40866088867188, 157.9339141845703]}