{"loss": [0.24066075682640076, 0.23691090941429138, 0.23282460868358612, 0.22896753251552582, 0.2242797315120697], "mse": [0.24066075682640076, 0.23691090941429138, 0.23282460868358612, 0.22896753251552582, 0.2242797315120697], "mae": [0.3722694218158722, 0.3708849847316742, 0.3660919964313507, 0.36543983221054077, 0.36147716641426086], "mape": [327.45001220703125, 296.4012756347656, 317.95208740234375, 272.08154296875, 279.4678039550781]}