{"loss": [0.17691387236118317, 0.17510953545570374, 0.17212408781051636, 0.17007125914096832, 0.16651175916194916], "mse": [0.17691387236118317, 0.17510953545570374, 0.17212408781051636, 0.17007125914096832, 0.16651175916194916], "mae": [0.30989569425582886, 0.3117058277130127, 0.30796027183532715, 0.3080320358276367, 0.3072720766067505], "mape": [272.3127136230469, 204.88467407226562, 241.47348022460938, 172.21900939941406, 206.6604766845703]}