{"loss": [0.21381571888923645, 0.14205200970172882, 0.13391070067882538, 0.12836918234825134, 0.12096677720546722], "mse": [0.21381571888923645, 0.14205200970172882, 0.13391070067882538, 0.12836918234825134, 0.12096677720546722], "mae": [0.333233505487442, 0.28414294123649597, 0.2740218937397003, 0.26755690574645996, 0.26239898800849915], "mape": [155.39669799804688, 137.3833465576172, 122.87261199951172, 109.96830749511719, 119.25689697265625]}