{"loss": [0.06891874969005585, 0.06417815387248993, 0.06847579032182693, 0.05954468995332718, 0.06262661516666412], "mse": [0.06891874969005585, 0.06417815387248993, 0.06847579032182693, 0.05954468995332718, 0.06262661516666412], "mae": [0.07158773392438889, 0.06570308655500412, 0.06816519796848297, 0.06309843808412552, 0.06502953916788101], "mape": [51.73704528808594, 53.756160736083984, 49.09003829956055, 46.64845657348633, 50.8016471862793]}