{"loss": [0.2526460289955139, 0.2515948414802551, 0.25386855006217957, 0.24929331243038177, 0.24885272979736328], "mse": [0.2526460289955139, 0.2515948414802551, 0.25386855006217957, 0.24929331243038177, 0.24885272979736328], "mae": [0.29710766673088074, 0.29643914103507996, 0.29509657621383667, 0.29567742347717285, 0.29552868008613586], "mape": [244.2928009033203, 336.8402404785156, 294.0678405761719, 354.0596618652344, 355.2115173339844]}