{"loss": [0.06495628505945206, 0.058353811502456665, 0.05419308692216873, 0.057671066373586655, 0.05018533766269684], "mse": [0.06495628505945206, 0.058353811502456665, 0.05419308692216873, 0.057671066373586655, 0.05018533766269684], "mae": [0.12063319236040115, 0.11384408921003342, 0.11231378465890884, 0.11431790143251419, 0.10968942195177078], "mape": [34.540557861328125, 33.79286193847656, 32.511444091796875, 33.649574279785156, 32.85212707519531]}