{"loss": [0.23446966707706451, 0.23391716182231903, 0.23544912040233612, 0.2313677966594696, 0.23101834952831268], "mse": [0.23446966707706451, 0.23391716182231903, 0.23544912040233612, 0.2313677966594696, 0.23101834952831268], "mae": [0.2910212278366089, 0.28883346915245056, 0.28628483414649963, 0.2877897024154663, 0.28632810711860657], "mape": [237.09970092773438, 279.37261962890625, 237.79034423828125, 255.91806030273438, 248.66822814941406]}