{"loss": [0.13264714181423187, 0.13213257491588593, 0.1297430396080017, 0.13146276772022247, 0.13051238656044006], "mse": [0.13264714181423187, 0.13213257491588593, 0.1297430396080017, 0.13146276772022247, 0.13051238656044006], "mae": [0.2134777158498764, 0.21348387002944946, 0.2120349258184433, 0.21010804176330566, 0.21175408363342285], "mape": [48.09798049926758, 48.22262191772461, 46.12629318237305, 47.46829605102539, 47.134925842285156]}