{"loss": [0.29414889216423035, 0.28444719314575195, 0.2830497622489929, 0.277018666267395, 0.27025455236434937], "mse": [0.29414889216423035, 0.28444719314575195, 0.2830497622489929, 0.277018666267395, 0.27025455236434937], "mae": [0.39397409558296204, 0.3843873143196106, 0.3847879469394684, 0.37766334414482117, 0.3764519691467285], "mape": [243.64456176757812, 233.3952178955078, 238.8456573486328, 230.83987426757812, 233.30526733398438]}