{"loss": [0.09355456382036209, 0.0928797647356987, 0.09098555892705917, 0.09224684536457062, 0.08991072326898575], "mse": [0.09355456382036209, 0.0928797647356987, 0.09098555892705917, 0.09224684536457062, 0.08991072326898575], "mae": [0.2339600920677185, 0.2310112863779068, 0.22871151566505432, 0.2306434065103531, 0.22892652451992035], "mape": [69.02861785888672, 70.3382797241211, 71.01689147949219, 72.22978210449219, 71.91709899902344]}