{"loss": [0.418701708316803, 0.17361140251159668, 0.15032707154750824, 0.14450982213020325, 0.13931047916412354], "mse": [0.418701708316803, 0.17361140251159668, 0.15032707154750824, 0.14450982213020325, 0.13931047916412354], "mae": [0.45844241976737976, 0.23733602464199066, 0.22188566625118256, 0.21742196381092072, 0.2156994640827179], "mape": [71.20510864257812, 50.9344482421875, 47.159080505371094, 48.52448272705078, 47.718406677246094]}