{"loss": [0.22650852799415588, 0.2178955227136612, 0.21286021173000336, 0.20377163589000702, 0.19882968068122864], "mse": [0.22650852799415588, 0.2178955227136612, 0.21286021173000336, 0.20377163589000702, 0.19882968068122864], "mae": [0.36153072118759155, 0.35348546504974365, 0.3519067168235779, 0.34171852469444275, 0.33673375844955444], "mape": [164.9405975341797, 145.27554321289062, 161.98593139648438, 145.3385467529297, 153.4541473388672]}