{"loss": [0.3858122229576111, 0.33555155992507935, 0.3206440210342407, 0.3085247874259949, 0.300619900226593], "mse": [0.3858122229576111, 0.33555155992507935, 0.3206440210342407, 0.3085247874259949, 0.300619900226593], "mae": [0.37504491209983826, 0.3476959466934204, 0.3357420861721039, 0.3296605944633484, 0.3252541422843933], "mape": [389.92279052734375, 361.9686584472656, 302.5208740234375, 310.22515869140625, 285.50384521484375]}