{"loss": [0.5146569013595581, 0.39098674058914185, 0.35766419768333435, 0.33664998412132263, 0.3239096403121948], "mse": [0.5146569013595581, 0.39098674058914185, 0.35766419768333435, 0.33664998412132263, 0.3239096403121948], "mae": [0.5510866045951843, 0.49090415239334106, 0.4670984745025635, 0.45204827189445496, 0.44174474477767944], "mape": [583.3981323242188, 429.2504577636719, 423.11737060546875, 355.4933166503906, 380.4861755371094]}