{"loss": [0.09883454442024231, 0.09645236283540726, 0.09647185355424881, 0.09735582023859024, 0.09488384425640106], "mse": [0.09883454442024231, 0.09645236283540726, 0.09647185355424881, 0.09735582023859024, 0.09488384425640106], "mae": [0.2439051866531372, 0.23645912110805511, 0.23871919512748718, 0.23868702352046967, 0.23505811393260956], "mape": [101.96302032470703, 101.77960205078125, 99.78623962402344, 91.52005767822266, 98.45743560791016]}