{"loss": [0.210219606757164, 0.20519034564495087, 0.2039390206336975, 0.19904029369354248, 0.1931689977645874], "mse": [0.210219606757164, 0.20519034564495087, 0.2039390206336975, 0.19904029369354248, 0.1931689977645874], "mae": [0.3318907916545868, 0.3268957734107971, 0.3273879885673523, 0.32225582003593445, 0.3187338411808014], "mape": [213.16436767578125, 210.5404052734375, 209.51290893554688, 203.4838409423828, 202.83668518066406]}