{"loss": [0.1013520359992981, 0.10023530572652817, 0.09885872155427933, 0.09742731600999832, 0.09682666510343552], "mse": [0.1013520359992981, 0.10023530572652817, 0.09885872155427933, 0.09742731600999832, 0.09682666510343552], "mae": [0.22047638893127441, 0.22005131840705872, 0.21865445375442505, 0.21711216866970062, 0.21505087614059448], "mape": [130.32752990722656, 117.58814239501953, 120.08634948730469, 128.78517150878906, 134.31076049804688]}