{"loss": [0.0857025757431984, 0.08356393128633499, 0.08400218933820724, 0.08388306945562363, 0.08290571719408035], "mse": [0.0857025757431984, 0.08356393128633499, 0.08400218933820724, 0.08388306945562363, 0.08290571719408035], "mae": [0.2250514179468155, 0.22192968428134918, 0.22159884870052338, 0.2227245569229126, 0.22283528745174408], "mape": [5255.6328125, 5975.36376953125, 7761.984375, 7921.8662109375, 7030.80419921875]}