{"loss": [0.13153095543384552, 0.13121099770069122, 0.12887926399707794, 0.13057784736156464, 0.1297515630722046], "mse": [0.13153095543384552, 0.13121099770069122, 0.12887926399707794, 0.13057784736156464, 0.1297515630722046], "mae": [0.21275581419467926, 0.21310605108737946, 0.21148136258125305, 0.2096254676580429, 0.21130262315273285], "mape": [47.76160430908203, 47.97822570800781, 45.856842041015625, 47.194580078125, 46.920814514160156]}