{"loss": [0.043209660798311234, 0.03672097623348236, 0.033494140952825546, 0.034413713961839676, 0.031158175319433212], "mse": [0.043209660798311234, 0.03672097623348236, 0.033494140952825546, 0.034413713961839676, 0.031158175319433212], "mae": [0.10339665412902832, 0.09385954588651657, 0.09015494585037231, 0.09054240584373474, 0.08979394286870956], "mape": [34.40934753417969, 33.35687255859375, 30.3377742767334, 32.48591995239258, 31.696359634399414]}