{"loss": [0.08410637825727463, 0.08336067199707031, 0.0828644186258316, 0.0840098038315773, 0.0819854810833931], "mse": [0.08410637825727463, 0.08336067199707031, 0.0828644186258316, 0.0840098038315773, 0.0819854810833931], "mae": [0.2263961136341095, 0.2217189371585846, 0.2225591093301773, 0.22312553226947784, 0.21980851888656616], "mape": [95.53870391845703, 97.1972885131836, 95.90650939941406, 88.26136016845703, 96.47552490234375]}