{"loss": [0.11602070182561874, 0.11520972847938538, 0.11354581266641617, 0.11506140977144241, 0.11486798524856567], "mse": [0.11602070182561874, 0.11520972847938538, 0.11354581266641617, 0.11506140977144241, 0.11486798524856567], "mae": [0.20059029757976532, 0.20022046566009521, 0.20028391480445862, 0.1977897584438324, 0.20084647834300995], "mape": [44.65970230102539, 44.34428405761719, 43.389034271240234, 43.85480880737305, 44.223201751708984]}