{"loss": [0.06130893528461456, 0.05290786549448967, 0.04954478144645691, 0.05199109762907028, 0.0450209304690361], "mse": [0.06130893528461456, 0.05290786549448967, 0.04954478144645691, 0.05199109762907028, 0.0450209304690361], "mae": [0.12033270299434662, 0.11048192530870438, 0.10805030167102814, 0.10794292390346527, 0.10648058354854584], "mape": [38.3256950378418, 38.97534942626953, 35.850547790527344, 37.20748519897461, 37.39701843261719]}