{"loss": [0.07818853110074997, 0.07662499696016312, 0.07727489620447159, 0.07676535099744797, 0.07640612125396729], "mse": [0.07818853110074997, 0.07662499696016312, 0.07727489620447159, 0.07676535099744797, 0.07640612125396729], "mae": [0.2157546579837799, 0.2142847627401352, 0.21428509056568146, 0.21455462276935577, 0.21533076465129852], "mape": [4666.0478515625, 5211.779296875, 7225.29296875, 7231.4755859375, 6447.58935546875]}