{"loss": [0.19447971880435944, 0.18812739849090576, 0.18478073179721832, 0.17703761160373688, 0.1742667555809021], "mse": [0.19447971880435944, 0.18812739849090576, 0.18478073179721832, 0.17703761160373688, 0.1742667555809021], "mae": [0.33349594473838806, 0.3264731168746948, 0.32397520542144775, 0.31430092453956604, 0.3110417425632477], "mape": [154.69833374023438, 140.70582580566406, 154.7368621826172, 138.6597900390625, 142.14163208007812]}