{"loss": [0.07828900218009949, 0.07002351433038712, 0.06416977941989899, 0.06685788929462433, 0.05866663157939911], "mse": [0.07828900218009949, 0.07002351433038712, 0.06416977941989899, 0.06685788929462433, 0.05866663157939911], "mae": [0.1312239021062851, 0.12373829632997513, 0.12068244814872742, 0.12012498825788498, 0.11722641438245773], "mape": [39.57600021362305, 41.72773742675781, 40.165496826171875, 39.02723693847656, 40.04788589477539]}