{"loss": [0.08725960552692413, 0.08679815381765366, 0.085625059902668, 0.08673841506242752, 0.08515209704637527], "mse": [0.08725960552692413, 0.08679815381765366, 0.085625059902668, 0.08673841506242752, 0.08515209704637527], "mae": [0.22503583133220673, 0.2216135710477829, 0.22228889167308807, 0.22300899028778076, 0.22185933589935303], "mape": [68.75067138671875, 67.1460952758789, 69.06535339355469, 71.613037109375, 70.41281127929688]}