{"loss": [0.14503833651542664, 0.13685353100299835, 0.1333661526441574, 0.1347055584192276, 0.13344547152519226], "mse": [0.14503833651542664, 0.13685353100299835, 0.1333661526441574, 0.1347055584192276, 0.13344547152519226], "mae": [0.22424639761447906, 0.2158903330564499, 0.21403706073760986, 0.21239705383777618, 0.213539257645607], "mape": [49.25856018066406, 48.73966979980469, 46.41658401489258, 47.86635208129883, 47.48823165893555]}