{"loss": [0.22106586396694183, 0.21733428537845612, 0.214447483420372, 0.21076808869838715, 0.20648445188999176], "mse": [0.22106586396694183, 0.21733428537845612, 0.214447483420372, 0.21076808869838715, 0.20648445188999176], "mae": [0.3547750413417816, 0.3521743714809418, 0.3485706150531769, 0.34872469305992126, 0.34609729051589966], "mape": [307.7256164550781, 263.3246765136719, 298.1198425292969, 250.01651000976562, 258.281982421875]}