{"loss": [0.06891873478889465, 0.06417812407016754, 0.06847581267356873, 0.05954469367861748, 0.06262662261724472], "mse": [0.06891873478889465, 0.06417812407016754, 0.06847581267356873, 0.05954469367861748, 0.06262662261724472], "mae": [0.0715877115726471, 0.06570309400558472, 0.06816519051790237, 0.06309841573238373, 0.06502950936555862], "mape": [51.737056732177734, 53.75617599487305, 49.09003448486328, 46.64850997924805, 50.801692962646484]}