{"loss": [0.1397072672843933, 0.11725933104753494, 0.11062323302030563, 0.10738953948020935, 0.10442543029785156], "mse": [0.1397072672843933, 0.11725933104753494, 0.11062323302030563, 0.10738953948020935, 0.10442543029785156], "mae": [0.28995195031166077, 0.26475128531455994, 0.2547231614589691, 0.25018060207366943, 0.24832525849342346], "mape": [91.7643051147461, 81.00904846191406, 76.70365142822266, 77.02281188964844, 76.36243438720703]}