{"loss": [0.09410113096237183, 0.09136225283145905, 0.0910440981388092, 0.09077286720275879, 0.08929074555635452], "mse": [0.09410113096237183, 0.09136225283145905, 0.0910440981388092, 0.09077286720275879, 0.08929074555635452], "mae": [0.23349890112876892, 0.23139481246471405, 0.22864265739917755, 0.22964364290237427, 0.2293754518032074], "mape": [5363.951171875, 5678.7734375, 6960.708984375, 7590.05712890625, 5983.30224609375]}