{"loss": [0.16952262818813324, 0.1643083095550537, 0.1638573557138443, 0.1601276844739914, 0.1574171483516693], "mse": [0.16952262818813324, 0.1643083095550537, 0.1638573557138443, 0.1601276844739914, 0.1574171483516693], "mae": [0.30369284749031067, 0.29800012707710266, 0.30340996384620667, 0.2986905872821808, 0.2963756322860718], "mape": [222.0042266845703, 220.05496215820312, 203.82894897460938, 206.9335479736328, 213.21197509765625]}