{"loss": [0.294531911611557, 0.29145780205726624, 0.29060274362564087, 0.2839018404483795, 0.28148576617240906], "mse": [0.294531911611557, 0.29145780205726624, 0.29060274362564087, 0.2839018404483795, 0.28148576617240906], "mae": [0.31965577602386475, 0.3186182677745819, 0.3150594234466553, 0.31381601095199585, 0.31335997581481934], "mape": [278.9990539550781, 303.44622802734375, 260.87066650390625, 269.83441162109375, 259.84454345703125]}