{"loss": [0.28010937571525574, 0.2643306851387024, 0.25400054454803467, 0.2416975498199463, 0.2328972965478897], "mse": [0.28010937571525574, 0.2643306851387024, 0.25400054454803467, 0.2416975498199463, 0.2328972965478897], "mae": [0.40591415762901306, 0.3923273980617523, 0.38686051964759827, 0.3759039342403412, 0.3698410391807556], "mape": [179.73062133789062, 162.55746459960938, 171.98263549804688, 163.0636444091797, 169.18283081054688]}