{"loss": [0.10141944140195847, 0.09870512783527374, 0.09782243520021439, 0.09712278842926025, 0.09488609433174133], "mse": [0.10141944140195847, 0.09870512783527374, 0.09782243520021439, 0.09712278842926025, 0.09488609433174133], "mae": [0.24340152740478516, 0.23905955255031586, 0.2364879697561264, 0.2358478605747223, 0.23503263294696808], "mape": [75.16378784179688, 72.41482543945312, 76.67057800292969, 76.84248352050781, 74.75714874267578]}