{"loss": [0.118513323366642, 0.11826925724744797, 0.11580643057823181, 0.11729022115468979, 0.11670227348804474], "mse": [0.118513323366642, 0.11826925724744797, 0.11580643057823181, 0.11729022115468979, 0.11670227348804474], "mae": [0.20164784789085388, 0.2008330225944519, 0.20022034645080566, 0.19801515340805054, 0.20031258463859558], "mape": [45.04231643676758, 45.029457092285156, 43.24111557006836, 44.46657943725586, 44.73567581176758]}