{"loss": [0.2916638255119324, 0.2891853451728821, 0.28907063603401184, 0.283862829208374, 0.2819669544696808], "mse": [0.2916638255119324, 0.2891853451728821, 0.28907063603401184, 0.283862829208374, 0.2819669544696808], "mae": [0.31618914008140564, 0.3164820671081543, 0.31419476866722107, 0.3129694163799286, 0.3130601644515991], "mape": [263.3499755859375, 292.1181640625, 252.3220977783203, 257.2586975097656, 254.7753143310547]}