{"loss": [0.09463219344615936, 0.0920272246003151, 0.09166843444108963, 0.09168050438165665, 0.09082122892141342], "mse": [0.09463219344615936, 0.0920272246003151, 0.09166843444108963, 0.09168050438165665, 0.09082122892141342], "mae": [0.23500636219978333, 0.23282192647457123, 0.22973155975341797, 0.23089151084423065, 0.2325267195701599], "mape": [1176.24658203125, 1463.341064453125, 2260.472412109375, 1909.2335205078125, 998.2518920898438]}