{"loss": [0.17446212470531464, 0.1666536033153534, 0.16475151479244232, 0.15889506042003632, 0.15585514903068542], "mse": [0.17446212470531464, 0.1666536033153534, 0.16475151479244232, 0.15889506042003632, 0.15585514903068542], "mae": [0.3064621388912201, 0.2986006736755371, 0.2956700921058655, 0.2893871068954468, 0.28923478722572327], "mape": [200.53414916992188, 201.91177368164062, 193.12506103515625, 208.73243713378906, 205.2359619140625]}