{"loss": [0.09229112416505814, 0.09134486317634583, 0.0911039263010025, 0.0914526954293251, 0.08920444548130035], "mse": [0.09229112416505814, 0.09134486317634583, 0.0911039263010025, 0.0914526954293251, 0.08920444548130035], "mae": [0.23161984980106354, 0.22890780866146088, 0.228518545627594, 0.22823242843151093, 0.22709470987319946], "mape": [71.03239440917969, 69.012939453125, 72.3251724243164, 73.03771209716797, 70.56389617919922]}