{"loss": [0.29414883255958557, 0.28444716334342957, 0.28304970264434814, 0.277018666267395, 0.270254522562027], "mse": [0.29414883255958557, 0.28444716334342957, 0.28304970264434814, 0.277018666267395, 0.270254522562027], "mae": [0.3939740061759949, 0.3843872845172882, 0.3847879469394684, 0.37766334414482117, 0.37645190954208374], "mape": [243.6445770263672, 233.39523315429688, 238.8456573486328, 230.8399200439453, 233.3052978515625]}