{"loss": [0.5242359638214111, 0.38726601004600525, 0.34627777338027954, 0.31712639331817627, 0.29508063197135925], "mse": [0.5242359638214111, 0.38726601004600525, 0.34627777338027954, 0.31712639331817627, 0.29508063197135925], "mae": [0.5505040884017944, 0.47567102313041687, 0.45424309372901917, 0.4320526421070099, 0.4164886772632599], "mape": [266.2088928222656, 219.41432189941406, 210.93922424316406, 195.7799530029297, 185.1556396484375]}