{"loss": [0.5242359638214111, 0.38726598024368286, 0.3462778627872467, 0.31712639331817627, 0.29508060216903687], "mse": [0.5242359638214111, 0.38726598024368286, 0.3462778627872467, 0.31712639331817627, 0.29508060216903687], "mae": [0.5505040884017944, 0.47567102313041687, 0.45424318313598633, 0.4320526421070099, 0.4164887070655823], "mape": [266.2089538574219, 219.414306640625, 210.939208984375, 195.7799530029297, 185.1556396484375]}