{"loss": [0.13953086733818054, 0.13526582717895508, 0.13472191989421844, 0.13210411369800568, 0.13035477697849274], "mse": [0.13953086733818054, 0.13526582717895508, 0.13472191989421844, 0.13210411369800568, 0.13035477697849274], "mae": [0.27953243255615234, 0.2741154134273529, 0.2774537205696106, 0.27171722054481506, 0.2708875238895416], "mape": [206.36410522460938, 208.7679901123047, 186.0628662109375, 191.5034637451172, 195.5059356689453]}