{"loss": [0.10939814895391464, 0.10623002797365189, 0.10600464046001434, 0.10572267323732376, 0.10263173282146454], "mse": [0.10939814895391464, 0.10623002797365189, 0.10600464046001434, 0.10572267323732376, 0.10263173282146454], "mae": [0.2529650032520294, 0.2463054060935974, 0.2488904446363449, 0.24676434695720673, 0.24279473721981049], "mape": [108.42158508300781, 107.7647476196289, 104.07947540283203, 94.58556365966797, 101.78582763671875]}