{"loss": [0.07481629401445389, 0.07313775271177292, 0.0736391544342041, 0.07341139763593674, 0.07262326776981354], "mse": [0.07481629401445389, 0.07313775271177292, 0.0736391544342041, 0.07341139763593674, 0.07262326776981354], "mae": [0.21133121848106384, 0.2107866406440735, 0.20887665450572968, 0.21013033390045166, 0.21016182005405426], "mape": [1750.6217041015625, 2790.357421875, 3762.8388671875, 2713.997802734375, 2991.42333984375]}