{"loss": [0.09223368763923645, 0.09075669199228287, 0.08941422402858734, 0.09183916449546814, 0.08927404880523682], "mse": [0.09223368763923645, 0.09075669199228287, 0.08941422402858734, 0.09183916449546814, 0.08927404880523682], "mae": [0.2354545295238495, 0.2301209717988968, 0.22840231657028198, 0.23056365549564362, 0.22890883684158325], "mape": [103.68341064453125, 106.32962799072266, 102.05327606201172, 93.99835968017578, 102.934814453125]}