{"loss": [0.08286216855049133, 0.08084051311016083, 0.08142245560884476, 0.08119823038578033, 0.08042582869529724], "mse": [0.08286216855049133, 0.08084051311016083, 0.08142245560884476, 0.08119823038578033, 0.08042582869529724], "mae": [0.22187602519989014, 0.21876180171966553, 0.21909920871257782, 0.2200634628534317, 0.22040383517742157], "mape": [5292.994140625, 6036.490234375, 7933.4306640625, 7877.99072265625, 7201.4248046875]}