{"loss": [0.524394690990448, 0.396528035402298, 0.3581314980983734, 0.3343116044998169, 0.31450343132019043], "mse": [0.524394690990448, 0.396528035402298, 0.3581314980983734, 0.3343116044998169, 0.31450343132019043], "mae": [0.5541980266571045, 0.48744699358940125, 0.4654894769191742, 0.44795340299606323, 0.43155980110168457], "mape": [579.4917602539062, 409.63372802734375, 404.13702392578125, 324.5367736816406, 341.9580993652344]}