{"loss": [0.14419278502464294, 0.14359025657176971, 0.14093303680419922, 0.13825289905071259, 0.1338503658771515], "mse": [0.14419278502464294, 0.14359025657176971, 0.14093303680419922, 0.13825289905071259, 0.1338503658771515], "mae": [0.27789005637168884, 0.2760782241821289, 0.2730102241039276, 0.2696674168109894, 0.2638731300830841], "mape": [345.3815002441406, 240.88394165039062, 257.250244140625, 251.91656494140625, 250.28810119628906]}