{"loss": [0.10246311128139496, 0.09879530221223831, 0.09708689898252487, 0.09652071446180344, 0.09466834366321564], "mse": [0.10246311128139496, 0.09879530221223831, 0.09708689898252487, 0.09652071446180344, 0.09466834366321564], "mae": [0.2438432276248932, 0.23960670828819275, 0.23497959971427917, 0.23597857356071472, 0.23608951270580292], "mape": [738.2394409179688, 934.7052612304688, 2012.105224609375, 2665.30029296875, 649.9242553710938]}