{"loss": [0.13514217734336853, 0.12717825174331665, 0.12801365554332733, 0.1240377202630043, 0.12171466648578644], "mse": [0.13514217734336853, 0.12717825174331665, 0.12801365554332733, 0.1240377202630043, 0.12171466648578644], "mae": [0.2747780978679657, 0.2622224986553192, 0.2613612413406372, 0.25551652908325195, 0.2549513876438141], "mape": [202.59107971191406, 204.76455688476562, 196.76345825195312, 210.23483276367188, 203.34918212890625]}