{"loss": [0.04363803565502167, 0.02407817728817463, 0.031094999983906746, 0.03681822493672371, 0.028012435883283615], "mse": [0.04363803565502167, 0.02407817728817463, 0.031094999983906746, 0.03681822493672371, 0.028012435883283615], "mae": [0.05760497599840164, 0.04720763862133026, 0.048423364758491516, 0.05449794605374336, 0.050311312079429626], "mape": [171.48558044433594, 127.06361389160156, 158.8228302001953, 149.0738067626953, 161.06814575195312]}