{"loss": [0.13953085243701935, 0.13526584208011627, 0.13472193479537964, 0.13210409879684448, 0.13035482168197632], "mse": [0.13953085243701935, 0.13526584208011627, 0.13472193479537964, 0.13210409879684448, 0.13035482168197632], "mae": [0.2795324921607971, 0.2741154432296753, 0.2774537205696106, 0.27171728014945984, 0.27088746428489685], "mape": [206.36410522460938, 208.7680206298828, 186.06289672851562, 191.50343322753906, 195.50595092773438]}