{"loss": [0.20406411588191986, 0.20091858506202698, 0.19859382510185242, 0.19529643654823303, 0.1914658397436142], "mse": [0.20406411588191986, 0.20091858506202698, 0.19859382510185242, 0.19529643654823303, 0.1914658397436142], "mae": [0.338891863822937, 0.3361087143421173, 0.33319398760795593, 0.3336648941040039, 0.33185070753097534], "mape": [293.7870178222656, 239.99510192871094, 282.0433044433594, 227.40411376953125, 241.29917907714844]}