{"loss": [0.08564228564500809, 0.0847802609205246, 0.08317731320858002, 0.08552298694849014, 0.08339943736791611], "mse": [0.08564228564500809, 0.0847802609205246, 0.08317731320858002, 0.08552298694849014, 0.08339943736791611], "mae": [0.22797583043575287, 0.2234226018190384, 0.22122974693775177, 0.22342701256275177, 0.2220669686794281], "mape": [100.98115539550781, 102.3532943725586, 98.58747100830078, 91.78807067871094, 99.74137115478516]}