{"loss": [0.13109470903873444, 0.13061894476413727, 0.12809737026691437, 0.12985725700855255, 0.12886449694633484], "mse": [0.13109470903873444, 0.13061894476413727, 0.12809737026691437, 0.12985725700855255, 0.12886449694633484], "mae": [0.21160942316055298, 0.21175749599933624, 0.21037645637989044, 0.20873267948627472, 0.21001023054122925], "mape": [47.658782958984375, 47.8136100769043, 45.64492416381836, 47.09603500366211, 46.67627716064453]}