{"loss": [0.11290521919727325, 0.11232835054397583, 0.11057707667350769, 0.11219917982816696, 0.1117541715502739], "mse": [0.11290521919727325, 0.11232835054397583, 0.11057707667350769, 0.11219917982816696, 0.1117541715502739], "mae": [0.1984443962574005, 0.19744448363780975, 0.19793207943439484, 0.19516727328300476, 0.19817174971103668], "mape": [44.01366424560547, 43.607749938964844, 42.46559143066406, 43.261558532714844, 43.70387268066406]}