{"loss": [0.33458206057548523, 0.32012417912483215, 0.3161472678184509, 0.30759483575820923, 0.3002949357032776], "mse": [0.33458206057548523, 0.32012417912483215, 0.3161472678184509, 0.30759483575820923, 0.3002949357032776], "mae": [0.42105287313461304, 0.4090135395526886, 0.4072129726409912, 0.3986963629722595, 0.3986230194568634], "mape": [247.01385498046875, 238.76356506347656, 245.1416778564453, 237.19894409179688, 240.90895080566406]}