{"loss": [0.13590839505195618, 0.13203345239162445, 0.13171546161174774, 0.12648141384124756, 0.126310333609581], "mse": [0.13590839505195618, 0.13203345239162445, 0.13171546161174774, 0.12648141384124756, 0.126310333609581], "mae": [0.2717483639717102, 0.26741546392440796, 0.26776865124702454, 0.2591099143028259, 0.25959762930870056], "mape": [123.45513153076172, 114.9038314819336, 130.09523010253906, 122.47856903076172, 124.7463150024414]}