{"loss": [0.20617374777793884, 0.1984451711177826, 0.19271966814994812, 0.18526184558868408, 0.17867358028888702], "mse": [0.20617374777793884, 0.1984451711177826, 0.19271966814994812, 0.18526184558868408, 0.17867358028888702], "mae": [0.34452494978904724, 0.33855879306793213, 0.33119192719459534, 0.3269060552120209, 0.3187501132488251], "mape": [181.14459228515625, 165.90492248535156, 154.2823486328125, 161.85763549804688, 167.4228057861328]}