{"loss": [0.0848684012889862, 0.0844605416059494, 0.08328987658023834, 0.0845939964056015, 0.08294980227947235], "mse": [0.0848684012889862, 0.0844605416059494, 0.08328987658023834, 0.0845939964056015, 0.08294980227947235], "mae": [0.22181381285190582, 0.2182663381099701, 0.21921662986278534, 0.22008055448532104, 0.21908436715602875], "mape": [67.313720703125, 65.9955825805664, 67.48016357421875, 70.43766021728516, 69.0306625366211]}