{"loss": [0.2009591907262802, 0.1948757916688919, 0.19485042989253998, 0.19114741683006287, 0.18779830634593964], "mse": [0.2009591907262802, 0.1948757916688919, 0.19485042989253998, 0.19114741683006287, 0.18779830634593964], "mae": [0.32983672618865967, 0.32330450415611267, 0.3279116749763489, 0.3233588933944702, 0.3209954798221588], "mape": [229.7591552734375, 232.33868408203125, 219.77871704101562, 219.75538635253906, 223.90481567382812]}