{"loss": [0.12143989652395248, 0.12135760486125946, 0.11922196298837662, 0.1207859069108963, 0.1203039288520813], "mse": [0.12143989652395248, 0.12135760486125946, 0.11922196298837662, 0.1207859069108963, 0.1203039288520813], "mae": [0.2047976404428482, 0.20517060160636902, 0.20399883389472961, 0.20168647170066833, 0.20448866486549377], "mape": [45.597896575927734, 45.80896759033203, 43.85348129272461, 45.197689056396484, 45.435508728027344]}