{"loss": [0.21448305249214172, 0.20433181524276733, 0.2020566165447235, 0.19590723514556885, 0.19116514921188354], "mse": [0.21448305249214172, 0.20433181524276733, 0.2020566165447235, 0.19590723514556885, 0.19116514921188354], "mae": [0.3367694616317749, 0.3291841149330139, 0.3265838325023651, 0.32093945145606995, 0.31781572103500366], "mape": [233.82640075683594, 236.46774291992188, 215.27560424804688, 202.3779296875, 211.53468322753906]}