{"loss": [0.28637394309043884, 0.28348633646965027, 0.2832579016685486, 0.2770949900150299, 0.27468904852867126], "mse": [0.28637394309043884, 0.28348633646965027, 0.2832579016685486, 0.2770949900150299, 0.27468904852867126], "mae": [0.3144531548023224, 0.31453895568847656, 0.31051161885261536, 0.30925557017326355, 0.3094993233680725], "mape": [309.620849609375, 393.22735595703125, 340.1767578125, 383.59808349609375, 383.676025390625]}