{"loss": [0.15478233993053436, 0.154025137424469, 0.15062133967876434, 0.14965109527111053, 0.145613893866539], "mse": [0.15478233993053436, 0.154025137424469, 0.15062133967876434, 0.14965109527111053, 0.145613893866539], "mae": [0.2864110767841339, 0.29080259799957275, 0.2852588891983032, 0.28615662455558777, 0.28573182225227356], "mape": [249.5555419921875, 178.07086181640625, 212.6280059814453, 144.6579132080078, 176.40414428710938]}