{"loss": [0.08046607673168182, 0.0801117792725563, 0.07912816852331161, 0.07995272427797318, 0.07685545831918716], "mse": [0.08046607673168182, 0.0801117792725563, 0.07912816852331161, 0.07995272427797318, 0.07685545831918716], "mae": [0.21533623337745667, 0.2117045819759369, 0.211941659450531, 0.21157458424568176, 0.2097783088684082], "mape": [63.88260269165039, 62.35848617553711, 65.2100830078125, 67.55730438232422, 62.707763671875]}