{"loss": [0.08564228564500809, 0.084780253469944, 0.08317731320858002, 0.08552297949790955, 0.08339942991733551], "mse": [0.08564228564500809, 0.084780253469944, 0.08317731320858002, 0.08552297949790955, 0.08339942991733551], "mae": [0.22797586023807526, 0.2234225869178772, 0.22122971713542938, 0.2234269678592682, 0.2220669537782669], "mape": [100.98115539550781, 102.35327911376953, 98.58744812011719, 91.78809356689453, 99.7413558959961]}