{"loss": [0.5571702122688293, 0.40121617913246155, 0.36257198452949524, 0.3384260833263397, 0.32822075486183167], "mse": [0.5571702122688293, 0.40121617913246155, 0.36257198452949524, 0.3384260833263397, 0.32822075486183167], "mae": [0.5748046636581421, 0.4900837540626526, 0.4670970141887665, 0.4503675699234009, 0.44228219985961914], "mape": [333.2691955566406, 362.7384338378906, 376.464111328125, 309.0551452636719, 362.57440185546875]}