{"loss": [0.08985980600118637, 0.08951016515493393, 0.08931504935026169, 0.09129743278026581, 0.08840654790401459], "mse": [0.08985980600118637, 0.08951016515493393, 0.08931504935026169, 0.09129743278026581, 0.08840654790401459], "mae": [0.23300889134407043, 0.229918971657753, 0.23004311323165894, 0.23190127313137054, 0.2285439670085907], "mape": [94.51971435546875, 106.08273315429688, 99.99251556396484, 90.69257354736328, 99.77034759521484]}