{"loss": [0.15939195454120636, 0.15109819173812866, 0.15061818063259125, 0.14510485529899597, 0.14263516664505005], "mse": [0.15939195454120636, 0.15109819173812866, 0.15061818063259125, 0.14510485529899597, 0.14263516664505005], "mae": [0.2957117557525635, 0.2848750054836273, 0.2832700312137604, 0.2766953706741333, 0.2767002284526825], "mape": [204.22537231445312, 204.67723083496094, 196.293701171875, 212.34652709960938, 206.68785095214844]}