{"loss": [0.22773005068302155, 0.22240431606769562, 0.22205083072185516, 0.21663881838321686, 0.21121881902217865], "mse": [0.22773005068302155, 0.22240431606769562, 0.22205083072185516, 0.21663881838321686, 0.21121881902217865], "mae": [0.34423425793647766, 0.3393183648586273, 0.3394146263599396, 0.3344326615333557, 0.3329245448112488], "mape": [221.65057373046875, 217.90231323242188, 217.97039794921875, 211.04014587402344, 211.6906280517578]}