{"loss": [0.06893108785152435, 0.05421489104628563, 0.06202097609639168, 0.0611499547958374, 0.044176243245601654], "mse": [0.06893108785152435, 0.05421489104628563, 0.06202097609639168, 0.0611499547958374, 0.044176243245601654], "mae": [0.07128504663705826, 0.06255820393562317, 0.06291063129901886, 0.06566424667835236, 0.059597909450531006], "mape": [177.2074737548828, 117.7577896118164, 161.0973358154297, 145.6182861328125, 181.27639770507812]}