{"loss": [0.08875767886638641, 0.07857049256563187, 0.08311311900615692, 0.07301345467567444, 0.07578437030315399], "mse": [0.08875767886638641, 0.07857049256563187, 0.08311311900615692, 0.07301345467567444, 0.07578437030315399], "mae": [0.08072785288095474, 0.07290007174015045, 0.07842928916215897, 0.07105857133865356, 0.07293624430894852], "mape": [49.28974533081055, 51.93357849121094, 53.26375198364258, 47.2139778137207, 50.67280578613281]}