{"loss": [0.14134639501571655, 0.1382463425397873, 0.13826093077659607, 0.1334165781736374, 0.13320060074329376], "mse": [0.14134639501571655, 0.1382463425397873, 0.13826093077659607, 0.1334165781736374, 0.13320060074329376], "mae": [0.27551376819610596, 0.26801738142967224, 0.2680739462375641, 0.2641606330871582, 0.26446807384490967], "mape": [158.47103881835938, 149.2213897705078, 147.89599609375, 147.50454711914062, 162.1007537841797]}