{"loss": [0.1372721642255783, 0.11512724310159683, 0.10892993956804276, 0.10562068223953247, 0.10180246829986572], "mse": [0.1372721642255783, 0.11512724310159683, 0.10892993956804276, 0.10562068223953247, 0.10180246829986572], "mae": [0.28632789850234985, 0.2617073655128479, 0.25225117802619934, 0.2501792311668396, 0.24490095674991608], "mape": [86.73770141601562, 78.30354309082031, 75.42501831054688, 76.77845001220703, 74.90080261230469]}