{"loss": [0.14652244746685028, 0.13830481469631195, 0.13880521059036255, 0.13396047055721283, 0.13164326548576355], "mse": [0.14652244746685028, 0.13830481469631195, 0.13880521059036255, 0.13396047055721283, 0.13164326548576355], "mae": [0.28571805357933044, 0.27294814586639404, 0.27195677161216736, 0.26556167006492615, 0.2656494379043579], "mape": [205.45741271972656, 205.43112182617188, 196.93893432617188, 212.47406005859375, 205.55824279785156]}