{"loss": [0.1882353574037552, 0.14037537574768066, 0.1308986097574234, 0.12614256143569946, 0.11904939264059067], "mse": [0.1882353574037552, 0.14037537574768066, 0.1308986097574234, 0.12614256143569946, 0.11904939264059067], "mae": [0.32885468006134033, 0.2861042320728302, 0.2748783528804779, 0.26943081617355347, 0.2637120485305786], "mape": [148.81044006347656, 145.12966918945312, 133.7239532470703, 115.45572662353516, 128.43106079101562]}