{"loss": [0.17559146881103516, 0.17145824432373047, 0.16883379220962524, 0.16592639684677124, 0.15917377173900604], "mse": [0.17559146881103516, 0.17145824432373047, 0.16883379220962524, 0.16592639684677124, 0.15917377173900604], "mae": [0.3083178699016571, 0.30048447847366333, 0.3026965260505676, 0.2982664704322815, 0.2933891713619232], "mape": [201.96929931640625, 198.6243438720703, 197.99417114257812, 193.9879608154297, 191.1621551513672]}