{"loss": [0.05142785981297493, 0.04392334073781967, 0.04105907306075096, 0.04186085984110832, 0.0373971164226532], "mse": [0.05142785981297493, 0.04392334073781967, 0.04105907306075096, 0.04186085984110832, 0.0373971164226532], "mae": [0.11258094757795334, 0.1013810932636261, 0.09871051460504532, 0.09829510748386383, 0.09806697070598602], "mape": [37.05897903442383, 36.62095642089844, 32.69445037841797, 35.05190658569336, 34.600257873535156]}