{"loss": [0.10408691316843033, 0.1014740914106369, 0.10144347697496414, 0.10221748054027557, 0.09933938831090927], "mse": [0.10408691316843033, 0.1014740914106369, 0.10144347697496414, 0.10221748054027557, 0.09933938831090927], "mae": [0.24711506068706512, 0.2417718470096588, 0.2424299120903015, 0.24206693470478058, 0.2396591603755951], "mape": [105.6622085571289, 110.61934661865234, 106.96231842041016, 97.16188049316406, 107.32231903076172]}