{"loss": [0.0451374314725399, 0.04489804804325104, 0.0449499748647213, 0.039548300206661224, 0.033440958708524704], "mse": [0.0451374314725399, 0.04489804804325104, 0.0449499748647213, 0.039548300206661224, 0.033440958708524704], "mae": [0.06088125333189964, 0.05764871463179588, 0.058481428772211075, 0.05249548330903053, 0.05439640209078789], "mape": [57.06594467163086, 49.45393753051758, 49.41397476196289, 44.36001968383789, 48.72759246826172]}