{"loss": [0.22773009538650513, 0.222404345870018, 0.22205084562301636, 0.21663886308670044, 0.21121881902217865], "mse": [0.22773009538650513, 0.222404345870018, 0.22205084562301636, 0.21663886308670044, 0.21121881902217865], "mae": [0.34423428773880005, 0.3393183648586273, 0.33941465616226196, 0.3344326317310333, 0.33292457461357117], "mape": [221.65057373046875, 217.90235900878906, 217.97039794921875, 211.04019165039062, 211.69061279296875]}