{"loss": [0.2009591907262802, 0.19487574696540833, 0.19485047459602356, 0.19114741683006287, 0.18779830634593964], "mse": [0.2009591907262802, 0.19487574696540833, 0.19485047459602356, 0.19114741683006287, 0.18779830634593964], "mae": [0.3298366665840149, 0.3233044743537903, 0.3279116451740265, 0.323358952999115, 0.3209954500198364], "mape": [229.75918579101562, 232.33868408203125, 219.7787322998047, 219.75538635253906, 223.9048309326172]}