{"loss": [0.08518624305725098, 0.08547903597354889, 0.08415060490369797, 0.08570749312639236, 0.08328870683908463], "mse": [0.08518624305725098, 0.08547903597354889, 0.08415060490369797, 0.08570749312639236, 0.08328870683908463], "mae": [0.22194348275661469, 0.21963968873023987, 0.2190554440021515, 0.22186745703220367, 0.2196434587240219], "mape": [66.98715209960938, 67.09521484375, 68.59075164794922, 70.24469757080078, 70.0960922241211]}