{"loss": [0.31454312801361084, 0.2585256099700928, 0.23596397042274475, 0.21509647369384766, 0.17918194830417633], "mse": [0.31454312801361084, 0.2585256099700928, 0.23596397042274475, 0.21509647369384766, 0.17918194830417633], "mae": [0.1532638967037201, 0.13845252990722656, 0.12830860912799835, 0.1223570927977562, 0.11550698429346085], "mape": [68.44219207763672, 93.69215393066406, 74.81104278564453, 67.63812255859375, 62.987144470214844]}