{"loss": [0.056895721703767776, 0.05072940140962601, 0.04715915396809578, 0.052204594016075134, 0.04508234187960625], "mse": [0.056895721703767776, 0.05072940140962601, 0.04715915396809578, 0.052204594016075134, 0.04508234187960625], "mae": [0.1153399869799614, 0.10801725834608078, 0.10570114850997925, 0.1096506118774414, 0.10465183109045029], "mape": [34.695274353027344, 34.12177658081055, 32.37610626220703, 32.9520149230957, 32.42448425292969]}