{"loss": [0.1207103282213211, 0.11888868361711502, 0.11878849565982819, 0.11551021039485931, 0.11566289514303207], "mse": [0.1207103282213211, 0.11888868361711502, 0.11878849565982819, 0.11551021039485931, 0.11566289514303207], "mae": [0.25121864676475525, 0.24421019852161407, 0.24379953742027283, 0.24178560078144073, 0.24244700372219086], "mape": [143.30296325683594, 137.34071350097656, 137.7754364013672, 138.0941619873047, 145.94656372070312]}