{"loss": [0.11122624576091766, 0.11010391265153885, 0.10898040235042572, 0.11075615137815475, 0.11027566343545914], "mse": [0.11122624576091766, 0.11010391265153885, 0.10898040235042572, 0.11075615137815475, 0.11027566343545914], "mae": [0.19722847640514374, 0.19613325595855713, 0.19763171672821045, 0.19473101198673248, 0.19740895926952362], "mape": [43.54605484008789, 43.01154327392578, 42.76108169555664, 42.98701858520508, 43.11110305786133]}