{"loss": [0.379485160112381, 0.326650470495224, 0.31197550892829895, 0.3002709746360779, 0.2920541763305664], "mse": [0.379485160112381, 0.326650470495224, 0.31197550892829895, 0.3002709746360779, 0.2920541763305664], "mae": [0.3736502230167389, 0.3451812267303467, 0.3325307369232178, 0.3268759548664093, 0.3223104476928711], "mape": [331.18280029296875, 479.7754821777344, 424.9407958984375, 452.74420166015625, 453.8551940917969]}