{"loss": [0.2916638255119324, 0.28918537497520447, 0.28907063603401184, 0.28386279940605164, 0.2819669544696808], "mse": [0.2916638255119324, 0.28918537497520447, 0.28907063603401184, 0.28386279940605164, 0.2819669544696808], "mae": [0.31618911027908325, 0.3164820671081543, 0.3141947388648987, 0.31296947598457336, 0.3130601644515991], "mape": [263.35003662109375, 292.1181640625, 252.3220672607422, 257.2586975097656, 254.7753143310547]}