{"loss": [0.07964658737182617, 0.07755415886640549, 0.07790178060531616, 0.07787691801786423, 0.07700061053037643], "mse": [0.07964658737182617, 0.07755415886640549, 0.07790178060531616, 0.07787691801786423, 0.07700061053037643], "mae": [0.21779555082321167, 0.21651536226272583, 0.21410086750984192, 0.2164732813835144, 0.21661801636219025], "mape": [1452.5072021484375, 2161.92626953125, 3196.227294921875, 2363.272216796875, 2339.428466796875]}