{"loss": [0.11336687207221985, 0.09574037045240402, 0.09557028859853745, 0.0826580747961998, 0.0873093456029892], "mse": [0.11336687207221985, 0.09574037045240402, 0.09557028859853745, 0.0826580747961998, 0.0873093456029892], "mae": [0.09120353311300278, 0.08571559190750122, 0.08335977792739868, 0.07754787057638168, 0.08005224913358688], "mape": [49.66857147216797, 56.902259826660156, 50.62498092651367, 54.70513916015625, 48.5894775390625]}