{"loss": [0.08989257365465164, 0.08934830874204636, 0.08808712661266327, 0.08898606151342392, 0.08735187351703644], "mse": [0.08989257365465164, 0.08934830874204636, 0.08808712661266327, 0.08898606151342392, 0.08735187351703644], "mae": [0.2286912500858307, 0.22530293464660645, 0.2252720147371292, 0.2259753942489624, 0.22491669654846191], "mape": [70.21305084228516, 68.40126037597656, 70.74124145507812, 72.96965789794922, 71.8423843383789]}