{"loss": [0.09771832823753357, 0.09666010737419128, 0.09535425156354904, 0.0954975038766861, 0.09363475441932678], "mse": [0.09771832823753357, 0.09666010737419128, 0.09535425156354904, 0.0954975038766861, 0.09363475441932678], "mae": [0.2394782453775406, 0.2365182638168335, 0.23439516127109528, 0.23407259583473206, 0.23409925401210785], "mape": [73.24437713623047, 71.64920806884766, 73.98143768310547, 75.99559783935547, 75.0406494140625]}