{"loss": [0.21381577849388123, 0.14205202460289001, 0.13391071557998657, 0.12836922705173492, 0.12096677720546722], "mse": [0.21381577849388123, 0.14205202460289001, 0.13391071557998657, 0.12836922705173492, 0.12096677720546722], "mae": [0.3332335650920868, 0.28414297103881836, 0.2740219235420227, 0.26755690574645996, 0.26239898800849915], "mape": [155.39671325683594, 137.38336181640625, 122.87261199951172, 109.96833038330078, 119.25696563720703]}