{"loss": [0.05141601338982582, 0.049844320863485336, 0.048568207770586014, 0.04553711786866188, 0.04108739644289017], "mse": [0.05141601338982582, 0.049844320863485336, 0.048568207770586014, 0.04553711786866188, 0.04108739644289017], "mae": [0.0627167820930481, 0.0587807297706604, 0.058921631425619125, 0.05318673700094223, 0.05773654952645302], "mape": [55.55385971069336, 48.09950256347656, 48.3875732421875, 43.222434997558594, 50.052146911621094]}