{"loss": [0.12918201088905334, 0.12895777821540833, 0.12682658433914185, 0.12860673666000366, 0.127854123711586], "mse": [0.12918201088905334, 0.12895777821540833, 0.12682658433914185, 0.12860673666000366, 0.127854123711586], "mae": [0.21076297760009766, 0.21142618358135223, 0.20957525074481964, 0.208065927028656, 0.20967474579811096], "mape": [47.39998245239258, 47.576873779296875, 45.43034744262695, 46.94966125488281, 46.66597366333008]}