{"loss": [0.17425285279750824, 0.17235581576824188, 0.16958777606487274, 0.16483436524868011, 0.16170266270637512], "mse": [0.17425285279750824, 0.17235581576824188, 0.16958777606487274, 0.16483436524868011, 0.16170266270637512], "mae": [0.30723705887794495, 0.3062596917152405, 0.3027043342590332, 0.3005487024784088, 0.30038702487945557], "mape": [299.03680419921875, 243.7922821044922, 277.4465026855469, 199.54286193847656, 213.04302978515625]}