{"loss": [0.04447424039244652, 0.04246176779270172, 0.04048226773738861, 0.044590599834918976, 0.039162974804639816], "mse": [0.04447424039244652, 0.04246176779270172, 0.04048226773738861, 0.044590599834918976, 0.039162974804639816], "mae": [0.101551853120327, 0.09897411614656448, 0.09806422889232635, 0.099967360496521, 0.09510334581136703], "mape": [31.7253475189209, 32.993324279785156, 32.13158416748047, 30.361616134643555, 30.00766372680664]}