{"loss": [0.06187695264816284, 0.05868496745824814, 0.056874360889196396, 0.06073087826371193, 0.05524810031056404], "mse": [0.06187695264816284, 0.05868496745824814, 0.056874360889196396, 0.06073087826371193, 0.05524810031056404], "mae": [0.12156683206558228, 0.1156042069196701, 0.11554917693138123, 0.11647976189851761, 0.11290695518255234], "mape": [36.446834564208984, 35.69959259033203, 36.373634338378906, 34.47502517700195, 33.963294982910156]}