{"loss": [0.12641623616218567, 0.1263672560453415, 0.12434624135494232, 0.1261277049779892, 0.12550599873065948], "mse": [0.12641623616218567, 0.1263672560453415, 0.12434624135494232, 0.1261277049779892, 0.12550599873065948], "mae": [0.20865604281425476, 0.2096307873725891, 0.2075994610786438, 0.20619241893291473, 0.20785768330097198], "mape": [46.75153350830078, 47.04732131958008, 44.84772491455078, 46.426361083984375, 46.27405548095703]}