{"loss": [0.06130893900990486, 0.052907854318618774, 0.04954478144645691, 0.05199110880494118, 0.045020941644907], "mse": [0.06130893900990486, 0.052907854318618774, 0.04954478144645691, 0.05199110880494118, 0.045020941644907], "mae": [0.12033271789550781, 0.11048192530870438, 0.10805030912160873, 0.10794293880462646, 0.10648057609796524], "mape": [38.325687408447266, 38.975345611572266, 35.85054016113281, 37.20749282836914, 37.39702606201172]}