{"loss": [0.12262651324272156, 0.12245924025774002, 0.12036667764186859, 0.12162608653306961, 0.12133178114891052], "mse": [0.12262651324272156, 0.12245924025774002, 0.12036667764186859, 0.12162608653306961, 0.12133178114891052], "mae": [0.20563188195228577, 0.20645803213119507, 0.20474514365196228, 0.20239834487438202, 0.2049907147884369], "mape": [45.85940170288086, 46.147525787353516, 44.13683319091797, 45.40097427368164, 45.53695297241211]}