{"loss": [0.2663634717464447, 0.26194822788238525, 0.2556140124797821, 0.2506120502948761, 0.2454054355621338], "mse": [0.2663634717464447, 0.26194822788238525, 0.2556140124797821, 0.2506120502948761, 0.2454054355621338], "mae": [0.3935753107070923, 0.39340800046920776, 0.38757312297821045, 0.3842151463031769, 0.37980908155441284], "mape": [352.3124694824219, 327.4864196777344, 343.42437744140625, 294.9654846191406, 304.8187561035156]}