{"loss": [0.05237771198153496, 0.04778775945305824, 0.05113726481795311, 0.05070407688617706, 0.0473751425743103], "mse": [0.05237771198153496, 0.04778775945305824, 0.05113726481795311, 0.05070407688617706, 0.0473751425743103], "mae": [0.06113254278898239, 0.056229885667562485, 0.05757889896631241, 0.05555558204650879, 0.05822504684329033], "mape": [48.17299270629883, 48.26194381713867, 43.9581184387207, 47.99903106689453, 51.857269287109375]}