{"loss": [0.2703099548816681, 0.2577753961086273, 0.2549002468585968, 0.24762004613876343, 0.24041245877742767], "mse": [0.2703099548816681, 0.2577753961086273, 0.2549002468585968, 0.24762004613876343, 0.24041245877742767], "mae": [0.3746013939380646, 0.3655664920806885, 0.3635903298854828, 0.3579333424568176, 0.3551747798919678], "mape": [254.5294952392578, 256.847900390625, 245.5035400390625, 236.71051025390625, 242.1387939453125]}