{"loss": [0.09463220834732056, 0.0920272246003151, 0.09166844189167023, 0.09168049693107605, 0.09082119911909103], "mse": [0.09463220834732056, 0.0920272246003151, 0.09166844189167023, 0.09168049693107605, 0.09082119911909103], "mae": [0.23500636219978333, 0.23282195627689362, 0.22973154485225677, 0.23089151084423065, 0.23252667486667633], "mape": [1176.2469482421875, 1463.340087890625, 2260.47314453125, 1909.2325439453125, 998.2494506835938]}