{"loss": [0.0927264466881752, 0.0919644832611084, 0.09200781583786011, 0.09389383345842361, 0.09082601964473724], "mse": [0.0927264466881752, 0.0919644832611084, 0.09200781583786011, 0.09389383345842361, 0.09082601964473724], "mae": [0.23652558028697968, 0.23309995234012604, 0.23355062305927277, 0.23505519330501556, 0.2316259890794754], "mape": [96.31436157226562, 107.57881164550781, 101.68289947509766, 92.29828643798828, 101.25498962402344]}