{"loss": [0.23426523804664612, 0.2335505485534668, 0.23523475229740143, 0.2306968867778778, 0.23073801398277283], "mse": [0.23426523804664612, 0.2335505485534668, 0.23523475229740143, 0.2306968867778778, 0.23073801398277283], "mae": [0.289181649684906, 0.2873823046684265, 0.28648313879966736, 0.2860788106918335, 0.2867736220359802], "mape": [257.7529296875, 353.40966796875, 314.5823059082031, 357.7315979003906, 371.98516845703125]}