{"loss": [0.14215317368507385, 0.13574989140033722, 0.1326269954442978, 0.13419434428215027, 0.13301421701908112], "mse": [0.14215317368507385, 0.13574989140033722, 0.1326269954442978, 0.13419434428215027, 0.13301421701908112], "mae": [0.2226787656545639, 0.21517027914524078, 0.21379625797271729, 0.21228650212287903, 0.21350306272506714], "mape": [48.98108673095703, 48.54792022705078, 46.191165924072266, 47.66216278076172, 47.3203010559082]}