{"loss": [0.26995664834976196, 0.26872095465660095, 0.27035242319107056, 0.2650488615036011, 0.26390689611434937], "mse": [0.26995664834976196, 0.26872095465660095, 0.27035242319107056, 0.2650488615036011, 0.26390689611434937], "mae": [0.3044125735759735, 0.3046534061431885, 0.30271774530410767, 0.3025985658168793, 0.303159236907959], "mape": [253.047119140625, 348.67535400390625, 296.1091613769531, 357.9623718261719, 363.20196533203125]}