{"loss": [0.12262613326311111, 0.12245921790599823, 0.12036668509244919, 0.12162614613771439, 0.12133193016052246], "mse": [0.12262613326311111, 0.12245921790599823, 0.12036668509244919, 0.12162614613771439, 0.12133193016052246], "mae": [0.20563164353370667, 0.20645803213119507, 0.20474548637866974, 0.20239867269992828, 0.20499096810817719], "mape": [45.859493255615234, 46.14745330810547, 44.136837005615234, 45.4010124206543, 45.5369873046875]}