{"loss": [0.11561734974384308, 0.11513116955757141, 0.1131615936756134, 0.11469383537769318, 0.11434483528137207], "mse": [0.11561734974384308, 0.11513116955757141, 0.1131615936756134, 0.11469383537769318, 0.11434483528137207], "mae": [0.2006521075963974, 0.19982880353927612, 0.19990943372249603, 0.19723212718963623, 0.20034345984458923], "mape": [44.52274703979492, 44.293663024902344, 42.801124572753906, 43.85943603515625, 44.31394577026367]}