{"loss": [0.2703099250793457, 0.25777533650398254, 0.2549002468585968, 0.24762004613876343, 0.2404124140739441], "mse": [0.2703099250793457, 0.25777533650398254, 0.2549002468585968, 0.24762004613876343, 0.2404124140739441], "mae": [0.37460142374038696, 0.3655664920806885, 0.3635903000831604, 0.35793331265449524, 0.3551747798919678], "mape": [254.52952575683594, 256.8479309082031, 245.50352478027344, 236.7104949951172, 242.13877868652344]}