{"loss": [0.14916308224201202, 0.10529830306768417, 0.08864179253578186, 0.08540070801973343, 0.0747472271323204], "mse": [0.14916308224201202, 0.10529830306768417, 0.08864179253578186, 0.08540070801973343, 0.0747472271323204], "mae": [0.1699259728193283, 0.1433687061071396, 0.1326548010110855, 0.13038185238838196, 0.12446124106645584], "mape": [49.54802703857422, 42.88148498535156, 40.597412109375, 39.90913009643555, 40.31061553955078]}