{"loss": [0.08037711679935455, 0.07855285704135895, 0.07922521978616714, 0.07886969298124313, 0.07832023501396179], "mse": [0.08037711679935455, 0.07855285704135895, 0.07922521978616714, 0.07886969298124313, 0.07832023501396179], "mae": [0.21872548758983612, 0.21625912189483643, 0.21678288280963898, 0.21731676161289215, 0.21781690418720245], "mape": [5109.8232421875, 5768.4853515625, 7710.7509765625, 7617.30517578125, 6967.267578125]}