{"loss": [0.13953086733818054, 0.13526581227779388, 0.13472194969654083, 0.13210409879684448, 0.13035480678081512], "mse": [0.13953086733818054, 0.13526581227779388, 0.13472194969654083, 0.13210409879684448, 0.13035480678081512], "mae": [0.27953246235847473, 0.2741154134273529, 0.2774536907672882, 0.27171728014945984, 0.2708875238895416], "mape": [206.36410522460938, 208.76803588867188, 186.06285095214844, 191.50343322753906, 195.5059356689453]}