{"loss": [0.11935476958751678, 0.11882486194372177, 0.11684268712997437, 0.11807406693696976, 0.11793500930070877], "mse": [0.11935476958751678, 0.11882486194372177, 0.11684268712997437, 0.11807406693696976, 0.11793500930070877], "mae": [0.2030026614665985, 0.20319311320781708, 0.20238178968429565, 0.1999400407075882, 0.20282021164894104], "mape": [45.24030303955078, 45.25632858276367, 43.566776275634766, 44.600460052490234, 44.898582458496094]}