{"loss": [0.11324454098939896, 0.1110258549451828, 0.11076153814792633, 0.1069716066122055, 0.10697878897190094], "mse": [0.11324454098939896, 0.1110258549451828, 0.11076153814792633, 0.1069716066122055, 0.10697878897190094], "mae": [0.24454662203788757, 0.24114392697811127, 0.2407388985157013, 0.23488157987594604, 0.23432767391204834], "mape": [115.88865661621094, 106.12968444824219, 121.50486755371094, 113.12312316894531, 117.80138397216797]}