{"loss": [0.524394690990448, 0.396528035402298, 0.3581315279006958, 0.3343115746974945, 0.31450343132019043], "mse": [0.524394690990448, 0.396528035402298, 0.3581315279006958, 0.3343115746974945, 0.31450343132019043], "mae": [0.5541979074478149, 0.4874469041824341, 0.4654894769191742, 0.4479534924030304, 0.4315599203109741], "mape": [579.4918212890625, 409.6336364746094, 404.1371154785156, 324.5368347167969, 341.9580383300781]}