{"loss": [0.08410639315843582, 0.08336066454648972, 0.0828644335269928, 0.0840098038315773, 0.0819854810833931], "mse": [0.08410639315843582, 0.08336066454648972, 0.0828644335269928, 0.0840098038315773, 0.0819854810833931], "mae": [0.2263960987329483, 0.2217189520597458, 0.2225591242313385, 0.22312554717063904, 0.21980854868888855], "mape": [95.53870391845703, 97.19729614257812, 95.906494140625, 88.2613754272461, 96.47550201416016]}