{"loss": [0.10995269566774368, 0.10665474086999893, 0.10682496428489685, 0.10692476481199265, 0.10360507667064667], "mse": [0.10995269566774368, 0.10665474086999893, 0.10682496428489685, 0.10692476481199265, 0.10360507667064667], "mae": [0.25279971957206726, 0.24716682732105255, 0.24884338676929474, 0.24652710556983948, 0.24383951723575592], "mape": [106.6581039428711, 111.46797943115234, 108.11238098144531, 97.48367309570312, 108.4642105102539]}