{"loss": [0.09355456382036209, 0.09287978708744049, 0.09098557382822037, 0.09224683791399002, 0.08991072326898575], "mse": [0.09355456382036209, 0.09287978708744049, 0.09098557382822037, 0.09224683791399002, 0.08991072326898575], "mae": [0.2339600920677185, 0.23101133108139038, 0.22871153056621552, 0.2306434065103531, 0.22892650961875916], "mape": [69.02861785888672, 70.33828735351562, 71.01689910888672, 72.22978210449219, 71.9170913696289]}