{"loss": [0.2009591907262802, 0.19487574696540833, 0.19485041499137878, 0.19114741683006287, 0.18779830634593964], "mse": [0.2009591907262802, 0.19487574696540833, 0.19485041499137878, 0.19114741683006287, 0.18779830634593964], "mae": [0.3298366963863373, 0.32330450415611267, 0.3279116451740265, 0.3233588933944702, 0.32099542021751404], "mape": [229.75918579101562, 232.33868408203125, 219.7787628173828, 219.75543212890625, 223.9048309326172]}