{"loss": [0.21585820615291595, 0.21267306804656982, 0.2103765606880188, 0.20433126389980316, 0.19995170831680298], "mse": [0.21585820615291595, 0.21267306804656982, 0.2103765606880188, 0.20433126389980316, 0.19995170831680298], "mae": [0.34543314576148987, 0.34735536575317383, 0.34482038021087646, 0.34107133746147156, 0.33775702118873596], "mape": [300.6948547363281, 248.0302276611328, 286.670166015625, 215.43467712402344, 232.32662963867188]}