{"loss": [0.3145431578159332, 0.2585256099700928, 0.23596392571926117, 0.21509647369384766, 0.17918196320533752], "mse": [0.3145431578159332, 0.2585256099700928, 0.23596392571926117, 0.21509647369384766, 0.17918196320533752], "mae": [0.1532638967037201, 0.13845250010490417, 0.12830856442451477, 0.1223570704460144, 0.11550699919462204], "mape": [68.44222259521484, 93.69217681884766, 74.81104278564453, 67.63816833496094, 62.9871711730957]}