{"loss": [0.08989257365465164, 0.08934832364320755, 0.08808714151382446, 0.08898606151342392, 0.08735187351703644], "mse": [0.08989257365465164, 0.08934832364320755, 0.08808714151382446, 0.08898606151342392, 0.08735187351703644], "mae": [0.2286912351846695, 0.22530291974544525, 0.22527197003364563, 0.22597536444664001, 0.22491663694381714], "mape": [70.21304321289062, 68.40126037597656, 70.74126434326172, 72.96965026855469, 71.84236907958984]}