{"loss": [0.07828900963068008, 0.07002352923154831, 0.06416979432106018, 0.06685788929462433, 0.058666616678237915], "mse": [0.07828900963068008, 0.07002352923154831, 0.06416979432106018, 0.06685788929462433, 0.058666616678237915], "mae": [0.1312238723039627, 0.12373829632997513, 0.12068243324756622, 0.12012496590614319, 0.11722639203071594], "mape": [39.576011657714844, 41.72773742675781, 40.165504455566406, 39.02723693847656, 40.047874450683594]}