{"loss": [0.13966061174869537, 0.10753942281007767, 0.09564170986413956, 0.09528694301843643, 0.08709647506475449], "mse": [0.13966061174869537, 0.10753942281007767, 0.09564170986413956, 0.09528694301843643, 0.08709647506475449], "mae": [0.16658148169517517, 0.14446759223937988, 0.13900433480739594, 0.13981297612190247, 0.1357531100511551], "mape": [49.77336120605469, 40.69020080566406, 37.785179138183594, 37.85239791870117, 35.4227180480957]}