{"loss": [0.19179314374923706, 0.18742838501930237, 0.18395882844924927, 0.17642666399478912, 0.1754487305879593], "mse": [0.19179314374923706, 0.18742838501930237, 0.18395882844924927, 0.17642666399478912, 0.1754487305879593], "mae": [0.32824158668518066, 0.32222867012023926, 0.31463587284088135, 0.31004276871681213, 0.30937597155570984], "mape": [184.00965881347656, 171.14439392089844, 171.08164978027344, 167.63299560546875, 179.8363800048828]}