{"loss": [0.5243947505950928, 0.3965280055999756, 0.358131468296051, 0.3343116044998169, 0.31450343132019043], "mse": [0.5243947505950928, 0.3965280055999756, 0.358131468296051, 0.3343116044998169, 0.31450343132019043], "mae": [0.5541979074478149, 0.48744693398475647, 0.4654894471168518, 0.44795340299606323, 0.43155986070632935], "mape": [579.4918212890625, 409.6336975097656, 404.1370544433594, 324.5368347167969, 341.95806884765625]}