{"loss": [0.13274738192558289, 0.13215748965740204, 0.1297568827867508, 0.1314673274755478, 0.13051550090312958], "mse": [0.13274738192558289, 0.13215748965740204, 0.1297568827867508, 0.1314673274755478, 0.13051550090312958], "mae": [0.21355579793453217, 0.21351532638072968, 0.21204887330532074, 0.21011792123317719, 0.21176733076572418], "mape": [48.1081657409668, 48.22886657714844, 46.128318786621094, 47.4695930480957, 47.13963317871094]}