{"loss": [0.11261299252510071, 0.11147100478410721, 0.11085791885852814, 0.108239084482193, 0.10915958136320114], "mse": [0.11261299252510071, 0.11147100478410721, 0.11085791885852814, 0.108239084482193, 0.10915958136320114], "mae": [0.24127474427223206, 0.23415663838386536, 0.23295167088508606, 0.23144005239009857, 0.2337898164987564], "mape": [133.62025451660156, 128.04684448242188, 130.416748046875, 130.35081481933594, 138.8736572265625]}