{"loss": [0.09340965002775192, 0.09252937883138657, 0.09124931693077087, 0.09188840538263321, 0.0901918038725853], "mse": [0.09340965002775192, 0.09252937883138657, 0.09124931693077087, 0.09188840538263321, 0.0901918038725853], "mae": [0.23373538255691528, 0.23011934757232666, 0.22933931648731232, 0.2295871526002884, 0.22885945439338684], "mape": [71.75957489013672, 69.78225708007812, 72.55567932128906, 74.6219482421875, 73.54471588134766]}