{"loss": [0.04216613620519638, 0.0377628356218338, 0.034393392503261566, 0.04026114568114281, 0.03343615680932999], "mse": [0.04216613620519638, 0.0377628356218338, 0.034393392503261566, 0.04026114568114281, 0.03343615680932999], "mae": [0.10029849410057068, 0.09474466741085052, 0.09056467562913895, 0.09673157334327698, 0.09129046648740768], "mape": [31.66193389892578, 31.176557540893555, 29.493322372436523, 30.298980712890625, 30.551843643188477]}