{"loss": [0.1314690262079239, 0.13119855523109436, 0.12887467443943024, 0.13057371973991394, 0.12975162267684937], "mse": [0.1314690262079239, 0.13119855523109436, 0.12887467443943024, 0.13057371973991394, 0.12975162267684937], "mae": [0.2126930207014084, 0.21309509873390198, 0.21147513389587402, 0.20962047576904297, 0.21130332350730896], "mape": [47.7574462890625, 47.98017501831055, 45.861427307128906, 47.19847106933594, 46.92490768432617]}