{"loss": [0.07676532864570618, 0.07529258728027344, 0.07533732801675797, 0.07562041282653809, 0.07467706501483917], "mse": [0.07676532864570618, 0.07529258728027344, 0.07533732801675797, 0.07562041282653809, 0.07467706501483917], "mae": [0.21319861710071564, 0.21293294429779053, 0.2105036824941635, 0.2117849588394165, 0.21342186629772186], "mape": [470.6666564941406, 2067.06884765625, 5133.44677734375, 4314.33837890625, 4107.9521484375]}