{"loss": [0.04447424039244652, 0.04246177151799202, 0.04048226401209831, 0.04459058865904808, 0.03916296362876892], "mse": [0.04447424039244652, 0.04246177151799202, 0.04048226401209831, 0.04459058865904808, 0.03916296362876892], "mae": [0.10155188292264938, 0.09897414594888687, 0.09806423634290695, 0.0999673530459404, 0.09510333836078644], "mape": [31.72533416748047, 32.993324279785156, 32.131587982177734, 30.361623764038086, 30.007667541503906]}