{"loss": [0.2475491464138031, 0.24743026494979858, 0.2479761689901352, 0.24352796375751495, 0.24294127523899078], "mse": [0.2475491464138031, 0.24743026494979858, 0.2479761689901352, 0.24352796375751495, 0.24294127523899078], "mae": [0.2967020273208618, 0.29662832617759705, 0.2943783700466156, 0.29375338554382324, 0.2928503751754761], "mape": [245.82020568847656, 278.8681335449219, 243.6973876953125, 254.4814910888672, 256.23187255859375]}