{"loss": [0.07871860265731812, 0.07343274354934692, 0.06669090688228607, 0.06771744042634964, 0.059265051037073135], "mse": [0.07871860265731812, 0.07343274354934692, 0.06669090688228607, 0.06771744042634964, 0.059265051037073135], "mae": [0.12887300550937653, 0.12424851208925247, 0.12140336632728577, 0.1207352876663208, 0.11701032519340515], "mape": [36.37180709838867, 35.1723518371582, 35.02689743041992, 34.98426055908203, 34.13911056518555]}