{"loss": [0.08332658559083939, 0.08368853479623795, 0.08235839009284973, 0.08396542817354202, 0.08149434626102448], "mse": [0.08332658559083939, 0.08368853479623795, 0.08235839009284973, 0.08396542817354202, 0.08149434626102448], "mae": [0.21940895915031433, 0.2172277420759201, 0.21680861711502075, 0.2195601612329483, 0.21702608466148376], "mape": [66.2876968383789, 66.49919891357422, 67.70387268066406, 69.40437316894531, 69.2179183959961]}