{"loss": [0.07818853110074997, 0.07662499696016312, 0.07727488875389099, 0.07676535099744797, 0.07640612125396729], "mse": [0.07818853110074997, 0.07662499696016312, 0.07727488875389099, 0.07676535099744797, 0.07640612125396729], "mae": [0.2157546579837799, 0.2142847627401352, 0.21428512036800385, 0.21455465257167816, 0.21533077955245972], "mape": [4666.0498046875, 5211.78173828125, 7225.2939453125, 7231.4833984375, 6447.58056640625]}