{"loss": [0.2769847512245178, 0.27612581849098206, 0.2771638333797455, 0.27242493629455566, 0.27115392684936523], "mse": [0.2769847512245178, 0.27612581849098206, 0.2771638333797455, 0.27242493629455566, 0.27115392684936523], "mae": [0.30898526310920715, 0.30885201692581177, 0.3074744939804077, 0.3075580298900604, 0.30754324793815613], "mape": [254.9578399658203, 288.9400329589844, 243.26785278320312, 251.43756103515625, 252.12362670898438]}