{"loss": [0.21585820615291595, 0.2126730978488922, 0.2103765904903412, 0.20433126389980316, 0.1999516785144806], "mse": [0.21585820615291595, 0.2126730978488922, 0.2103765904903412, 0.20433126389980316, 0.1999516785144806], "mae": [0.34543314576148987, 0.34735536575317383, 0.3448202908039093, 0.34107136726379395, 0.33775702118873596], "mape": [300.69482421875, 248.03012084960938, 286.6701965332031, 215.43472290039062, 232.32669067382812]}