{"loss": [0.26001280546188354, 0.2558329403400421, 0.25014665722846985, 0.24446146190166473, 0.2372683733701706], "mse": [0.26001280546188354, 0.2558329403400421, 0.25014665722846985, 0.24446146190166473, 0.2372683733701706], "mae": [0.38914451003074646, 0.39012405276298523, 0.3851880133152008, 0.3796437382698059, 0.37247928977012634], "mape": [339.8111267089844, 265.1492004394531, 324.7740783691406, 247.97274780273438, 263.9945373535156]}