{"loss": [0.06130893528461456, 0.05290786921977997, 0.04954477399587631, 0.05199110135436058, 0.045020941644907], "mse": [0.06130893528461456, 0.05290786921977997, 0.04954477399587631, 0.05199110135436058, 0.045020941644907], "mae": [0.12033271044492722, 0.11048190295696259, 0.10805030167102814, 0.10794291645288467, 0.10648057609796524], "mape": [38.32569122314453, 38.97534942626953, 35.850547790527344, 37.20748519897461, 37.39702606201172]}