{"loss": [0.09883454442024231, 0.09645235538482666, 0.09647183120250702, 0.09735582023859024, 0.09488383680582047], "mse": [0.09883454442024231, 0.09645235538482666, 0.09647183120250702, 0.09735582023859024, 0.09488383680582047], "mae": [0.243905171751976, 0.23645919561386108, 0.2387191653251648, 0.23868708312511444, 0.23505811393260956], "mape": [101.96302795410156, 101.77959442138672, 99.7862319946289, 91.52005767822266, 98.45742797851562]}