{"loss": [0.09007144719362259, 0.08924591541290283, 0.08887787163257599, 0.08945165574550629, 0.08700987696647644], "mse": [0.09007144719362259, 0.08924591541290283, 0.08887787163257599, 0.08945165574550629, 0.08700987696647644], "mae": [0.22892968356609344, 0.22599811851978302, 0.22579674422740936, 0.22561034560203552, 0.22389571368694305], "mape": [69.28990936279297, 67.61162567138672, 70.47856903076172, 71.36750030517578, 68.6411361694336]}