{"loss": [0.04698149859905243, 0.04007362574338913, 0.037038203328847885, 0.03762505576014519, 0.033936772495508194], "mse": [0.04698149859905243, 0.04007362574338913, 0.037038203328847885, 0.03762505576014519, 0.033936772495508194], "mae": [0.10827627032995224, 0.09742612391710281, 0.09448504447937012, 0.09414079785346985, 0.09385383874177933], "mape": [36.06161117553711, 35.04425811767578, 31.702085494995117, 33.859432220458984, 33.068504333496094]}