{"loss": [0.1029520034790039, 0.10054382681846619, 0.10047636926174164, 0.10088460147380829, 0.09822997450828552], "mse": [0.1029520034790039, 0.10054382681846619, 0.10047636926174164, 0.10088460147380829, 0.09822997450828552], "mae": [0.24712762236595154, 0.24041038751602173, 0.24311643838882446, 0.24231065809726715, 0.2384261190891266], "mape": [104.02996063232422, 103.7354736328125, 101.12910461425781, 92.54229736328125, 99.68850708007812]}