{"loss": [0.08049613982439041, 0.08031230419874191, 0.07918883115053177, 0.08045165985822678, 0.0789276510477066], "mse": [0.08049613982439041, 0.08031230419874191, 0.07918883115053177, 0.08045165985822678, 0.0789276510477066], "mae": [0.21649470925331116, 0.212471604347229, 0.21387848258018494, 0.2149159014225006, 0.21387076377868652], "mape": [64.80386352539062, 63.695064544677734, 65.03845977783203, 68.50529479980469, 66.30323791503906]}