{"loss": [0.3313611149787903, 0.3169077932834625, 0.31204575300216675, 0.30173560976982117, 0.29251769185066223], "mse": [0.3313611149787903, 0.3169077932834625, 0.31204575300216675, 0.30173560976982117, 0.29251769185066223], "mae": [0.4167768061161041, 0.4097885191440582, 0.40659525990486145, 0.3951498866081238, 0.3910921812057495], "mape": [255.71839904785156, 259.7690734863281, 252.20248413085938, 246.19992065429688, 249.9304656982422]}