{"loss": [0.23929551243782043, 0.2282029539346695, 0.2267889827489853, 0.22090815007686615, 0.21425308287143707], "mse": [0.23929551243782043, 0.2282029539346695, 0.2267889827489853, 0.22090815007686615, 0.21425308287143707], "mae": [0.354364812374115, 0.346343994140625, 0.34500959515571594, 0.33961185812950134, 0.3358666002750397], "mape": [247.84669494628906, 251.0119171142578, 232.69662475585938, 222.7463836669922, 229.14822387695312]}