{"loss": [0.04746463894844055, 0.04230817034840584, 0.03931570425629616, 0.044787582010030746, 0.03814418986439705], "mse": [0.04746463894844055, 0.04230817034840584, 0.03931570425629616, 0.044787582010030746, 0.03814418986439705], "mae": [0.10655040293931961, 0.10018955916166306, 0.09746038168668747, 0.10170230269432068, 0.09710028767585754], "mape": [33.09502410888672, 32.91828918457031, 31.121049880981445, 31.527202606201172, 31.394184112548828]}