{"loss": [0.20617371797561646, 0.19844521582126617, 0.19271965324878693, 0.18526184558868408, 0.17867358028888702], "mse": [0.20617371797561646, 0.19844521582126617, 0.19271965324878693, 0.18526184558868408, 0.17867358028888702], "mae": [0.34452494978904724, 0.33855876326560974, 0.3311919867992401, 0.3269060552120209, 0.3187501132488251], "mape": [181.14456176757812, 165.90493774414062, 154.2823944091797, 161.85765075683594, 167.42283630371094]}