{"loss": [0.25998014211654663, 0.2589462399482727, 0.26114216446876526, 0.2564079165458679, 0.25570181012153625], "mse": [0.25998014211654663, 0.2589462399482727, 0.26114216446876526, 0.2564079165458679, 0.25570181012153625], "mae": [0.3000051975250244, 0.29986080527305603, 0.2986929416656494, 0.2989819049835205, 0.29883888363838196], "mape": [240.5294647216797, 336.70947265625, 292.2666320800781, 355.5240478515625, 355.6072998046875]}