{"loss": [0.15478235483169556, 0.1540251523256302, 0.15062136948108673, 0.14965113997459412, 0.14561393857002258], "mse": [0.15478235483169556, 0.1540251523256302, 0.15062136948108673, 0.14965113997459412, 0.14561393857002258], "mae": [0.28641098737716675, 0.29080265760421753, 0.2852588891983032, 0.28615662455558777, 0.28573185205459595], "mape": [249.5554962158203, 178.07093811035156, 212.6280059814453, 144.6580047607422, 176.40423583984375]}