{"loss": [0.08410639315843582, 0.08336065709590912, 0.0828644260764122, 0.0840097963809967, 0.0819854661822319], "mse": [0.08410639315843582, 0.08336065709590912, 0.0828644260764122, 0.0840097963809967, 0.0819854661822319], "mae": [0.2263961136341095, 0.221718892455101, 0.2225591093301773, 0.22312548756599426, 0.21980851888656616], "mape": [95.53868103027344, 97.1972885131836, 95.906494140625, 88.2613754272461, 96.47550201416016]}