{"loss": [0.2227143496274948, 0.22231525182724, 0.22426044940948486, 0.22061163187026978, 0.2199748009443283], "mse": [0.2227143496274948, 0.22231525182724, 0.22426044940948486, 0.22061163187026978, 0.2199748009443283], "mae": [0.2840655446052551, 0.28169500827789307, 0.27855560183525085, 0.2815171480178833, 0.2792048454284668], "mape": [231.3468780517578, 274.8768615722656, 233.65936279296875, 256.4836730957031, 244.67405700683594]}