{"loss": [0.08332659304141998, 0.08368850499391556, 0.08235838264226913, 0.08396542072296143, 0.08149436116218567], "mse": [0.08332659304141998, 0.08368850499391556, 0.08235838264226913, 0.08396542072296143, 0.08149436116218567], "mae": [0.21940898895263672, 0.21722771227359772, 0.21680855751037598, 0.2195601612329483, 0.21702608466148376], "mape": [66.28768157958984, 66.49922180175781, 67.70387268066406, 69.40438079833984, 69.21791076660156]}