{"loss": [0.1177264153957367, 0.11355924606323242, 0.11362477391958237, 0.11268169432878494, 0.10834948718547821], "mse": [0.1177264153957367, 0.11355924606323242, 0.11362477391958237, 0.11268169432878494, 0.10834948718547821], "mae": [0.26276785135269165, 0.2580816149711609, 0.25765371322631836, 0.25738605856895447, 0.25182071328163147], "mape": [118.25094604492188, 126.3040771484375, 119.12458038330078, 105.64891815185547, 116.80244445800781]}