{"loss": [0.10039758682250977, 0.09839336574077606, 0.0959428995847702, 0.0962783619761467, 0.09371602535247803], "mse": [0.10039758682250977, 0.09839336574077606, 0.0959428995847702, 0.0962783619761467, 0.09371602535247803], "mae": [0.24344299733638763, 0.2395314872264862, 0.23530977964401245, 0.23633378744125366, 0.2344234734773636], "mape": [71.0702896118164, 72.37351989746094, 72.76209259033203, 73.88249206542969, 73.1000747680664]}