{"loss": [0.12615950405597687, 0.12328419089317322, 0.12141712009906769, 0.1186562031507492, 0.11634637415409088], "mse": [0.12615950405597687, 0.12328419089317322, 0.12141712009906769, 0.1186562031507492, 0.11634637415409088], "mae": [0.25455325841903687, 0.2519093453884125, 0.2504289746284485, 0.2463456094264984, 0.24170942604541779], "mape": [139.75003051757812, 130.46327209472656, 130.09417724609375, 139.4618682861328, 138.87350463867188]}