{"loss": [0.15478235483169556, 0.1540251076221466, 0.15062136948108673, 0.14965108036994934, 0.1456139087677002], "mse": [0.15478235483169556, 0.1540251076221466, 0.15062136948108673, 0.14965108036994934, 0.1456139087677002], "mae": [0.2864110469818115, 0.29080265760421753, 0.2852588891983032, 0.28615668416023254, 0.28573185205459595], "mape": [249.55543518066406, 178.07086181640625, 212.6280059814453, 144.65797424316406, 176.4042510986328]}