{"loss": [0.12820594012737274, 0.12815935909748077, 0.12605851888656616, 0.12773260474205017, 0.12712150812149048], "mse": [0.12820594012737274, 0.12815935909748077, 0.12605851888656616, 0.12773260474205017, 0.12712150812149048], "mae": [0.2103915810585022, 0.2112477868795395, 0.2090349793434143, 0.20751291513442993, 0.20914043486118317], "mape": [47.10845947265625, 47.40885543823242, 45.23085403442383, 46.71000671386719, 46.467525482177734]}