{"loss": [0.12088567763566971, 0.10506977140903473, 0.10121827572584152, 0.09228239953517914, 0.09079749137163162], "mse": [0.12088567763566971, 0.10506977140903473, 0.10121827572584152, 0.09228239953517914, 0.09079749137163162], "mae": [0.0948491171002388, 0.08744461834430695, 0.08480957895517349, 0.07945550233125687, 0.08378663659095764], "mape": [145.49453735351562, 150.60777282714844, 173.52857971191406, 189.5027618408203, 189.9706573486328]}