{"loss": [0.2703099548816681, 0.2577753961086273, 0.2549002170562744, 0.24762003123760223, 0.24041245877742767], "mse": [0.2703099548816681, 0.2577753961086273, 0.2549002170562744, 0.24762003123760223, 0.24041245877742767], "mae": [0.3746013939380646, 0.3655664622783661, 0.3635903298854828, 0.35793331265449524, 0.3551747798919678], "mape": [254.52952575683594, 256.8479309082031, 245.50347900390625, 236.71051025390625, 242.13880920410156]}