{"loss": [0.11752860248088837, 0.10092511028051376, 0.09997763484716415, 0.09602589905261993, 0.08998271077871323], "mse": [0.11752860248088837, 0.10092511028051376, 0.09997763484716415, 0.09602589905261993, 0.08998271077871323], "mae": [0.09377674013376236, 0.08480574935674667, 0.08810237050056458, 0.0830758661031723, 0.07961548864841461], "mape": [49.941864013671875, 48.10374069213867, 53.26136016845703, 55.56405258178711, 50.071449279785156]}