{"loss": [0.07017955183982849, 0.06646502017974854, 0.0633019506931305, 0.06660344451665878, 0.06078465282917023], "mse": [0.07017955183982849, 0.06646502017974854, 0.0633019506931305, 0.06660344451665878, 0.06078465282917023], "mae": [0.12872080504894257, 0.12122189998626709, 0.12159253656864166, 0.12213146686553955, 0.11843008548021317], "mape": [37.40943908691406, 36.570884704589844, 36.0501823425293, 34.75344467163086, 34.669151306152344]}