{"loss": [0.3080580234527588, 0.30036062002182007, 0.28958219289779663, 0.2812599241733551, 0.2752446234226227], "mse": [0.3080580234527588, 0.30036062002182007, 0.28958219289779663, 0.2812599241733551, 0.2752446234226227], "mae": [0.42597851157188416, 0.4245961308479309, 0.41651761531829834, 0.40968501567840576, 0.4048599898815155], "mape": [389.190185546875, 361.14459228515625, 374.25921630859375, 319.3712463378906, 337.9993896484375]}