{"loss": [0.08725962042808533, 0.08679815381765366, 0.085625059902668, 0.08673840761184692, 0.08515209704637527], "mse": [0.08725962042808533, 0.08679815381765366, 0.085625059902668, 0.08673840761184692, 0.08515209704637527], "mae": [0.22503580152988434, 0.22161352634429932, 0.22228887677192688, 0.2230089157819748, 0.22185929119586945], "mape": [68.75067138671875, 67.14610290527344, 69.0653305053711, 71.61304473876953, 70.41281127929688]}