{"losses": [0.13060685992240906, 0.10500889271497726, 0.09073170274496078, 0.08041701465845108, 0.07239510118961334, 0.06594691425561905, 0.060638558119535446, 0.056203749030828476, 0.05243460088968277, 0.04920951649546623, 0.04641956090927124, 0.044001538306474686, 0.04187016561627388, 0.03999025747179985, 0.03832279518246651, 0.03682806342840195, 0.03548508882522583, 0.03426746651530266, 0.03316822648048401, 0.032162897288799286, 0.031238753348588943, 0.030389823019504547, 0.02960805967450142, 0.02887417934834957, 0.028198467567563057, 0.027565300464630127, 0.02697920612990856, 0.026415664702653885, 0.025899048894643784, 0.025402268394827843, 0.02493814378976822, 0.024501951411366463, 0.024090712890028954, 0.023696430027484894, 0.023321054875850677, 0.022968219593167305, 0.022636977955698967, 0.022314010187983513, 0.02201085351407528, 0.02171853557229042, 0.021441519260406494, 0.02117341198027134, 0.020925559103488922, 0.020681114867329597, 0.020448390394449234, 0.020225465297698975, 0.020009970292448997, 0.01980786956846714, 0.019611850380897522, 0.01942547783255577, 0.019239431247115135, 0.01906939595937729, 0.018897579982876778, 0.0187371838837862, 0.018581928685307503, 0.018429452553391457, 0.01828691177070141, 0.018140804022550583, 0.018010366708040237, 0.017874468117952347], "rmses": [0.36139571099061074, 0.3240507563869853, 0.30121703594743904, 0.283578939024835, 0.2690633776447723, 0.25680131279964097, 0.24624897587509972, 0.23707329885676387, 0.2289860277171574, 0.2218321809284357, 0.21545199212184427, 0.2097654363961677, 0.20462200667639313, 0.19997564219624311, 0.1957620882154318, 0.19190639235940513, 0.18837486250884386, 0.18511473878463233, 0.18212146079055047, 0.17934017198831745, 0.17674488210013026, 0.17432677080558953, 0.17206992669987808, 0.1699240399365245, 0.16792399342429615, 0.1660280110843653, 0.16425348133269066, 0.1625289657342773, 0.16093181442661916, 0.15938089093372468, 0.15791815535196774, 0.15653099185581895, 0.15521183231322588, 0.15393644801503278, 0.15271232719021302, 0.15155269576344496, 0.15045590036850987, 0.14937874744415122, 0.14836055241901494, 0.14737209902926138, 0.14642922952882903, 0.14551086550588357, 0.14465669394635328, 0.1438093003506018, 0.14299786849617457, 0.1422162624234619, 0.1414566021522113, 0.14074043331064154, 0.14004231639364412, 0.13937531285186688, 0.13870627688433979, 0.13809198368977574, 0.13746846904973073, 0.13688383353700392, 0.13631554821555575, 0.1357551198054477, 0.13522910844452612, 0.13468780205553355, 0.134202707528724, 0.13369543043033424]}