{"losses": [0.11630189418792725, 0.090174600481987, 0.08826085925102234, 0.08678723871707916, 0.08548859506845474, 0.08431278169155121, 0.08324378728866577, 0.08226992189884186, 0.08138022571802139, 0.08056394010782242, 0.0798143669962883, 0.07912363857030869, 0.07848554104566574, 0.07789821922779083, 0.07735171914100647, 0.07684632390737534, 0.07637940347194672, 0.07594556361436844, 0.07554161548614502, 0.07516603171825409, 0.07481633126735687, 0.07448934763669968, 0.0741841271519661, 0.07389936596155167, 0.07363078743219376, 0.07337898015975952, 0.0731414332985878, 0.07291700690984726, 0.0727057233452797, 0.07250277698040009, 0.07231190800666809, 0.0721285343170166, 0.07195308059453964, 0.07178562134504318, 0.07162414491176605, 0.071469746530056, 0.0713195875287056, 0.07117398083209991, 0.07103429734706879, 0.07089734822511673, 0.07076546549797058, 0.07063494622707367, 0.07051008194684982, 0.07038615643978119, 0.0702633410692215, 0.07014439254999161, 0.0700274333357811, 0.06991191953420639, 0.06979919224977493, 0.06968699395656586, 0.06957569718360901, 0.06946579366922379, 0.06935600191354752, 0.06924841552972794, 0.06914190948009491, 0.06903421133756638, 0.06892850995063782, 0.06882255524396896, 0.06871618330478668, 0.06861136853694916], "rmses": [0.34103063526306143, 0.3002908598042688, 0.2970872923082075, 0.2945967391487543, 0.29238432767242284, 0.290366633226945, 0.2885199946081134, 0.2868273381301752, 0.285272195837627, 0.2838378764503117, 0.28251436599983426, 0.28128924360932944, 0.28015271022366667, 0.27910252458154305, 0.27812177034710256, 0.27721169511291427, 0.27636823889865986, 0.27558222659374904, 0.2748483499789384, 0.27416424223128383, 0.2735257415077361, 0.2729273669617975, 0.27236763235003913, 0.27184437820479507, 0.27134993538269686, 0.27088554808213655, 0.27044672913272183, 0.2700314924408767, 0.26963998840172, 0.26926339703049146, 0.26890873545994765, 0.2685675600608097, 0.26824071390178567, 0.26792838846423717, 0.2676268762881749, 0.26733826237569513, 0.26705727387342515, 0.2667845213502836, 0.2665226019441293, 0.26626555959251796, 0.26601779169441014, 0.2657723579062986, 0.2655373456725999, 0.2653038945054919, 0.26507233176855993, 0.2648478668027961, 0.2646269701594701, 0.2644086222765937, 0.26419536757819, 0.2639829425485023, 0.26377205535008635, 0.2635636425405139, 0.26335527698063604, 0.2631509367829192, 0.2629484920665926, 0.26274362282949204, 0.2625423964822402, 0.2623405329795016, 0.2621377182032122, 0.2619377188129826]}