{"loss": [0.5287258625030518, 0.3795853853225708, 0.33764612674713135, 0.31254857778549194, 0.2937909662723541], "mse": [0.5287258625030518, 0.3795853853225708, 0.33764612674713135, 0.31254857778549194, 0.2937909662723541], "mae": [0.5471957921981812, 0.46817708015441895, 0.44317132234573364, 0.428504079580307, 0.4133882224559784], "mape": [281.2797546386719, 235.67401123046875, 219.46006774902344, 219.40467834472656, 214.6197509765625]}