{"loss": [0.05375948175787926, 0.05033881589770317, 0.04933173209428787, 0.05326097086071968, 0.047684453427791595], "mse": [0.05375948175787926, 0.05033881589770317, 0.04933173209428787, 0.05326097086071968, 0.047684453427791595], "mae": [0.11289304494857788, 0.10761566460132599, 0.10706248879432678, 0.10887949168682098, 0.10412028431892395], "mape": [34.93754196166992, 34.526092529296875, 34.99031448364258, 33.02065658569336, 31.726579666137695]}