{"loss": [0.22671420872211456, 0.22672800719738007, 0.2274903953075409, 0.2240758240222931, 0.22299055755138397], "mse": [0.22671420872211456, 0.22672800719738007, 0.2274903953075409, 0.2240758240222931, 0.22299055755138397], "mae": [0.28487205505371094, 0.2851279377937317, 0.2809601128101349, 0.2822496294975281, 0.2804514467716217], "mape": [246.27371215820312, 282.9339904785156, 242.9938201904297, 262.3045654296875, 262.725830078125]}