{"loss": [0.22845210134983063, 0.22801518440246582, 0.2298082411289215, 0.22598496079444885, 0.22541509568691254], "mse": [0.22845210134983063, 0.22801518440246582, 0.2298082411289215, 0.22598496079444885, 0.22541509568691254], "mae": [0.28753578662872314, 0.28541597723960876, 0.2822878658771515, 0.2844098210334778, 0.28273069858551025], "mape": [234.64988708496094, 277.7287902832031, 235.95217895507812, 256.8113098144531, 247.2607879638672]}