{"loss": [0.07512499392032623, 0.06732150912284851, 0.07248624414205551, 0.06874020397663116, 0.0571422316133976], "mse": [0.07512499392032623, 0.06732150912284851, 0.07248624414205551, 0.06874020397663116, 0.0571422316133976], "mae": [0.0750526636838913, 0.06828643381595612, 0.06875788420438766, 0.06582065671682358, 0.065069280564785], "mape": [167.53707885742188, 117.04100799560547, 160.62120056152344, 145.12899780273438, 170.0745391845703]}