{"loss": [0.08719652146100998, 0.08737611770629883, 0.08599916100502014, 0.08752699941396713, 0.08517064899206161], "mse": [0.08719652146100998, 0.08737611770629883, 0.08599916100502014, 0.08752699941396713, 0.08517064899206161], "mae": [0.22478920221328735, 0.22235724329948425, 0.22142064571380615, 0.22429746389389038, 0.22225286066532135], "mape": [67.53790283203125, 67.66905212402344, 69.31356811523438, 70.90251922607422, 70.75157165527344]}