{"loss": [0.1301732361316681, 0.12774553894996643, 0.12779885530471802, 0.12374474108219147, 0.12344901263713837], "mse": [0.1301732361316681, 0.12774553894996643, 0.12779885530471802, 0.12374474108219147, 0.12344901263713837], "mae": [0.2628553509712219, 0.2553213834762573, 0.2554754614830017, 0.25271546840667725, 0.25253260135650635], "mape": [151.79466247558594, 144.3363037109375, 143.4976806640625, 143.76084899902344, 154.1725616455078]}