{"loss": [0.1918596476316452, 0.1837874948978424, 0.181508406996727, 0.17565836012363434, 0.17203693091869354], "mse": [0.1918596476316452, 0.1837874948978424, 0.181508406996727, 0.17565836012363434, 0.17203693091869354], "mae": [0.32043516635894775, 0.31291770935058594, 0.30948010087013245, 0.30370888113975525, 0.30242133140563965], "mape": [217.38987731933594, 219.35476684570312, 197.29673767089844, 202.85630798339844, 201.56195068359375]}