{"loss": [0.16527307033538818, 0.1641155183315277, 0.16079972684383392, 0.15941137075424194, 0.15567229688167572], "mse": [0.16527307033538818, 0.1641155183315277, 0.16079972684383392, 0.15941137075424194, 0.15567229688167572], "mae": [0.29747897386550903, 0.30105847120285034, 0.2965760827064514, 0.2967546582221985, 0.29655206203460693], "mape": [261.62249755859375, 191.13914489746094, 227.601318359375, 150.8639373779297, 191.12847900390625]}