{"loss": [0.12820589542388916, 0.1281583607196808, 0.12605728209018707, 0.12773004174232483, 0.12711986899375916], "mse": [0.12820589542388916, 0.1281583607196808, 0.12605728209018707, 0.12773004174232483, 0.12711986899375916], "mae": [0.21039196848869324, 0.21124549210071564, 0.2090347409248352, 0.2075115293264389, 0.2091393619775772], "mape": [47.108795166015625, 47.408302307128906, 45.23051834106445, 46.70939254760742, 46.46683120727539]}