{"losses": [0.13176082074642181, 0.11859039217233658, 0.11393440514802933, 0.11179246008396149, 0.10981807112693787, 0.10830103605985641, 0.10716426372528076, 0.10614684969186783, 0.10521890223026276, 0.10440241545438766, 0.10366175323724747, 0.10297656059265137, 0.1023305356502533, 0.10173002630472183, 0.10119173675775528, 0.10066704452037811, 0.10017889738082886, 0.09972051531076431, 0.09928543120622635, 0.09887350350618362, 0.09848367422819138, 0.09810315817594528, 0.09776528179645538, 0.09742477536201477, 0.09711753576993942, 0.096797876060009, 0.09650259464979172, 0.09622529149055481, 0.0959467813372612, 0.09568760544061661, 0.0954335555434227, 0.09519825875759125, 0.09496550261974335, 0.09473630040884018, 0.09452292323112488, 0.09431495517492294, 0.09409496188163757, 0.09390946477651596, 0.0937211811542511, 0.0935385599732399, 0.09335130453109741, 0.0931825116276741, 0.09300831705331802, 0.09284371137619019, 0.09269595891237259, 0.09253283590078354, 0.09239000082015991, 0.09223148971796036, 0.0920930877327919, 0.09195343405008316, 0.09180837124586105, 0.09167112410068512, 0.09154128283262253, 0.09141335636377335, 0.09128277003765106, 0.09116090089082718, 0.09103989601135254, 0.09091756492853165, 0.09080906212329865, 0.0906824991106987], "rmses": [0.3629887336356623, 0.344369557557483, 0.3375417087531989, 0.3343537947802619, 0.3313880974430703, 0.32909122756441933, 0.3273595328156502, 0.3258018564892899, 0.3243746325319888, 0.3231136262282785, 0.3219654534841393, 0.3208996113937369, 0.3198914435402318, 0.31895144819348575, 0.31810648650688544, 0.3172807030381427, 0.3165105012173038, 0.3157855527264734, 0.31509590794903436, 0.3144415740740776, 0.31382109820528636, 0.3132142368666298, 0.31267440220852005, 0.3121294208529769, 0.31163686522929124, 0.3111235704025155, 0.31064866754871445, 0.3102020172251541, 0.3097527745432819, 0.30933413235628654, 0.3089232194954317, 0.30854215069839525, 0.3081647329266335, 0.3077926256570163, 0.307445805356204, 0.30710740006538906, 0.30674902099540197, 0.30644651209716184, 0.30613915325265256, 0.30584074282743934, 0.305534457191161, 0.30525810657159314, 0.3049726496807837, 0.3047026605991326, 0.30446011054384875, 0.30419210361346255, 0.30395723518310913, 0.3036963775186664, 0.30346842954876196, 0.30323824635108804, 0.3029989624501395, 0.30277239653027344, 0.3025578999672997, 0.30234641781204113, 0.30213038582315926, 0.30192863542702797, 0.30172818232865245, 0.3015253968217796, 0.30134541994743946, 0.3011353501512214]}