{"losses": [0.43402400612831116, 0.3193451762199402, 0.286401629447937, 0.264712393283844, 0.24888092279434204, 0.2367687225341797, 0.22721631824970245, 0.21894480288028717, 0.21141235530376434, 0.20451517403125763, 0.19816063344478607, 0.19243338704109192, 0.1871831864118576, 0.18232525885105133, 0.17778414487838745, 0.17356768250465393, 0.16966307163238525, 0.16605854034423828, 0.16259051859378815, 0.15930770337581635, 0.15622307360172272, 0.15337558090686798, 0.15062326192855835, 0.14800740778446198, 0.14555852115154266, 0.14318808913230896, 0.14094731211662292, 0.1388150155544281, 0.13680662214756012, 0.13481950759887695, 0.1329754889011383, 0.13116833567619324, 0.12940055131912231, 0.12775644659996033, 0.1261179894208908, 0.12456865608692169, 0.12307869642972946, 0.12161816656589508, 0.12029313296079636, 0.11890991032123566, 0.11761374771595001, 0.11641819775104523, 0.11512984335422516, 0.11395171284675598, 0.11283998936414719, 0.11177626997232437, 0.11067111045122147, 0.10963437706232071, 0.10859686136245728, 0.10760783404111862, 0.106674924492836, 0.10577169060707092, 0.10483966022729874, 0.10393495112657547, 0.10311002284288406, 0.10224951058626175, 0.10144886374473572, 0.10069873929023743, 0.09990055114030838, 0.09911300987005234], "rmses": [0.6588049833815096, 0.565106340629744, 0.5351650487914331, 0.5145020828760988, 0.49887966764976704, 0.4865888639644147, 0.4766721286688602, 0.4679153800424679, 0.45979599313583014, 0.45223353925959275, 0.44515237104252975, 0.43867230028928417, 0.43264672240970187, 0.42699561924105417, 0.42164457174068715, 0.4166145490794266, 0.4119017742525337, 0.40750281022863916, 0.4032251462815633, 0.3991336911058954, 0.3952506465544651, 0.3916319457180019, 0.38810212821956847, 0.3847173089223592, 0.38152132463539, 0.37840202051826966, 0.37542950352446053, 0.37257887158885983, 0.3698737921880383, 0.3671777602182313, 0.364658043790533, 0.3621716936429368, 0.3597228812838048, 0.3574303381079456, 0.3551309468645204, 0.3529428510211273, 0.35082573513032, 0.34873796261074747, 0.34683300442835074, 0.3448331630241437, 0.34294860798077315, 0.34120111041883383, 0.33930788872972756, 0.33756734564639984, 0.33591664049901904, 0.33432958285548764, 0.33267267764459024, 0.3311108229314178, 0.32954037895598964, 0.328036330367718, 0.3266112742892321, 0.325225599556786, 0.3237895307561669, 0.32238944015984067, 0.32110749421787727, 0.3197647738358022, 0.3185103824755729, 0.31733064662940674, 0.3160704844497638, 0.3148221877029196]}