{"loss": [0.16309410333633423, 0.16168130934238434, 0.15884262323379517, 0.15449462831020355, 0.15164810419082642], "mse": [0.16309410333633423, 0.16168130934238434, 0.15884262323379517, 0.15449462831020355, 0.15164810419082642], "mae": [0.2979162633419037, 0.2964262366294861, 0.29119375348091125, 0.2896125614643097, 0.290447860956192], "mape": [298.2183837890625, 234.33164978027344, 270.4200439453125, 187.19070434570312, 200.0963897705078]}