{"loss": [0.3819282054901123, 0.32568493485450745, 0.31442639231681824, 0.30411332845687866, 0.2973957061767578], "mse": [0.3819282054901123, 0.32568493485450745, 0.31442639231681824, 0.30411332845687866, 0.2973957061767578], "mae": [0.37195929884910583, 0.34265610575675964, 0.3327554762363434, 0.3266105055809021, 0.32277560234069824], "mape": [356.1340026855469, 330.3517150878906, 287.1166687011719, 285.36871337890625, 268.8930358886719]}