{"loss": [0.12821149826049805, 0.12816213071346283, 0.12605808675289154, 0.12773354351520538, 0.1271224319934845], "mse": [0.12821149826049805, 0.12816213071346283, 0.12605808675289154, 0.12773354351520538, 0.1271224319934845], "mae": [0.21039825677871704, 0.21124836802482605, 0.20903563499450684, 0.2075132131576538, 0.20914074778556824], "mape": [47.10926055908203, 47.4085807800293, 45.230247497558594, 46.7094612121582, 46.467041015625]}