{"loss": [0.22271433472633362, 0.22231529653072357, 0.22426044940948486, 0.22061163187026978, 0.21997478604316711], "mse": [0.22271433472633362, 0.22231529653072357, 0.22426044940948486, 0.22061163187026978, 0.21997478604316711], "mae": [0.2840655446052551, 0.28169500827789307, 0.27855560183525085, 0.2815172076225281, 0.2792048752307892], "mape": [231.34689331054688, 274.87689208984375, 233.6593017578125, 256.4836730957031, 244.674072265625]}