{"loss": [0.0818064957857132, 0.07323816418647766, 0.0777345523238182, 0.06623965501785278, 0.07965805381536484], "mse": [0.0818064957857132, 0.07323816418647766, 0.0777345523238182, 0.06623965501785278, 0.07965805381536484], "mae": [0.07843733578920364, 0.07069919258356094, 0.0736522227525711, 0.0678979754447937, 0.07487495243549347], "mape": [51.45297622680664, 46.27935028076172, 50.267086029052734, 49.35982131958008, 51.804656982421875]}