{"loss": [0.08985979110002518, 0.08951016515493393, 0.08931504189968109, 0.09129740297794342, 0.08840654790401459], "mse": [0.08985979110002518, 0.08951016515493393, 0.08931504189968109, 0.09129740297794342, 0.08840654790401459], "mae": [0.23300889134407043, 0.22991898655891418, 0.23004311323165894, 0.23190122842788696, 0.22854399681091309], "mape": [94.51969909667969, 106.08275604248047, 99.99250793457031, 90.69258117675781, 99.77034759521484]}