{"loss": [0.05375947803258896, 0.05033881962299347, 0.04933172091841698, 0.05326098948717117, 0.047684453427791595], "mse": [0.05375947803258896, 0.05033881962299347, 0.04933172091841698, 0.05326098948717117, 0.047684453427791595], "mae": [0.11289305239915848, 0.10761568695306778, 0.1070624589920044, 0.10887952893972397, 0.10412028431892395], "mape": [34.93754196166992, 34.52608108520508, 34.99030685424805, 33.0206413269043, 31.726577758789062]}