{"loss": [0.10174178332090378, 0.09821402281522751, 0.09733081609010696, 0.09666503965854645, 0.09466354548931122], "mse": [0.10174178332090378, 0.09821402281522751, 0.09733081609010696, 0.09666503965854645, 0.09466354548931122], "mae": [0.24182665348052979, 0.23861169815063477, 0.23530729115009308, 0.23596519231796265, 0.23499876260757446], "mape": [6597.7060546875, 6421.32861328125, 7325.0107421875, 8285.8154296875, 5980.66796875]}