{"loss": [0.22845207154750824, 0.22801518440246582, 0.22980822622776031, 0.22598497569561005, 0.22541509568691254], "mse": [0.22845207154750824, 0.22801518440246582, 0.22980822622776031, 0.22598497569561005, 0.22541509568691254], "mae": [0.28753578662872314, 0.2854159474372864, 0.28228792548179626, 0.284409761428833, 0.28273069858551025], "mape": [234.64987182617188, 277.72882080078125, 235.9522247314453, 256.81134033203125, 247.2607879638672]}