{"loss": [0.11514630913734436, 0.11471836268901825, 0.11249066144227982, 0.11404180526733398, 0.1134733036160469], "mse": [0.11514630913734436, 0.11471836268901825, 0.11249066144227982, 0.11404180526733398, 0.1134733036160469], "mae": [0.1988627165555954, 0.19770658016204834, 0.19777894020080566, 0.19550897181034088, 0.19796936213970184], "mape": [44.5662841796875, 44.340789794921875, 42.765445709228516, 43.880950927734375, 44.256893157958984]}