{"loss": [0.16527308523654938, 0.1641155183315277, 0.16079974174499512, 0.15941134095191956, 0.15567226707935333], "mse": [0.16527308523654938, 0.1641155183315277, 0.16079974174499512, 0.15941134095191956, 0.15567226707935333], "mae": [0.29747894406318665, 0.30105850100517273, 0.2965760827064514, 0.2967546880245209, 0.2965520918369293], "mape": [261.6225280761719, 191.13905334472656, 227.60134887695312, 150.8638458251953, 191.12843322753906]}