{"loss": [0.2916638255119324, 0.28918540477752686, 0.28907063603401184, 0.28386279940605164, 0.2819669544696808], "mse": [0.2916638255119324, 0.28918540477752686, 0.28907063603401184, 0.28386279940605164, 0.2819669544696808], "mae": [0.3161891996860504, 0.3164820969104767, 0.3141947388648987, 0.31296947598457336, 0.3130602240562439], "mape": [263.3499755859375, 292.11810302734375, 252.32211303710938, 257.2586975097656, 254.7753448486328]}