{"loss": [0.26001277565956116, 0.2558329999446869, 0.25014668703079224, 0.24446146190166473, 0.23726831376552582], "mse": [0.26001277565956116, 0.2558329999446869, 0.25014668703079224, 0.24446146190166473, 0.23726831376552582], "mae": [0.38914451003074646, 0.3901241719722748, 0.3851880729198456, 0.37964382767677307, 0.3724791705608368], "mape": [339.8110656738281, 265.1491394042969, 324.7740173339844, 247.97280883789062, 263.9945983886719]}