{"loss": [0.04008738696575165, 0.036233723163604736, 0.032510410994291306, 0.038728028535842896, 0.031522296369075775], "mse": [0.04008738696575165, 0.036233723163604736, 0.032510410994291306, 0.038728028535842896, 0.031522296369075775], "mae": [0.09778474271297455, 0.09283864498138428, 0.08812376856803894, 0.09483630210161209, 0.08918166905641556], "mape": [31.16251564025879, 30.507999420166016, 29.048629760742188, 29.780513763427734, 30.45247459411621]}