{"loss": [0.28211814165115356, 0.2694256603717804, 0.26608580350875854, 0.25758203864097595, 0.25197964906692505], "mse": [0.28211814165115356, 0.2694256603717804, 0.26608580350875854, 0.25758203864097595, 0.25197964906692505], "mae": [0.38608619570732117, 0.3800150454044342, 0.38046666979789734, 0.37056007981300354, 0.36933061480522156], "mape": [249.02452087402344, 256.02679443359375, 246.8153839111328, 242.64759826660156, 246.37701416015625]}