{"loss": [0.08670611679553986, 0.08564799278974533, 0.08530969172716141, 0.08649828284978867, 0.08433342725038528], "mse": [0.08670611679553986, 0.08564799278974533, 0.08530969172716141, 0.08649828284978867, 0.08433342725038528], "mae": [0.22980248928070068, 0.22450865805149078, 0.2256253957748413, 0.22619546949863434, 0.22291681170463562], "mape": [96.6374740600586, 97.89144134521484, 96.6349868774414, 88.53803253173828, 96.8751220703125]}