{"loss": [0.10039759427309036, 0.09839334338903427, 0.0959428921341896, 0.09627833217382431, 0.09371601790189743], "mse": [0.10039759427309036, 0.09839334338903427, 0.0959428921341896, 0.09627833217382431, 0.09371601790189743], "mae": [0.24344298243522644, 0.2395315021276474, 0.23530976474285126, 0.23633387684822083, 0.23442348837852478], "mape": [71.07028198242188, 72.3735122680664, 72.76209259033203, 73.88247680664062, 73.10008239746094]}