{"loss": [0.2009591907262802, 0.19487576186656952, 0.19485042989253998, 0.19114741683006287, 0.18779827654361725], "mse": [0.2009591907262802, 0.19487576186656952, 0.19485042989253998, 0.19114741683006287, 0.18779827654361725], "mae": [0.32983672618865967, 0.32330456376075745, 0.3279116153717041, 0.3233588635921478, 0.32099542021751404], "mape": [229.75914001464844, 232.33868408203125, 219.77871704101562, 219.75543212890625, 223.9048309326172]}