{"losses": [0.05014888942241669, 0.04800421744585037, 0.04744455963373184, 0.04719351604580879, 0.04699311405420303, 0.04681830853223801, 0.04667728394269943, 0.046563051640987396, 0.04645891115069389, 0.04637527838349342, 0.04629790782928467, 0.046230658888816833, 0.04616137593984604, 0.04610799625515938, 0.04605972394347191, 0.046009212732315063, 0.04596608504652977, 0.04592291638255119, 0.04588308557868004, 0.04584508016705513, 0.04581350460648537, 0.04578002914786339, 0.04575016349554062, 0.0457216240465641, 0.04569030925631523, 0.04566443711519241, 0.045635804533958435, 0.045614469796419144, 0.04558660462498665, 0.045566149055957794, 0.0455470010638237, 0.045525871217250824, 0.04550439491868019, 0.04548129066824913, 0.04546431079506874, 0.04544650763273239, 0.04543103277683258, 0.04540916532278061, 0.04538954794406891, 0.045374177396297455, 0.045356009155511856, 0.04534449055790901, 0.04532599821686745, 0.045312006026506424, 0.045300014317035675, 0.045276835560798645, 0.04526901990175247, 0.04525332152843475, 0.04523571580648422, 0.04522474855184555, 0.0452115572988987, 0.045197878032922745, 0.04518604651093483, 0.04517572000622749, 0.04516005143523216, 0.04514814168214798, 0.045134369283914566, 0.04512013494968414, 0.04511578381061554, 0.045104753226041794], "rmses": [0.2239394771415185, 0.21909864774993562, 0.21781772111959083, 0.21724068690235904, 0.21677895205532072, 0.21637538800020212, 0.21604926276823866, 0.21578473449479088, 0.21554329298471314, 0.21534920102822167, 0.21516948628763483, 0.2150131598038056, 0.21485198612031967, 0.21472772586501115, 0.2146152928928223, 0.2144975821129811, 0.21439702667371524, 0.21429632843926932, 0.2142033743400884, 0.21411464257975243, 0.21404089470586074, 0.21396268167104138, 0.21389287855265451, 0.21382615379453493, 0.21375291636914626, 0.21369238899687656, 0.213625383636773, 0.2135754428683671, 0.2135101979414254, 0.21346228954070037, 0.2134174338329081, 0.21336792452768252, 0.21331759167654268, 0.21326343021776878, 0.21322361687924896, 0.2131818651591462, 0.2131455671057519, 0.21309426393683292, 0.21304822915027694, 0.21301215316572306, 0.21296950287661343, 0.2129424583259736, 0.21289903291670315, 0.21286616928602445, 0.21283800017157575, 0.21278354156465826, 0.21276517549108565, 0.21272828097936286, 0.21268689617953482, 0.2126611119877011, 0.21263009499809452, 0.21259792574934203, 0.21257009787581796, 0.21254580684226046, 0.21250894436524823, 0.21248092074854152, 0.21244850972392007, 0.21241500641358685, 0.21240476409585435, 0.21237879655474506]}