{"losses": [0.09082546830177307, 0.07190530747175217, 0.06359798461198807, 0.05837751552462578, 0.05414478853344917, 0.05066836625337601, 0.04787629470229149, 0.045627038925886154, 0.043746087700128555, 0.04207157716155052, 0.04043617472052574, 0.03870900347828865, 0.03708234801888466, 0.03592197597026825, 0.03523365408182144, 0.03478711098432541, 0.03446894511580467, 0.03423253446817398, 0.034037020057439804, 0.033874575048685074, 0.03374463692307472, 0.03362741321325302, 0.03352766111493111, 0.03343787416815758, 0.033356502652168274, 0.033284638077020645, 0.03321696072816849, 0.03315861150622368, 0.03310120478272438, 0.033046893775463104, 0.03299705684185028, 0.032952930778265, 0.032911110669374466, 0.03287038952112198, 0.032829925417900085, 0.032793182879686356, 0.03275351971387863, 0.03272130712866783, 0.03268696367740631, 0.03265343979001045, 0.032620418816804886, 0.032588597387075424, 0.03256107494235039, 0.032530710101127625, 0.0324980728328228, 0.03246985748410225, 0.032440781593322754, 0.032416507601737976, 0.03239073604345322, 0.03236602246761322, 0.03233833611011505, 0.03231244161725044, 0.03229057043790817, 0.03226570412516594, 0.03224305808544159, 0.03222084045410156, 0.032197389751672745, 0.032175853848457336, 0.03215504810214043, 0.032133471220731735], "rmses": [0.30137264026744875, 0.26815165013803693, 0.2521864084600676, 0.2416143942827616, 0.2326903275459665, 0.2250963488228452, 0.21880652344546653, 0.21360486634411247, 0.2091556542389628, 0.2051135713733992, 0.20108748026798123, 0.1967460380243746, 0.19256777513095139, 0.1895309367102591, 0.18770629739521644, 0.18651303167426508, 0.1856581404512193, 0.1850203623068931, 0.18449124656047994, 0.1840504687543204, 0.1836971336822508, 0.18337778822216452, 0.1831056009927908, 0.18286025858058272, 0.18263762660571417, 0.18244077964375358, 0.1822552076846324, 0.18209506172937168, 0.18193736499884894, 0.18178804629420248, 0.18165092028902655, 0.1815294212469841, 0.18141419643835613, 0.18130192917098809, 0.18119030166623182, 0.18108888115973978, 0.18097933504651473, 0.18089031795170196, 0.18079536409268437, 0.180702628066142, 0.18061123668477796, 0.18052312147499397, 0.18044687567910503, 0.18036271815740532, 0.18027221869390414, 0.18019394408276393, 0.180113246579264, 0.18004584861011924, 0.1799742649476675, 0.17990559320825247, 0.1798286298399536, 0.1797566177286679, 0.17969577189769428, 0.1796265685391945, 0.17956352103208933, 0.17950164471141083, 0.17943631112924927, 0.17937629121056478, 0.1793182871380954, 0.17925811340280176]}