{"loss": [0.3313611149787903, 0.31690776348114014, 0.3120458126068115, 0.30173560976982117, 0.29251766204833984], "mse": [0.3313611149787903, 0.31690776348114014, 0.3120458126068115, 0.30173560976982117, 0.29251766204833984], "mae": [0.4167768359184265, 0.4097885191440582, 0.40659525990486145, 0.39514991641044617, 0.39109212160110474], "mape": [255.71841430664062, 259.7690734863281, 252.20252990722656, 246.19993591308594, 249.9304656982422]}