{"loss": [0.061876967549324036, 0.058684952557086945, 0.05687437206506729, 0.06073089689016342, 0.05524810031056404], "mse": [0.061876967549324036, 0.058684952557086945, 0.05687437206506729, 0.06073089689016342, 0.05524810031056404], "mae": [0.12156682461500168, 0.1156042069196701, 0.11554917693138123, 0.11647975444793701, 0.11290691792964935], "mape": [36.446834564208984, 35.6995849609375, 36.37363052368164, 34.475032806396484, 33.963279724121094]}