{"loss": [0.08708519488573074, 0.08712117373943329, 0.08674555271863937, 0.08873820304870605, 0.08606788516044617], "mse": [0.08708519488573074, 0.08712117373943329, 0.08674555271863937, 0.08873820304870605, 0.08606788516044617], "mae": [0.22943738102912903, 0.22675228118896484, 0.22673951089382172, 0.22861157357692719, 0.22572436928749084], "mape": [92.99127960205078, 104.85649108886719, 98.55548858642578, 89.1458511352539, 98.4525146484375]}