{"loss": [0.08440830558538437, 0.08481384813785553, 0.08430998027324677, 0.08623237907886505, 0.08382132649421692], "mse": [0.08440830558538437, 0.08481384813785553, 0.08430998027324677, 0.08623237907886505, 0.08382132649421692], "mae": [0.22592975199222565, 0.22376564145088196, 0.2236391305923462, 0.22529958188533783, 0.22306351363658905], "mape": [91.69786834716797, 103.88066864013672, 97.35205841064453, 87.6961898803711, 97.07027435302734]}