{"loss": [0.10135204344987869, 0.10023532062768936, 0.09885872155427933, 0.09742730855941772, 0.09682664275169373], "mse": [0.10135204344987869, 0.10023532062768936, 0.09885872155427933, 0.09742730855941772, 0.09682664275169373], "mae": [0.22047638893127441, 0.2200513631105423, 0.21865445375442505, 0.21711212396621704, 0.2150508463382721], "mape": [130.32754516601562, 117.58817291259766, 120.08638763427734, 128.7852020263672, 134.31069946289062]}