{"loss": [0.13970725238323212, 0.11725933849811554, 0.11062322556972504, 0.10738953948020935, 0.10442543029785156], "mse": [0.13970725238323212, 0.11725933849811554, 0.11062322556972504, 0.10738953948020935, 0.10442543029785156], "mae": [0.28995195031166077, 0.26475125551223755, 0.2547232210636139, 0.2501806616783142, 0.24832525849342346], "mape": [91.7643051147461, 81.00904846191406, 76.7036361694336, 77.02279663085938, 76.36243438720703]}