{"loss": [0.0848684012889862, 0.0844605341553688, 0.08328987658023834, 0.0845940038561821, 0.08294980227947235], "mse": [0.0848684012889862, 0.0844605341553688, 0.08328987658023834, 0.0845940038561821, 0.08294980227947235], "mae": [0.2218138575553894, 0.21826636791229248, 0.21921664476394653, 0.2200804501771927, 0.21908436715602875], "mape": [67.31373596191406, 65.99559020996094, 67.48014068603516, 70.43765258789062, 69.0306625366211]}