{"loss": [0.13953083753585815, 0.13526584208011627, 0.13472193479537964, 0.13210411369800568, 0.13035482168197632], "mse": [0.13953083753585815, 0.13526584208011627, 0.13472193479537964, 0.13210411369800568, 0.13035482168197632], "mae": [0.27953243255615234, 0.2741154432296753, 0.2774536907672882, 0.27171725034713745, 0.27088743448257446], "mape": [206.3641357421875, 208.76805114746094, 186.06285095214844, 191.50343322753906, 195.50588989257812]}