{"loss": [0.1097058355808258, 0.10913069546222687, 0.10735536366701126, 0.10913363099098206, 0.10831514745950699], "mse": [0.1097058355808258, 0.10913069546222687, 0.10735536366701126, 0.10913363099098206, 0.10831514745950699], "mae": [0.19468919932842255, 0.19322678446769714, 0.19433234632015228, 0.19117704033851624, 0.19392889738082886], "mape": [43.750343322753906, 43.29945755004883, 42.09446716308594, 42.869964599609375, 43.379154205322266]}