{"loss": [0.11752860993146896, 0.10092511773109436, 0.09997765719890594, 0.09602588415145874, 0.08998269587755203], "mse": [0.11752860993146896, 0.10092511773109436, 0.09997765719890594, 0.09602588415145874, 0.08998269587755203], "mae": [0.09377671778202057, 0.08480573445558548, 0.08810234814882278, 0.0830758586525917, 0.0796155035495758], "mape": [49.94184494018555, 48.10374069213867, 53.2613639831543, 55.56403732299805, 50.07144546508789]}