{"loss": [0.13590843975543976, 0.13203346729278564, 0.13171547651290894, 0.12648141384124756, 0.126310333609581], "mse": [0.13590843975543976, 0.13203346729278564, 0.13171547651290894, 0.12648141384124756, 0.126310333609581], "mae": [0.2717483639717102, 0.26741543412208557, 0.2677687406539917, 0.25910988450050354, 0.2595975697040558], "mape": [123.45510864257812, 114.90386199951172, 130.09521484375, 122.47854614257812, 124.7463150024414]}