{"loss": [0.11624202132225037, 0.11391564458608627, 0.11242231726646423, 0.11015567928552628, 0.10845723003149033], "mse": [0.11624202132225037, 0.11391564458608627, 0.11242231726646423, 0.11015567928552628, 0.10845723003149033], "mae": [0.2412848025560379, 0.23866109549999237, 0.23817433416843414, 0.23482389748096466, 0.2307758331298828], "mape": [136.1698760986328, 124.84487915039062, 125.64669799804688, 135.44485473632812, 137.05128479003906]}