{"loss": [0.08095943182706833, 0.07901956140995026, 0.07895605266094208, 0.0793672502040863, 0.07835588604211807], "mse": [0.08095943182706833, 0.07901956140995026, 0.07895605266094208, 0.0793672502040863, 0.07835588604211807], "mae": [0.218991219997406, 0.2177504599094391, 0.21566197276115417, 0.21708470582962036, 0.218903049826622], "mape": [467.4885559082031, 1730.8990478515625, 4684.00048828125, 4074.8623046875, 3510.198974609375]}