{"loss": [0.1918596774339676, 0.1837874948978424, 0.181508406996727, 0.17565830051898956, 0.17203696072101593], "mse": [0.1918596774339676, 0.1837874948978424, 0.181508406996727, 0.17565830051898956, 0.17203696072101593], "mae": [0.32043516635894775, 0.31291770935058594, 0.30948004126548767, 0.30370891094207764, 0.30242133140563965], "mape": [217.38987731933594, 219.35476684570312, 197.29673767089844, 202.85630798339844, 201.56195068359375]}