{"loss": [0.09771834313869476, 0.0966600850224495, 0.09535425156354904, 0.0954974815249443, 0.0936347246170044], "mse": [0.09771834313869476, 0.0966600850224495, 0.09535425156354904, 0.0954974815249443, 0.0936347246170044], "mae": [0.23947829008102417, 0.23651830852031708, 0.23439519107341766, 0.23407262563705444, 0.23409923911094666], "mape": [73.24437713623047, 71.64922332763672, 73.98146057128906, 75.99559783935547, 75.04065704345703]}