{"loss": [0.03648582100868225, 0.04015485197305679, 0.03968724608421326, 0.03409545496106148, 0.026744620874524117], "mse": [0.03648582100868225, 0.04015485197305679, 0.03968724608421326, 0.03409545496106148, 0.026744620874524117], "mae": [0.054288629442453384, 0.05531477555632591, 0.05758335813879967, 0.05037997290492058, 0.05017030984163284], "mape": [54.50579833984375, 46.670654296875, 48.820858001708984, 45.13176345825195, 47.92683029174805]}