{"loss": [0.22845210134983063, 0.22801515460014343, 0.2298082411289215, 0.22598496079444885, 0.22541509568691254], "mse": [0.22845210134983063, 0.22801515460014343, 0.2298082411289215, 0.22598496079444885, 0.22541509568691254], "mae": [0.28753578662872314, 0.2854159474372864, 0.2822878658771515, 0.284409761428833, 0.28273069858551025], "mape": [234.64987182617188, 277.7287902832031, 235.9521942138672, 256.811279296875, 247.26083374023438]}