{"loss": [0.1528741419315338, 0.1519882082939148, 0.1491577923297882, 0.14520861208438873, 0.14258629083633423], "mse": [0.1528741419315338, 0.1519882082939148, 0.1491577923297882, 0.14520861208438873, 0.14258629083633423], "mae": [0.28849679231643677, 0.28688064217567444, 0.28076258301734924, 0.2794904410839081, 0.28160399198532104], "mape": [292.4954833984375, 217.99929809570312, 258.3937683105469, 172.4677734375, 184.73355102539062]}