{"loss": [0.09967648983001709, 0.09747923910617828, 0.09696804732084274, 0.0984557718038559, 0.0957362949848175], "mse": [0.09967648983001709, 0.09747923910617828, 0.09696804732084274, 0.0984557718038559, 0.0957362949848175], "mae": [0.242888405919075, 0.23770134150981903, 0.23708805441856384, 0.23814046382904053, 0.23582667112350464], "mape": [105.3978271484375, 109.7856216430664, 105.73836517333984, 96.59675598144531, 106.25138092041016]}