{"loss": [0.20617371797561646, 0.19844520092010498, 0.1927197128534317, 0.18526184558868408, 0.1786736100912094], "mse": [0.20617371797561646, 0.19844520092010498, 0.1927197128534317, 0.18526184558868408, 0.1786736100912094], "mae": [0.34452494978904724, 0.33855876326560974, 0.33119192719459534, 0.3269060552120209, 0.31875014305114746], "mape": [181.1445770263672, 165.9049530029297, 154.28237915039062, 161.85763549804688, 167.4227752685547]}