{"loss": [0.16952265799045563, 0.1643083393573761, 0.1638573706150055, 0.16012762486934662, 0.1574171632528305], "mse": [0.16952265799045563, 0.1643083393573761, 0.1638573706150055, 0.16012762486934662, 0.1574171632528305], "mae": [0.30369284749031067, 0.29800015687942505, 0.3034099340438843, 0.29869067668914795, 0.2963756024837494], "mape": [222.0042266845703, 220.05499267578125, 203.82899475097656, 206.93350219726562, 213.21197509765625]}