{"loss": [0.16952262818813324, 0.1643083393573761, 0.1638573855161667, 0.16012762486934662, 0.1574171483516693], "mse": [0.16952262818813324, 0.1643083393573761, 0.1638573855161667, 0.16012762486934662, 0.1574171483516693], "mae": [0.3036928176879883, 0.29800012707710266, 0.3034099340438843, 0.29869070649147034, 0.296375572681427], "mape": [222.00424194335938, 220.05499267578125, 203.82899475097656, 206.9335479736328, 213.2119903564453]}