{"loss": [0.31454312801361084, 0.2585256099700928, 0.23596394062042236, 0.21509647369384766, 0.17918196320533752], "mse": [0.31454312801361084, 0.2585256099700928, 0.23596394062042236, 0.21509647369384766, 0.17918196320533752], "mae": [0.1532638967037201, 0.13845251500606537, 0.12830860912799835, 0.12235705554485321, 0.11550699919462204], "mape": [68.44221496582031, 93.6921615600586, 74.81098937988281, 67.63816833496094, 62.987178802490234]}