{"loss": [0.08725959807634354, 0.08679815381765366, 0.0856250673532486, 0.08673840761184692, 0.08515209704637527], "mse": [0.08725959807634354, 0.08679815381765366, 0.0856250673532486, 0.08673840761184692, 0.08515209704637527], "mae": [0.22503575682640076, 0.2216135412454605, 0.22228889167308807, 0.22300894558429718, 0.2218593806028366], "mape": [68.75067138671875, 67.14608764648438, 69.06532287597656, 71.61305236816406, 70.41283416748047]}