{"loss": [0.15509280562400818, 0.15138299763202667, 0.15061083436012268, 0.14495810866355896, 0.1450904905796051], "mse": [0.15509280562400818, 0.15138299763202667, 0.15061083436012268, 0.14495810866355896, 0.1450904905796051], "mae": [0.29069700837135315, 0.28371483087539673, 0.2820744216442108, 0.27761247754096985, 0.278326153755188], "mape": [163.7186737060547, 155.92388916015625, 152.17041015625, 154.57266235351562, 168.9296875]}