{"loss": [0.10246311873197556, 0.09879530966281891, 0.09708689898252487, 0.09652071446180344, 0.09466832876205444], "mse": [0.10246311873197556, 0.09879530966281891, 0.09708689898252487, 0.09652071446180344, 0.09466832876205444], "mae": [0.24384324252605438, 0.23960673809051514, 0.2349795550107956, 0.23597855865955353, 0.23608946800231934], "mape": [738.2369995117188, 934.7086791992188, 2012.104248046875, 2665.29931640625, 649.9227905273438]}