{"loss": [0.08046606928110123, 0.0801118016242981, 0.07912817597389221, 0.07995273917913437, 0.07685547322034836], "mse": [0.08046606928110123, 0.0801118016242981, 0.07912817597389221, 0.07995273917913437, 0.07685547322034836], "mae": [0.21533623337745667, 0.21170459687709808, 0.2119416445493698, 0.21157467365264893, 0.20977827906608582], "mape": [63.88260269165039, 62.35847854614258, 65.21007537841797, 67.55731964111328, 62.707767486572266]}