{"loss": [0.2402942031621933, 0.23933462798595428, 0.2411765456199646, 0.23654964566230774, 0.23657280206680298], "mse": [0.2402942031621933, 0.23933462798595428, 0.2411765456199646, 0.23654964566230774, 0.23657280206680298], "mae": [0.29186445474624634, 0.29022324085235596, 0.2893204987049103, 0.28930702805519104, 0.28980690240859985], "mape": [257.4744873046875, 346.628662109375, 304.0940246582031, 354.98321533203125, 363.92230224609375]}