{"loss": [0.08480611443519592, 0.08249381929636002, 0.08267107605934143, 0.08282430469989777, 0.08192990720272064], "mse": [0.08480611443519592, 0.08249381929636002, 0.08267107605934143, 0.08282430469989777, 0.08192990720272064], "mae": [0.22384215891361237, 0.22205758094787598, 0.21971780061721802, 0.22217677533626556, 0.22288669645786285], "mape": [1179.718017578125, 1725.603759765625, 2689.47900390625, 2104.1455078125, 1755.2918701171875]}