{"loss": [0.10135204344987869, 0.10023532062768936, 0.09885870665311813, 0.09742731600999832, 0.09682662785053253], "mse": [0.10135204344987869, 0.10023532062768936, 0.09885870665311813, 0.09742731600999832, 0.09682662785053253], "mae": [0.22047637403011322, 0.22005127370357513, 0.21865446865558624, 0.21711212396621704, 0.2150508612394333], "mape": [130.3275604248047, 117.58818054199219, 120.08637237548828, 128.78521728515625, 134.31072998046875]}