{"loss": [0.081806480884552, 0.07323817908763885, 0.0777345597743988, 0.06623966246843338, 0.07965806126594543], "mse": [0.081806480884552, 0.07323817908763885, 0.0777345597743988, 0.06623966246843338, 0.07965806126594543], "mae": [0.07843736559152603, 0.07069919258356094, 0.07365221530199051, 0.06789796054363251, 0.07487495988607407], "mape": [51.452980041503906, 46.27935028076172, 50.26707458496094, 49.35979080200195, 51.80462646484375]}