{"loss": [0.25771966576576233, 0.2562081515789032, 0.257373571395874, 0.25195425748825073, 0.2520613968372345], "mse": [0.25771966576576233, 0.2562081515789032, 0.257373571395874, 0.25195425748825073, 0.2520613968372345], "mae": [0.30095377564430237, 0.29938769340515137, 0.2983817160129547, 0.29839617013931274, 0.29787883162498474], "mape": [243.25241088867188, 279.8912658691406, 241.14056396484375, 249.20553588867188, 248.4787139892578]}