{"loss": [0.0922858864068985, 0.09063167124986649, 0.09048570692539215, 0.09175070375204086, 0.08938559144735336], "mse": [0.0922858864068985, 0.09063167124986649, 0.09048570692539215, 0.09175070375204086, 0.08938559144735336], "mae": [0.23649539053440094, 0.23062336444854736, 0.23213312029838562, 0.23212584853172302, 0.22917670011520386], "mape": [99.01152801513672, 99.58576202392578, 97.99101257324219, 89.60575103759766, 97.45100402832031]}