{"loss": [0.20406411588191986, 0.20091857016086578, 0.1985938400030136, 0.19529645144939423, 0.19146588444709778], "mse": [0.20406411588191986, 0.20091857016086578, 0.1985938400030136, 0.19529645144939423, 0.19146588444709778], "mae": [0.338891863822937, 0.3361087143421173, 0.3331940472126007, 0.3336649239063263, 0.33185064792633057], "mape": [293.7870788574219, 239.99502563476562, 282.0432434082031, 227.4041290283203, 241.29910278320312]}