{"loss": [0.056466054171323776, 0.054272301495075226, 0.05547667667269707, 0.052232448011636734, 0.049772828817367554], "mse": [0.056466054171323776, 0.054272301495075226, 0.05547667667269707, 0.052232448011636734, 0.049772828817367554], "mae": [0.06400330364704132, 0.06014139577746391, 0.061659734696149826, 0.057075079530477524, 0.06073244288563728], "mape": [56.784610748291016, 48.765228271484375, 49.8024787902832, 43.537017822265625, 51.02597427368164]}