{"loss": [0.11261299252510071, 0.1114710122346878, 0.11085790395736694, 0.10823909193277359, 0.10915961116552353], "mse": [0.11261299252510071, 0.1114710122346878, 0.11085790395736694, 0.10823909193277359, 0.10915961116552353], "mae": [0.2412746399641037, 0.23415666818618774, 0.2329515963792801, 0.231440007686615, 0.23378974199295044], "mape": [133.6202850341797, 128.04678344726562, 130.41677856445312, 130.35073852539062, 138.87368774414062]}