{"loss": [0.08642446249723434, 0.07837256044149399, 0.08546140044927597, 0.07592986524105072, 0.07348088920116425], "mse": [0.08642446249723434, 0.07837256044149399, 0.08546140044927597, 0.07592986524105072, 0.07348088920116425], "mae": [0.08142629265785217, 0.07576613873243332, 0.07602564245462418, 0.07025736570358276, 0.07362272590398788], "mape": [158.75341796875, 117.68089294433594, 168.36434936523438, 160.03753662109375, 175.4287567138672]}