{"loss": [0.17456404864788055, 0.16938719153404236, 0.1656186282634735, 0.16100774705410004, 0.15616366267204285], "mse": [0.17456404864788055, 0.16938719153404236, 0.1656186282634735, 0.16100774705410004, 0.15616366267204285], "mae": [0.3129759430885315, 0.30765989422798157, 0.302884966135025, 0.2994685769081116, 0.29346540570259094], "mape": [163.44110107421875, 148.6476287841797, 142.506103515625, 149.1066436767578, 158.4915008544922]}