{"loss": [0.04320966824889183, 0.036720965057611465, 0.03349413350224495, 0.034413713961839676, 0.03115818277001381], "mse": [0.04320966824889183, 0.036720965057611465, 0.03349413350224495, 0.034413713961839676, 0.03115818277001381], "mae": [0.1033966988325119, 0.09385952353477478, 0.09015493839979172, 0.09054239094257355, 0.08979393541812897], "mape": [34.40935134887695, 33.356876373291016, 30.337778091430664, 32.485904693603516, 31.696353912353516]}