{"loss": [0.13514219224452972, 0.12717826664447784, 0.12801368534564972, 0.1240377277135849, 0.12171467393636703], "mse": [0.13514219224452972, 0.12717826664447784, 0.12801368534564972, 0.1240377277135849, 0.12171467393636703], "mae": [0.2747781574726105, 0.2622224986553192, 0.2613612115383148, 0.2555164694786072, 0.2549513578414917], "mape": [202.59104919433594, 204.76455688476562, 196.76345825195312, 210.2349090576172, 203.3492431640625]}