{"loss": [0.09228592365980148, 0.09063167870044708, 0.09048572182655334, 0.09175070375204086, 0.08938561379909515], "mse": [0.09228592365980148, 0.09063167870044708, 0.09048572182655334, 0.09175070375204086, 0.08938561379909515], "mae": [0.23649533092975616, 0.23062336444854736, 0.23213309049606323, 0.23212583363056183, 0.22917670011520386], "mape": [99.01153564453125, 99.58576965332031, 97.99103546142578, 89.60575103759766, 97.4510269165039]}