{"loss": [0.10073856264352798, 0.09755001217126846, 0.09662284702062607, 0.09616440534591675, 0.09522811323404312], "mse": [0.10073856264352798, 0.09755001217126846, 0.09662284702062607, 0.09616440534591675, 0.09522811323404312], "mae": [0.24187736213207245, 0.23917542397975922, 0.2357373684644699, 0.23615974187850952, 0.23744674026966095], "mape": [2209.406494140625, 2261.892822265625, 2948.684814453125, 2766.449951171875, 1317.30859375]}