{"loss": [0.12168067693710327, 0.12162173539400101, 0.11923730373382568, 0.1208484098315239, 0.12013285607099533], "mse": [0.12168067693710327, 0.12162173539400101, 0.11923730373382568, 0.1208484098315239, 0.12013285607099533], "mae": [0.20417805016040802, 0.2041795402765274, 0.2029891312122345, 0.201024129986763, 0.202833354473114], "mape": [45.59129333496094, 45.78371047973633, 43.78190231323242, 45.1792106628418, 45.22252655029297]}