{"loss": [0.2801094055175781, 0.2643306851387024, 0.2540004551410675, 0.2416974902153015, 0.23289726674556732], "mse": [0.2801094055175781, 0.2643306851387024, 0.2540004551410675, 0.2416974902153015, 0.23289726674556732], "mae": [0.40591418743133545, 0.3923274576663971, 0.38686054944992065, 0.3759039342403412, 0.3698411285877228], "mape": [179.73062133789062, 162.55747985839844, 171.9826202392578, 163.06362915039062, 169.18283081054688]}