{"loss": [0.12821504473686218, 0.1281617432832718, 0.12605945765972137, 0.1277315765619278, 0.12712089717388153], "mse": [0.12821504473686218, 0.1281617432832718, 0.12605945765972137, 0.1277315765619278, 0.12712089717388153], "mae": [0.21040107309818268, 0.2112499326467514, 0.20903614163398743, 0.2075122892856598, 0.20913979411125183], "mape": [47.108829498291016, 47.408206939697266, 45.23015594482422, 46.709049224853516, 46.466583251953125]}