{"loss": [0.5750274658203125, 0.40930086374282837, 0.3818666934967041, 0.3614996075630188, 0.34749987721443176], "mse": [0.5750274658203125, 0.40930086374282837, 0.3818666934967041, 0.3614996075630188, 0.34749987721443176], "mae": [0.5531601905822754, 0.4602201581001282, 0.44676917791366577, 0.4331846833229065, 0.4304752051830292], "mape": [295.7581787109375, 238.95619201660156, 241.74794006347656, 234.22183227539062, 241.99786376953125]}