{"loss": [0.22271430492401123, 0.22231529653072357, 0.22426041960716248, 0.22061164677143097, 0.2199748009443283], "mse": [0.22271430492401123, 0.22231529653072357, 0.22426041960716248, 0.22061164677143097, 0.2199748009443283], "mae": [0.2840656042098999, 0.2816949486732483, 0.27855560183525085, 0.2815171480178833, 0.2792048454284668], "mape": [231.34686279296875, 274.8769226074219, 233.65933227539062, 256.483642578125, 244.67405700683594]}