{"loss": [0.11602069437503815, 0.11520976573228836, 0.11354581266641617, 0.11506140232086182, 0.11486799269914627], "mse": [0.11602069437503815, 0.11520976573228836, 0.11354581266641617, 0.11506140232086182, 0.11486799269914627], "mae": [0.20059026777744293, 0.2002204954624176, 0.20028391480445862, 0.1977897733449936, 0.20084647834300995], "mape": [44.65970230102539, 44.344295501708984, 43.38903045654297, 43.85480880737305, 44.22320556640625]}