{"loss": [0.04046238213777542, 0.03420072793960571, 0.030830902978777885, 0.03231389820575714, 0.029146410524845123], "mse": [0.04046238213777542, 0.03420072793960571, 0.030830902978777885, 0.03231389820575714, 0.029146410524845123], "mae": [0.09919523447751999, 0.09003659337759018, 0.08580893278121948, 0.08745139837265015, 0.08675310015678406], "mape": [32.847347259521484, 31.861433029174805, 28.95594024658203, 31.458784103393555, 30.865856170654297]}