{"loss": [0.21974387764930725, 0.21317733824253082, 0.21304947137832642, 0.20796820521354675, 0.2041172981262207], "mse": [0.21974387764930725, 0.21317733824253082, 0.21304947137832642, 0.20796820521354675, 0.2041172981262207], "mae": [0.344906210899353, 0.33955883979797363, 0.34235021471977234, 0.3365456461906433, 0.33533063530921936], "mape": [236.54718017578125, 240.22605895996094, 227.87648010253906, 226.37576293945312, 228.88253784179688]}