{"loss": [0.14134635031223297, 0.1382463425397873, 0.13826091587543488, 0.13341659307479858, 0.13320061564445496], "mse": [0.14134635031223297, 0.1382463425397873, 0.13826091587543488, 0.13341659307479858, 0.13320061564445496], "mae": [0.2755136787891388, 0.26801732182502747, 0.2680739760398865, 0.26416054368019104, 0.2644681930541992], "mape": [158.47103881835938, 149.22142028808594, 147.89601135253906, 147.50453186035156, 162.10072326660156]}