{"loss": [0.0927264466881752, 0.091964490711689, 0.09200780093669891, 0.09389384090900421, 0.09082600474357605], "mse": [0.0927264466881752, 0.091964490711689, 0.09200780093669891, 0.09389384090900421, 0.09082600474357605], "mae": [0.23652562499046326, 0.23309992253780365, 0.23355057835578918, 0.23505517840385437, 0.23162604868412018], "mape": [96.31438446044922, 107.57880401611328, 101.68287658691406, 92.29825592041016, 101.25498962402344]}