{"loss": [0.09223368763923645, 0.09075666218996048, 0.08941420912742615, 0.09183916449546814, 0.08927404880523682], "mse": [0.09223368763923645, 0.09075666218996048, 0.08941420912742615, 0.09183916449546814, 0.08927404880523682], "mae": [0.23545457422733307, 0.23012100160121918, 0.2284023016691208, 0.2305637151002884, 0.22890883684158325], "mape": [103.68343353271484, 106.32963562011719, 102.05326843261719, 93.99839782714844, 102.93480682373047]}