{"loss": [0.2551991045475006, 0.24241404235363007, 0.2334567755460739, 0.22190000116825104, 0.21277225017547607], "mse": [0.2551991045475006, 0.24241404235363007, 0.2334567755460739, 0.22190000116825104, 0.21277225017547607], "mae": [0.3865273892879486, 0.3784981071949005, 0.36948439478874207, 0.3631506562232971, 0.3528788089752197], "mape": [199.29818725585938, 187.19232177734375, 181.85507202148438, 186.064697265625, 185.9762420654297]}