{"loss": [0.13570712506771088, 0.11491183191537857, 0.10978846251964569, 0.10652986913919449, 0.10327646881341934], "mse": [0.13570712506771088, 0.11491183191537857, 0.10978846251964569, 0.10652986913919449, 0.10327646881341934], "mae": [0.278663694858551, 0.2581828832626343, 0.24894559383392334, 0.2459404021501541, 0.24371157586574554], "mape": [9541.7041015625, 9542.138671875, 9248.2138671875, 9760.30859375, 7370.5146484375]}