{"loss": [0.08241695910692215, 0.08192472904920578, 0.08102213591337204, 0.08191657066345215, 0.07873225957155228], "mse": [0.08241695910692215, 0.08192472904920578, 0.08102213591337204, 0.08191657066345215, 0.07873225957155228], "mae": [0.21790598332881927, 0.21460600197315216, 0.21428066492080688, 0.21422798931598663, 0.21244753897190094], "mape": [64.78326416015625, 63.57331848144531, 65.64803314208984, 67.9730453491211, 63.494873046875]}