{"loss": [0.2223660945892334, 0.22187966108322144, 0.223739892244339, 0.21960125863552094, 0.2191704660654068], "mse": [0.2223660945892334, 0.22187966108322144, 0.223739892244339, 0.21960125863552094, 0.2191704660654068], "mae": [0.28315794467926025, 0.281426340341568, 0.2794322371482849, 0.2797587513923645, 0.2793469727039337], "mape": [254.78201293945312, 371.1314697265625, 339.9397277832031, 370.0762939453125, 386.4737854003906]}