{"loss": [0.1882353574037552, 0.14037533104419708, 0.1308986395597458, 0.12614256143569946, 0.11904940754175186], "mse": [0.1882353574037552, 0.14037533104419708, 0.1308986395597458, 0.12614256143569946, 0.11904940754175186], "mae": [0.32885468006134033, 0.28610414266586304, 0.2748783826828003, 0.2694307565689087, 0.2637120485305786], "mape": [148.81045532226562, 145.1296844482422, 133.72396850585938, 115.45572662353516, 128.4311065673828]}