{"loss": [0.13381579518318176, 0.11627565324306488, 0.11084771156311035, 0.10776454210281372, 0.10416503995656967], "mse": [0.13381579518318176, 0.11627565324306488, 0.11084771156311035, 0.10776454210281372, 0.10416503995656967], "mae": [0.27681997418403625, 0.25851184129714966, 0.2505302131175995, 0.24794180691242218, 0.24600467085838318], "mape": [4387.4638671875, 4903.03955078125, 4044.95556640625, 4513.6513671875, 1990.10009765625]}