{"loss": [0.183792844414711, 0.1605253964662552, 0.1472931206226349, 0.1270386427640915, 0.10901171714067459], "mse": [0.183792844414711, 0.1605253964662552, 0.1472931206226349, 0.1270386427640915, 0.10901171714067459], "mae": [0.11352355778217316, 0.10736524313688278, 0.10276950150728226, 0.09608697891235352, 0.09166807681322098], "mape": [60.64071273803711, 75.61573791503906, 59.4217414855957, 64.95326232910156, 54.99598693847656]}