{"loss": [0.14134638011455536, 0.1382463574409485, 0.13826093077659607, 0.13341662287712097, 0.13320060074329376], "mse": [0.14134638011455536, 0.1382463574409485, 0.13826093077659607, 0.13341662287712097, 0.13320060074329376], "mae": [0.2755137085914612, 0.26801738142967224, 0.2680739462375641, 0.26416054368019104, 0.26446813344955444], "mape": [158.4710235595703, 149.2213592529297, 147.89598083496094, 147.5045623779297, 162.1007843017578]}