{"loss": [0.10295199602842331, 0.10054382681846619, 0.10047638416290283, 0.10088461637496948, 0.09822997450828552], "mse": [0.10295199602842331, 0.10054382681846619, 0.10047638416290283, 0.10088461637496948, 0.09822997450828552], "mae": [0.24712762236595154, 0.24041040241718292, 0.24311645328998566, 0.2423105537891388, 0.23842613399028778], "mape": [104.02997589111328, 103.7354965209961, 101.12909698486328, 92.54229736328125, 99.6884994506836]}