{"loss": [0.07985281199216843, 0.08031070232391357, 0.0789918377995491, 0.08068332076072693, 0.07820190489292145], "mse": [0.07985281199216843, 0.08031070232391357, 0.0789918377995491, 0.08068332076072693, 0.07820190489292145], "mae": [0.21447505056858063, 0.2121375948190689, 0.21251319348812103, 0.21504460275173187, 0.21189409494400024], "mape": [64.4032211303711, 64.87655639648438, 65.73715209960938, 67.39717864990234, 66.96611785888672]}