{"loss": [0.05646606907248497, 0.05427231267094612, 0.055476658046245575, 0.052232444286346436, 0.04977281391620636], "mse": [0.05646606907248497, 0.05427231267094612, 0.055476658046245575, 0.052232444286346436, 0.04977281391620636], "mae": [0.06400330364704132, 0.06014140695333481, 0.06165971979498863, 0.05707511305809021, 0.060732483863830566], "mape": [56.784637451171875, 48.765254974365234, 49.80250930786133, 43.537086486816406, 51.02595901489258]}