{"loss": [0.4070962965488434, 0.17292530834674835, 0.15042820572853088, 0.14492207765579224, 0.13915471732616425], "mse": [0.4070962965488434, 0.17292530834674835, 0.15042820572853088, 0.14492207765579224, 0.13915471732616425], "mae": [0.4516831934452057, 0.23773129284381866, 0.22324120998382568, 0.21939720213413239, 0.21701662242412567], "mape": [69.58340454101562, 51.42786407470703, 48.06599426269531, 49.42510223388672, 48.57762908935547]}