{"loss": [0.09463221579790115, 0.0920272246003151, 0.09166844189167023, 0.09168049693107605, 0.09082119911909103], "mse": [0.09463221579790115, 0.0920272246003151, 0.09166844189167023, 0.09168049693107605, 0.09082119911909103], "mae": [0.23500636219978333, 0.232821986079216, 0.22973155975341797, 0.23089149594306946, 0.23252667486667633], "mape": [1176.2445068359375, 1463.340576171875, 2260.47119140625, 1909.2315673828125, 998.2547607421875]}