{"loss": [0.12665100395679474, 0.10187746584415436, 0.08808426558971405, 0.08707666397094727, 0.07639145851135254], "mse": [0.12665100395679474, 0.10187746584415436, 0.08808426558971405, 0.08707666397094727, 0.07639145851135254], "mae": [0.15683595836162567, 0.14009881019592285, 0.1321074366569519, 0.13212239742279053, 0.12668073177337646], "mape": [44.689388275146484, 39.60032653808594, 39.471126556396484, 38.350032806396484, 34.66412353515625]}