{"loss": [0.07017956674098969, 0.06646502763032913, 0.0633019506931305, 0.06660342961549759, 0.06078463792800903], "mse": [0.07017956674098969, 0.06646502763032913, 0.0633019506931305, 0.06660342961549759, 0.06078463792800903], "mae": [0.12872083485126495, 0.12122189253568649, 0.12159249186515808, 0.12213148176670074, 0.11843012273311615], "mape": [37.40943908691406, 36.57087707519531, 36.050201416015625, 34.75344467163086, 34.66913604736328]}