{"loss": [0.23446966707706451, 0.23391711711883545, 0.23544910550117493, 0.231367826461792, 0.23101836442947388], "mse": [0.23446966707706451, 0.23391711711883545, 0.23544910550117493, 0.231367826461792, 0.23101836442947388], "mae": [0.29102131724357605, 0.28883346915245056, 0.286284863948822, 0.2877897322177887, 0.2863280475139618], "mape": [237.0996856689453, 279.3726501464844, 237.79037475585938, 255.91806030273438, 248.668212890625]}