{"loss": [0.12397288531064987, 0.12397287786006927, 0.12192995846271515, 0.12363150715827942, 0.1230732724070549], "mse": [0.12397288531064987, 0.12397287786006927, 0.12192995846271515, 0.12363150715827942, 0.1230732724070549], "mae": [0.2066139578819275, 0.20763500034809113, 0.20579056441783905, 0.20405425131320953, 0.20622773468494415], "mape": [46.15228271484375, 46.4793586730957, 44.34226608276367, 45.865230560302734, 45.89027404785156]}