{"loss": [0.08670610934495926, 0.08564798533916473, 0.08530967682600021, 0.08649825304746628, 0.08433343470096588], "mse": [0.08670610934495926, 0.08564798533916473, 0.08530967682600021, 0.08649825304746628, 0.08433343470096588], "mae": [0.22980248928070068, 0.22450867295265198, 0.2256253957748413, 0.22619548439979553, 0.22291675209999084], "mape": [96.6374740600586, 97.89144134521484, 96.63496398925781, 88.53804016113281, 96.8751449584961]}