{"loss": [0.528725802898407, 0.3795853853225708, 0.33764612674713135, 0.3125486373901367, 0.29379093647003174], "mse": [0.528725802898407, 0.3795853853225708, 0.33764612674713135, 0.3125486373901367, 0.29379093647003174], "mae": [0.5471957921981812, 0.46817710995674133, 0.4431714117527008, 0.4285041391849518, 0.4133882522583008], "mape": [281.27972412109375, 235.67405700683594, 219.46006774902344, 219.4047088623047, 214.6197052001953]}