{"loss": [0.07423698902130127, 0.07312764972448349, 0.07363677769899368, 0.07297742366790771, 0.07289528846740723], "mse": [0.07423698902130127, 0.07312764972448349, 0.07363677769899368, 0.07297742366790771, 0.07289528846740723], "mae": [0.2103760540485382, 0.2100270390510559, 0.20905594527721405, 0.20910078287124634, 0.21033573150634766], "mape": [3236.3603515625, 3396.951171875, 5548.32470703125, 5863.17236328125, 4576.74755859375]}