{"loss": [0.089399553835392, 0.08804493397474289, 0.08781713247299194, 0.08906783163547516, 0.08678310364484787], "mse": [0.089399553835392, 0.08804493397474289, 0.08781713247299194, 0.08906783163547516, 0.08678310364484787], "mae": [0.23308895528316498, 0.22753138840198517, 0.2288908213376999, 0.229129359126091, 0.22603651881217957], "mape": [97.76679992675781, 98.68589782714844, 97.30472564697266, 88.67972564697266, 97.14566040039062]}