{"loss": [0.163094162940979, 0.16168127954006195, 0.15884260833263397, 0.15449461340904236, 0.15164810419082642], "mse": [0.163094162940979, 0.16168127954006195, 0.15884260833263397, 0.15449461340904236, 0.15164810419082642], "mae": [0.2979162931442261, 0.29642629623413086, 0.29119381308555603, 0.2896125912666321, 0.29044780135154724], "mape": [298.2184753417969, 234.3317413330078, 270.4200134277344, 187.19073486328125, 200.09634399414062]}