{"loss": [0.103303924202919, 0.10182514786720276, 0.10013426840305328, 0.09986238181591034, 0.0978410542011261], "mse": [0.103303924202919, 0.10182514786720276, 0.10013426840305328, 0.09986238181591034, 0.0978410542011261], "mae": [0.24732953310012817, 0.24392297863960266, 0.2409730851650238, 0.2401280701160431, 0.23978197574615479], "mape": [73.96421813964844, 72.92636108398438, 75.59418487548828, 76.80290985107422, 76.40504455566406]}