{"loss": [0.08518624305725098, 0.08547904342412949, 0.08415058255195618, 0.08570749312639236, 0.08328869938850403], "mse": [0.08518624305725098, 0.08547904342412949, 0.08415058255195618, 0.08570749312639236, 0.08328869938850403], "mae": [0.22194351255893707, 0.21963965892791748, 0.21905550360679626, 0.22186745703220367, 0.2196434736251831], "mape": [66.98715209960938, 67.09522247314453, 68.59075927734375, 70.24469757080078, 70.09609985351562]}