{"loss": [0.1589599996805191, 0.15448065102100372, 0.15212614834308624, 0.15035440027713776, 0.14431674778461456], "mse": [0.1589599996805191, 0.15448065102100372, 0.15212614834308624, 0.15035440027713776, 0.14431674778461456], "mae": [0.2969471514225006, 0.2882603406906128, 0.2904703617095947, 0.2865596115589142, 0.2822675406932831], "mape": [197.3922119140625, 193.61279296875, 193.45968627929688, 189.8378143310547, 189.67239379882812]}