{"loss": [0.0673358291387558, 0.06348307430744171, 0.06855560094118118, 0.058286841958761215, 0.06746116280555725], "mse": [0.0673358291387558, 0.06348307430744171, 0.06855560094118118, 0.058286841958761215, 0.06746116280555725], "mae": [0.06982000172138214, 0.06471710652112961, 0.06885828822851181, 0.06297559291124344, 0.06874127686023712], "mape": [57.626441955566406, 46.89495849609375, 49.94426345825195, 46.88936233520508, 51.800167083740234]}