{"loss": [0.11772642284631729, 0.11355922371149063, 0.11362478137016296, 0.11268169432878494, 0.1083495020866394], "mse": [0.11772642284631729, 0.11355922371149063, 0.11362478137016296, 0.11268169432878494, 0.1083495020866394], "mae": [0.26276785135269165, 0.2580816149711609, 0.25765371322631836, 0.2573860287666321, 0.25182071328163147], "mape": [118.25093841552734, 126.3040771484375, 119.12458801269531, 105.64891815185547, 116.80245208740234]}