{"loss": [0.21974389255046844, 0.2131773829460144, 0.21304947137832642, 0.20796816051006317, 0.20411726832389832], "mse": [0.21974389255046844, 0.2131773829460144, 0.21304947137832642, 0.20796816051006317, 0.20411726832389832], "mae": [0.34490618109703064, 0.339558869600296, 0.34235021471977234, 0.3365456461906433, 0.3353305757045746], "mape": [236.5471649169922, 240.2261199951172, 227.87646484375, 226.37574768066406, 228.882568359375]}