{"loss": [0.04845421761274338, 0.03108605369925499, 0.041986607015132904, 0.04086225479841232, 0.024261072278022766], "mse": [0.04845421761274338, 0.03108605369925499, 0.041986607015132904, 0.04086225479841232, 0.024261072278022766], "mae": [0.05912072956562042, 0.05048536881804466, 0.05380106717348099, 0.0604894682765007, 0.048360057175159454], "mape": [175.3185577392578, 127.41205596923828, 157.8858184814453, 150.9132843017578, 181.23011779785156]}