{"loss": [0.07879134267568588, 0.07703961431980133, 0.07706177234649658, 0.07740265876054764, 0.07641737908124924], "mse": [0.07879134267568588, 0.07703961431980133, 0.07706177234649658, 0.07740265876054764, 0.07641737908124924], "mae": [0.21611052751541138, 0.2153121680021286, 0.21307183802127838, 0.21443204581737518, 0.21609637141227722], "mape": [444.77008056640625, 1937.85107421875, 4968.47119140625, 4184.36083984375, 3828.177978515625]}