{"loss": [0.10813008248806, 0.10639200359582901, 0.10505370050668716, 0.1032869815826416, 0.10253679007291794], "mse": [0.10813008248806, 0.10639200359582901, 0.10505370050668716, 0.1032869815826416, 0.10253679007291794], "mae": [0.23006683588027954, 0.22796952724456787, 0.2275172472000122, 0.22540093958377838, 0.2227235585451126], "mape": [133.87216186523438, 120.17652893066406, 120.59903717041016, 132.23895263671875, 136.6963653564453]}