{"loss": [0.12665104866027832, 0.10187746584415436, 0.08808426558971405, 0.08707666397094727, 0.07639143615961075], "mse": [0.12665104866027832, 0.10187746584415436, 0.08808426558971405, 0.08707666397094727, 0.07639143615961075], "mae": [0.15683592855930328, 0.14009878039360046, 0.13210739195346832, 0.13212239742279053, 0.12668074667453766], "mape": [44.68939971923828, 39.60033416748047, 39.47111511230469, 38.35002899169922, 34.66412353515625]}