{"loss": [0.06291434913873672, 0.05756046622991562, 0.0656803771853447, 0.05622687190771103, 0.05912870541214943], "mse": [0.06291434913873672, 0.05756046622991562, 0.0656803771853447, 0.05622687190771103, 0.05912870541214943], "mae": [0.06730400770902634, 0.0615842230618, 0.06574967503547668, 0.06030789017677307, 0.06264130026102066], "mape": [50.83285140991211, 53.623069763183594, 47.44187927246094, 47.44373321533203, 51.32103729248047]}