{"loss": [0.31086471676826477, 0.30069223046302795, 0.29128730297088623, 0.28145962953567505, 0.27923163771629333], "mse": [0.31086471676826477, 0.30069223046302795, 0.29128730297088623, 0.28145962953567505, 0.27923163771629333], "mae": [0.43098074197769165, 0.42360174655914307, 0.4189404845237732, 0.4106818735599518, 0.40992802381515503], "mape": [373.29705810546875, 358.5538635253906, 375.21282958984375, 316.781982421875, 353.776611328125]}