{"loss": [0.08719652891159058, 0.08737612515687943, 0.08599914610385895, 0.08752700686454773, 0.08517061918973923], "mse": [0.08719652891159058, 0.08737612515687943, 0.08599914610385895, 0.08752700686454773, 0.08517061918973923], "mae": [0.22478920221328735, 0.22235722839832306, 0.22142064571380615, 0.22429747879505157, 0.22225290536880493], "mape": [67.53789520263672, 67.66905212402344, 69.31356048583984, 70.90252685546875, 70.75157165527344]}