{"loss": [0.40255725383758545, 0.16705043613910675, 0.14631760120391846, 0.14149707555770874, 0.1366381198167801], "mse": [0.40255725383758545, 0.16705043613910675, 0.14631760120391846, 0.14149707555770874, 0.1366381198167801], "mae": [0.4471592903137207, 0.23297441005706787, 0.21980364620685577, 0.2166329026222229, 0.21497637033462524], "mape": [69.07706451416016, 50.61228942871094, 47.35700607299805, 48.918941497802734, 47.96757507324219]}