{"loss": [0.15381623804569244, 0.14957796037197113, 0.14700353145599365, 0.1433480978012085, 0.139396533370018], "mse": [0.15381623804569244, 0.14957796037197113, 0.14700353145599365, 0.1433480978012085, 0.139396533370018], "mae": [0.28886663913726807, 0.2858532965183258, 0.28121939301490784, 0.27837732434272766, 0.27250996232032776], "mape": [151.9461212158203, 141.5594940185547, 135.2235107421875, 146.19752502441406, 150.49520874023438]}