{"loss": [0.26698097586631775, 0.2659863531589508, 0.2672860324382782, 0.2619171440601349, 0.26129066944122314], "mse": [0.26698097586631775, 0.2659863531589508, 0.2672860324382782, 0.2619171440601349, 0.26129066944122314], "mae": [0.30475616455078125, 0.30363306403160095, 0.30254554748535156, 0.30256855487823486, 0.302453875541687], "mape": [249.73983764648438, 285.00994873046875, 241.25054931640625, 247.7034149169922, 250.12014770507812]}