{"loss": [0.06291435658931732, 0.05756048113107681, 0.0656803697347641, 0.05622686818242073, 0.05912870168685913], "mse": [0.06291435658931732, 0.05756048113107681, 0.0656803697347641, 0.05622686818242073, 0.05912870168685913], "mae": [0.06730397045612335, 0.06158418953418732, 0.06574968993663788, 0.06030788645148277, 0.06264129281044006], "mape": [50.83278274536133, 53.6230354309082, 47.44186782836914, 47.44371795654297, 51.32103729248047]}