{"loss": [0.5750274658203125, 0.40930092334747314, 0.3818666934967041, 0.3614996075630188, 0.34749987721443176], "mse": [0.5750274658203125, 0.40930092334747314, 0.3818666934967041, 0.3614996075630188, 0.34749987721443176], "mae": [0.5531600713729858, 0.46022018790245056, 0.44676917791366577, 0.43318459391593933, 0.43047523498535156], "mape": [295.75811767578125, 238.95619201660156, 241.74794006347656, 234.22181701660156, 241.99789428710938]}