{"loss": [0.050716400146484375, 0.047437671571969986, 0.046578288078308105, 0.050288133323192596, 0.04525480791926384], "mse": [0.050716400146484375, 0.047437671571969986, 0.046578288078308105, 0.050288133323192596, 0.04525480791926384], "mae": [0.10899551957845688, 0.10410046577453613, 0.10333723574876785, 0.10559801757335663, 0.10184740275144577], "mape": [33.97463607788086, 33.69282150268555, 33.54652404785156, 32.290550231933594, 31.208621978759766]}