{"loss": [0.10813010483980179, 0.10639200359582901, 0.10505364835262299, 0.10328700393438339, 0.10253678262233734], "mse": [0.10813010483980179, 0.10639200359582901, 0.10505364835262299, 0.10328700393438339, 0.10253678262233734], "mae": [0.23006677627563477, 0.22796951234340668, 0.227517232298851, 0.22540102899074554, 0.2227235585451126], "mape": [133.8721923828125, 120.17652893066406, 120.59903717041016, 132.23895263671875, 136.6963653564453]}