{"loss": [0.12338912487030029, 0.12041383981704712, 0.12026888132095337, 0.11581342667341232, 0.11579772084951401], "mse": [0.12338912487030029, 0.12041383981704712, 0.12026888132095337, 0.11581342667341232, 0.11579772084951401], "mae": [0.2573762536048889, 0.25350430607795715, 0.2535874545574188, 0.2461986094713211, 0.24638213217258453], "mape": [118.05563354492188, 110.1609115600586, 125.84315490722656, 117.90996551513672, 121.54437255859375]}