{"loss": [0.11122623085975647, 0.11010393500328064, 0.10898040980100632, 0.11075612902641296, 0.11027566343545914], "mse": [0.11122623085975647, 0.11010393500328064, 0.10898040980100632, 0.11075612902641296, 0.11027566343545914], "mae": [0.19722847640514374, 0.19613327085971832, 0.19763177633285522, 0.19473101198673248, 0.19740889966487885], "mape": [43.54605484008789, 43.01154708862305, 42.761085510253906, 42.98701477050781, 43.111106872558594]}