{"loss": [0.09967651963233948, 0.09747924655675888, 0.09696805477142334, 0.09845580160617828, 0.09573628753423691], "mse": [0.09967651963233948, 0.09747924655675888, 0.09696805477142334, 0.09845580160617828, 0.09573628753423691], "mae": [0.2428884357213974, 0.23770129680633545, 0.23708808422088623, 0.23814038932323456, 0.23582670092582703], "mape": [105.39781951904297, 109.7856216430664, 105.7383804321289, 96.59676361083984, 106.25138854980469]}