{"loss": [0.2201855331659317, 0.22011463344097137, 0.2205929309129715, 0.2171667069196701, 0.21623210608959198], "mse": [0.2201855331659317, 0.22011463344097137, 0.2205929309129715, 0.2171667069196701, 0.21623210608959198], "mae": [0.28082308173179626, 0.2808597683906555, 0.27650555968284607, 0.27849581837654114, 0.27688708901405334], "mape": [246.85910034179688, 284.16790771484375, 241.27139282226562, 262.8418884277344, 262.3765869140625]}