{"loss": [0.056466054171323776, 0.054272301495075226, 0.05547666549682617, 0.05223245173692703, 0.049772828817367554], "mse": [0.056466054171323776, 0.054272301495075226, 0.05547666549682617, 0.05223245173692703, 0.049772828817367554], "mae": [0.06400330364704132, 0.06014138460159302, 0.061659712344408035, 0.05707505717873573, 0.060732483863830566], "mape": [56.78459930419922, 48.765228271484375, 49.80250549316406, 43.53704833984375, 51.025997161865234]}