{"loss": [0.19447971880435944, 0.18812747299671173, 0.18478073179721832, 0.17703759670257568, 0.1742667555809021], "mse": [0.19447971880435944, 0.18812747299671173, 0.18478073179721832, 0.17703759670257568, 0.1742667555809021], "mae": [0.33349594473838806, 0.3264731764793396, 0.32397517561912537, 0.3143009841442108, 0.31104186177253723], "mape": [154.69839477539062, 140.70582580566406, 154.73683166503906, 138.6597900390625, 142.14161682128906]}