{"loss": [0.1017417460680008, 0.09821400791406631, 0.09733080863952637, 0.09666502475738525, 0.09466356039047241], "mse": [0.1017417460680008, 0.09821400791406631, 0.09733080863952637, 0.09666502475738525, 0.09466356039047241], "mae": [0.2418266385793686, 0.23861165344715118, 0.23530733585357666, 0.23596517741680145, 0.23499877750873566], "mape": [6597.7060546875, 6421.328125, 7325.0078125, 8285.81640625, 5980.66845703125]}