{"loss": [0.2703099250793457, 0.25777536630630493, 0.2549002170562744, 0.24762001633644104, 0.2404124140739441], "mse": [0.2703099250793457, 0.25777536630630493, 0.2549002170562744, 0.24762001633644104, 0.2404124140739441], "mae": [0.3746013939380646, 0.3655664622783661, 0.3635903596878052, 0.35793331265449524, 0.35517486929893494], "mape": [254.5294952392578, 256.8479309082031, 245.50352478027344, 236.71051025390625, 242.1387939453125]}