{"loss": [0.18459010124206543, 0.17903265357017517, 0.17913031578063965, 0.17577509582042694, 0.17268911004066467], "mse": [0.18459010124206543, 0.17903265357017517, 0.17913031578063965, 0.17577509582042694, 0.17268911004066467], "mae": [0.3161929249763489, 0.3094269633293152, 0.31538599729537964, 0.3109869360923767, 0.3075888156890869], "mape": [225.31381225585938, 226.0238800048828, 212.2013702392578, 213.84759521484375, 219.0435333251953]}