{"loss": [0.49837690591812134, 0.3614066541194916, 0.31925076246261597, 0.2893514037132263, 0.2684807777404785], "mse": [0.49837690591812134, 0.3614066541194916, 0.31925076246261597, 0.2893514037132263, 0.2684807777404785], "mae": [0.5420135259628296, 0.46366649866104126, 0.4338837265968323, 0.4173531234264374, 0.4004150629043579], "mape": [266.38775634765625, 227.55918884277344, 215.08998107910156, 224.3254852294922, 221.09275817871094]}