{"loss": [0.11122623831033707, 0.11010393500328064, 0.10898040235042572, 0.11075614392757416, 0.11027564108371735], "mse": [0.11122623831033707, 0.11010393500328064, 0.10898040235042572, 0.11075614392757416, 0.11027564108371735], "mae": [0.19722843170166016, 0.19613327085971832, 0.19763177633285522, 0.19473101198673248, 0.19740894436836243], "mape": [43.54605484008789, 43.011539459228516, 42.76108169555664, 42.98701858520508, 43.11111831665039]}