{"loss": [0.13381575047969818, 0.11627566814422607, 0.11084774136543274, 0.10776451230049133, 0.10416505485773087], "mse": [0.13381575047969818, 0.11627566814422607, 0.11084774136543274, 0.10776451230049133, 0.10416505485773087], "mae": [0.2768200933933258, 0.25851181149482727, 0.2505302429199219, 0.24794185161590576, 0.24600465595722198], "mape": [4387.46142578125, 4903.03759765625, 4044.95556640625, 4513.64599609375, 1990.09375]}