{"loss": [0.10306081920862198, 0.10076555609703064, 0.101726233959198, 0.10260073095560074, 0.09915828704833984], "mse": [0.10306081920862198, 0.10076555609703064, 0.101726233959198, 0.10260073095560074, 0.09915828704833984], "mae": [0.24769634008407593, 0.2438122034072876, 0.24471355974674225, 0.2461538463830948, 0.24157874286174774], "mape": [103.8176040649414, 114.198974609375, 108.56573486328125, 97.90643310546875, 107.2601318359375]}