{"loss": [0.11219244450330734, 0.11165980994701385, 0.10972782224416733, 0.11141669005155563, 0.1107514351606369], "mse": [0.11219244450330734, 0.11165980994701385, 0.10972782224416733, 0.11141669005155563, 0.1107514351606369], "mae": [0.1966073215007782, 0.19538745284080505, 0.1959143728017807, 0.19323153793811798, 0.19586367905139923], "mape": [44.1757926940918, 43.81886672973633, 42.320213317871094, 43.35111618041992, 43.789772033691406]}