{"loss": [0.08810533583164215, 0.08735571056604385, 0.08685711026191711, 0.0876014232635498, 0.08491814881563187], "mse": [0.08810533583164215, 0.08735571056604385, 0.08685711026191711, 0.0876014232635498, 0.08491814881563187], "mae": [0.226426362991333, 0.22300264239311218, 0.22282862663269043, 0.2229868769645691, 0.22078725695610046], "mape": [67.74668884277344, 66.71107482910156, 68.76689910888672, 70.17477416992188, 66.91187286376953]}