{"loss": [0.13590838015079498, 0.13203348219394684, 0.13171549141407013, 0.12648136913776398, 0.1263103485107422], "mse": [0.13590838015079498, 0.13203348219394684, 0.13171549141407013, 0.12648136913776398, 0.1263103485107422], "mae": [0.2717483639717102, 0.26741546392440796, 0.2677686810493469, 0.25910985469818115, 0.25959762930870056], "mape": [123.45513916015625, 114.90382385253906, 130.09524536132812, 122.47856140136719, 124.74632263183594]}