{"loss": [0.2234748899936676, 0.21621859073638916, 0.21013309061527252, 0.20087143778800964, 0.19739103317260742], "mse": [0.2234748899936676, 0.21621859073638916, 0.21013309061527252, 0.20087143778800964, 0.19739103317260742], "mae": [0.35866251587867737, 0.35045185685157776, 0.343034029006958, 0.33679717779159546, 0.33063650131225586], "mape": [193.8076171875, 179.58604431152344, 184.92221069335938, 175.5831298828125, 182.6593017578125]}