{"loss": [0.1685628741979599, 0.15196464955806732, 0.13944821059703827, 0.13153763115406036, 0.11414460092782974], "mse": [0.1685628741979599, 0.15196464955806732, 0.13944821059703827, 0.13153763115406036, 0.11414460092782974], "mae": [0.11183599382638931, 0.10628993064165115, 0.10330076515674591, 0.0982365533709526, 0.09203395992517471], "mape": [54.08030319213867, 55.757755279541016, 50.83254623413086, 58.63022994995117, 48.52446746826172]}