{"loss": [0.07616914808750153, 0.07483050227165222, 0.07541420310735703, 0.074776791036129, 0.07457324117422104], "mse": [0.07616914808750153, 0.07483050227165222, 0.07541420310735703, 0.074776791036129, 0.07457324117422104], "mae": [0.21291275322437286, 0.21223099529743195, 0.21178799867630005, 0.21188674867153168, 0.2127346247434616], "mape": [4044.548828125, 4410.2314453125, 6497.84765625, 6669.494140625, 5653.77392578125]}