{"loss": [0.14282046258449554, 0.13577784597873688, 0.13241687417030334, 0.1338711678981781, 0.1326168179512024], "mse": [0.14282046258449554, 0.13577784597873688, 0.13241687417030334, 0.1338711678981781, 0.1326168179512024], "mae": [0.22244322299957275, 0.215069979429245, 0.2135886698961258, 0.21196866035461426, 0.21306951344013214], "mape": [48.879730224609375, 48.48058319091797, 46.143043518066406, 47.604286193847656, 47.21729278564453]}