{"loss": [0.152874156832695, 0.1519881784915924, 0.14915776252746582, 0.14520864188671112, 0.14258624613285065], "mse": [0.152874156832695, 0.1519881784915924, 0.14915776252746582, 0.14520864188671112, 0.14258624613285065], "mae": [0.2884967625141144, 0.28688058257102966, 0.28076255321502686, 0.2794904410839081, 0.28160402178764343], "mape": [292.4954833984375, 217.99942016601562, 258.39373779296875, 172.46774291992188, 184.73353576660156]}