{"loss": [0.10295199602842331, 0.10054382681846619, 0.10047635436058044, 0.1008845865726471, 0.09822997450828552], "mse": [0.10295199602842331, 0.10054382681846619, 0.10047635436058044, 0.1008845865726471, 0.09822997450828552], "mae": [0.24712765216827393, 0.24041035771369934, 0.24311642348766327, 0.2423105537891388, 0.23842616379261017], "mape": [104.02996063232422, 103.73548889160156, 101.1291275024414, 92.54228210449219, 99.68850708007812]}