{"loss": [0.4112207889556885, 0.17230583727359772, 0.14914488792419434, 0.14330361783504486, 0.1381809562444687], "mse": [0.4112207889556885, 0.17230583727359772, 0.14914488792419434, 0.14330361783504486, 0.1381809562444687], "mae": [0.46259406208992004, 0.2360241711139679, 0.22051620483398438, 0.2175406813621521, 0.2155231535434723], "mape": [73.35474395751953, 50.56062698364258, 47.2793083190918, 48.80703353881836, 47.79408645629883]}