{"loss": [0.19179318845272064, 0.18742842972278595, 0.18395887315273285, 0.1764267086982727, 0.17544876039028168], "mse": [0.19179318845272064, 0.18742842972278595, 0.18395887315273285, 0.1764267086982727, 0.17544876039028168], "mae": [0.3282415568828583, 0.32222869992256165, 0.31463587284088135, 0.31004273891448975, 0.309376060962677], "mape": [184.00962829589844, 171.1444091796875, 171.08164978027344, 167.63294982910156, 179.83633422851562]}