{"loss": [0.26511022448539734, 0.2648656368255615, 0.26542672514915466, 0.2600746154785156, 0.25933197140693665], "mse": [0.26511022448539734, 0.2648656368255615, 0.26542672514915466, 0.2600746154785156, 0.25933197140693665], "mae": [0.3039513826370239, 0.3038080334663391, 0.30215564370155334, 0.3021085560321808, 0.3017052710056305], "mape": [250.69134521484375, 284.7629089355469, 245.63406372070312, 254.74600219726562, 251.65176391601562]}