{"loss": [0.15478235483169556, 0.1540251076221466, 0.15062135457992554, 0.14965112507343292, 0.1456139236688614], "mse": [0.15478235483169556, 0.1540251076221466, 0.15062135457992554, 0.14965112507343292, 0.1456139236688614], "mae": [0.28641101717948914, 0.29080259799957275, 0.2852588891983032, 0.28615668416023254, 0.28573185205459595], "mape": [249.5554656982422, 178.07095336914062, 212.62794494628906, 144.65782165527344, 176.40420532226562]}