{"loss": [0.18459010124206543, 0.17903268337249756, 0.17913030087947845, 0.17577512562274933, 0.17268908023834229], "mse": [0.18459010124206543, 0.17903268337249756, 0.17913030087947845, 0.17577512562274933, 0.17268908023834229], "mae": [0.31619295477867126, 0.3094269633293152, 0.31538593769073486, 0.3109869360923767, 0.30758872628211975], "mape": [225.3138427734375, 226.02394104003906, 212.201416015625, 213.84759521484375, 219.0435333251953]}