{"loss": [0.11772643029689789, 0.11355921626091003, 0.11362478137016296, 0.11268167197704315, 0.1083495169878006], "mse": [0.11772643029689789, 0.11355921626091003, 0.11362478137016296, 0.11268167197704315, 0.1083495169878006], "mae": [0.2627679109573364, 0.2580815851688385, 0.25765368342399597, 0.25738605856895447, 0.25182071328163147], "mape": [118.25092315673828, 126.30404663085938, 119.1246109008789, 105.64891815185547, 116.80245208740234]}