{"loss": [0.14419281482696533, 0.14359022676944733, 0.14093302190303802, 0.1382528841495514, 0.1338503658771515], "mse": [0.14419281482696533, 0.14359022676944733, 0.14093302190303802, 0.1382528841495514, 0.1338503658771515], "mae": [0.27789005637168884, 0.2760782241821289, 0.2730101943016052, 0.269667387008667, 0.26387324929237366], "mape": [345.3814697265625, 240.88401794433594, 257.2503356933594, 251.91650390625, 250.2880859375]}