{"loss": [0.26995667815208435, 0.2687210142612457, 0.27035245299339294, 0.2650488615036011, 0.26390689611434937], "mse": [0.26995667815208435, 0.2687210142612457, 0.27035245299339294, 0.2650488615036011, 0.26390689611434937], "mae": [0.30441248416900635, 0.3046533763408661, 0.30271774530410767, 0.3025985658168793, 0.30315929651260376], "mape": [253.04710388183594, 348.6752624511719, 296.109130859375, 357.96240234375, 363.20184326171875]}