{"loss": [0.11219245940446854, 0.11165976524353027, 0.10972781479358673, 0.11141670495271683, 0.1107514277100563], "mse": [0.11219245940446854, 0.11165976524353027, 0.10972781479358673, 0.11141670495271683, 0.1107514277100563], "mae": [0.1966072916984558, 0.19538740813732147, 0.1959143728017807, 0.19323155283927917, 0.19586367905139923], "mape": [44.17580032348633, 43.818870544433594, 42.320213317871094, 43.35111618041992, 43.78977966308594]}