{"loss": [0.1491631120443344, 0.10529831051826477, 0.08864178508520126, 0.08540070801973343, 0.07474721223115921], "mse": [0.1491631120443344, 0.10529831051826477, 0.08864178508520126, 0.08540070801973343, 0.07474721223115921], "mae": [0.1699259728193283, 0.1433686912059784, 0.1326548010110855, 0.13038182258605957, 0.12446124851703644], "mape": [49.54803466796875, 42.88148880004883, 40.597415924072266, 39.90913772583008, 40.31061553955078]}