{"loss": [0.08095942437648773, 0.07901956140995026, 0.07895605266094208, 0.07936722785234451, 0.07835588604211807], "mse": [0.08095942437648773, 0.07901956140995026, 0.07895605266094208, 0.07936722785234451, 0.07835588604211807], "mae": [0.218991219997406, 0.21775047481060028, 0.21566198766231537, 0.21708467602729797, 0.2189030647277832], "mape": [467.487060546875, 1730.9019775390625, 4683.9970703125, 4074.855712890625, 3510.1982421875]}