{"loss": [0.08037713170051575, 0.07855287194252014, 0.07922523468732834, 0.07886970788240433, 0.07832024991512299], "mse": [0.08037713170051575, 0.07855287194252014, 0.07922523468732834, 0.07886970788240433, 0.07832024991512299], "mae": [0.21872548758983612, 0.21625912189483643, 0.21678289771080017, 0.21731676161289215, 0.21781685948371887], "mape": [5109.818359375, 5768.48876953125, 7710.7548828125, 7617.3115234375, 6967.27197265625]}