{"loss": [0.06204637140035629, 0.05795611813664436, 0.062190525233745575, 0.05541151016950607, 0.05850611627101898], "mse": [0.06204637140035629, 0.05795611813664436, 0.062190525233745575, 0.05541151016950607, 0.05850611627101898], "mae": [0.06692475080490112, 0.061465825885534286, 0.06516212224960327, 0.06055501103401184, 0.06486104428768158], "mape": [57.704891204833984, 47.73313522338867, 50.546722412109375, 45.893394470214844, 51.37895202636719]}