{"loss": [0.22106586396694183, 0.2173343151807785, 0.21444746851921082, 0.21076805889606476, 0.20648440718650818], "mse": [0.22106586396694183, 0.2173343151807785, 0.21444746851921082, 0.21076805889606476, 0.20648440718650818], "mae": [0.35477501153945923, 0.3521743714809418, 0.3485706150531769, 0.34872472286224365, 0.3460972309112549], "mape": [307.7256164550781, 263.32470703125, 298.1198425292969, 250.01651000976562, 258.28192138671875]}