{"loss": [0.10813008248806, 0.10639198869466782, 0.10505368560552597, 0.103286974132061, 0.10253676027059555], "mse": [0.10813008248806, 0.10639198869466782, 0.10505368560552597, 0.103286974132061, 0.10253676027059555], "mae": [0.23006683588027954, 0.22796957194805145, 0.22751720249652863, 0.2254009246826172, 0.22272354364395142], "mape": [133.87213134765625, 120.1765365600586, 120.59900665283203, 132.23899841308594, 136.6964111328125]}