{"loss": [0.12448336184024811, 0.12445958703756332, 0.12214384227991104, 0.12389712780714035, 0.12310174852609634], "mse": [0.12448336184024811, 0.12445958703756332, 0.12214384227991104, 0.12389712780714035, 0.12310174852609634], "mae": [0.20645923912525177, 0.20706595480442047, 0.20548215508460999, 0.20381025969982147, 0.20530273020267487], "mape": [46.199954986572266, 46.490821838378906, 44.31239318847656, 45.826133728027344, 45.67359924316406]}