{"loss": [0.060863666236400604, 0.05314456298947334, 0.06237977370619774, 0.05134273320436478, 0.05712471529841423], "mse": [0.060863666236400604, 0.05314456298947334, 0.06237977370619774, 0.05134273320436478, 0.05712471529841423], "mae": [0.06616435945034027, 0.058240555226802826, 0.06345144659280777, 0.056147173047065735, 0.06094517558813095], "mape": [50.579345703125, 49.951194763183594, 46.267303466796875, 47.70707702636719, 51.799659729003906]}