{"loss": [0.13514219224452972, 0.12717825174331665, 0.12801365554332733, 0.1240377128124237, 0.12171466648578644], "mse": [0.13514219224452972, 0.12717825174331665, 0.12801365554332733, 0.1240377128124237, 0.12171466648578644], "mae": [0.2747781276702881, 0.2622224986553192, 0.2613612115383148, 0.25551655888557434, 0.2549513578414917], "mape": [202.59103393554688, 204.7645263671875, 196.76345825195312, 210.2347869873047, 203.34918212890625]}