{"loss": [0.1254286766052246, 0.12542295455932617, 0.12339497357606888, 0.12492728233337402, 0.12447191029787064], "mse": [0.1254286766052246, 0.12542295455932617, 0.12339497357606888, 0.12492728233337402, 0.12447191029787064], "mae": [0.20814375579357147, 0.20911386609077454, 0.20689639449119568, 0.20527929067611694, 0.2070057988166809], "mape": [46.48965072631836, 46.82876968383789, 44.67860794067383, 46.15928268432617, 46.02601623535156]}