{"loss": [0.11561734974384308, 0.11513116210699081, 0.11316157877445221, 0.11469381302595139, 0.11434484273195267], "mse": [0.11561734974384308, 0.11513116210699081, 0.11316157877445221, 0.11469381302595139, 0.11434484273195267], "mae": [0.2006521373987198, 0.19982880353927612, 0.19990947842597961, 0.19723209738731384, 0.20034350454807281], "mape": [44.52274703979492, 44.29367446899414, 42.801116943359375, 43.85943603515625, 44.31395721435547]}