{"loss": [0.09067465364933014, 0.08823253959417343, 0.08814198523759842, 0.08832886815071106, 0.08745604753494263], "mse": [0.09067465364933014, 0.08823253959417343, 0.08814198523759842, 0.08832886815071106, 0.08745604753494263], "mae": [0.23048757016658783, 0.2281031608581543, 0.22558805346488953, 0.22736771404743195, 0.228952094912529], "mape": [887.6302490234375, 1300.0535888671875, 2200.51806640625, 1780.563720703125, 1157.4232177734375]}