{"loss": [0.0935545489192009, 0.0928797572851181, 0.09098555892705917, 0.09224684536457062, 0.08991073817014694], "mse": [0.0935545489192009, 0.0928797572851181, 0.09098555892705917, 0.09224684536457062, 0.08991073817014694], "mae": [0.2339600920677185, 0.2310112863779068, 0.22871151566505432, 0.23064343631267548, 0.22892652451992035], "mape": [69.02861022949219, 70.3382797241211, 71.01689147949219, 72.22978210449219, 71.91710662841797]}