{"loss": [0.14176830649375916, 0.13546180725097656, 0.13204732537269592, 0.13344591856002808, 0.1321163773536682], "mse": [0.14176830649375916, 0.13546180725097656, 0.13204732537269592, 0.13344591856002808, 0.1321163773536682], "mae": [0.22079506516456604, 0.21455331146717072, 0.21302807331085205, 0.21100226044654846, 0.2122552990913391], "mape": [48.81988525390625, 48.50091552734375, 46.19131851196289, 47.53819274902344, 47.13689041137695]}