{"loss": [0.07964658737182617, 0.0775541365146637, 0.07790177315473557, 0.07787691056728363, 0.07700059562921524], "mse": [0.07964658737182617, 0.0775541365146637, 0.07790177315473557, 0.07787691056728363, 0.07700059562921524], "mae": [0.21779556572437286, 0.21651537716388702, 0.2141008973121643, 0.21647322177886963, 0.21661792695522308], "mape": [1452.509521484375, 2161.92578125, 3196.23193359375, 2363.27001953125, 2339.4248046875]}