{"loss": [0.26001277565956116, 0.2558330297470093, 0.25014662742614746, 0.24446141719818115, 0.2372683435678482], "mse": [0.26001277565956116, 0.2558330297470093, 0.25014662742614746, 0.24446141719818115, 0.2372683435678482], "mae": [0.38914456963539124, 0.3901240825653076, 0.3851880431175232, 0.3796437680721283, 0.37247925996780396], "mape": [339.8110656738281, 265.1492004394531, 324.7740783691406, 247.97283935546875, 263.9945983886719]}