{"loss": [0.08332858234643936, 0.08124208450317383, 0.08104293793439865, 0.08150172233581543, 0.08047007024288177], "mse": [0.08332858234643936, 0.08124208450317383, 0.08104293793439865, 0.08150172233581543, 0.08047007024288177], "mae": [0.2221313863992691, 0.22041195631027222, 0.21827462315559387, 0.21972936391830444, 0.22169449925422668], "mape": [639.3419189453125, 1344.6611328125, 4207.88818359375, 3845.29833984375, 3051.344970703125]}