{"loss": [0.12542754411697388, 0.12542222440242767, 0.12339485436677933, 0.12492607533931732, 0.12447097152471542], "mse": [0.12542754411697388, 0.12542222440242767, 0.12339485436677933, 0.12492607533931732, 0.12447097152471542], "mae": [0.20814360678195953, 0.20911334455013275, 0.2068975567817688, 0.20527969300746918, 0.20700572431087494], "mape": [46.4898567199707, 46.82849884033203, 44.67859649658203, 46.158775329589844, 46.025413513183594]}