{"loss": [0.09228590130805969, 0.09063167870044708, 0.09048570692539215, 0.09175070375204086, 0.08938560634851456], "mse": [0.09228590130805969, 0.09063167870044708, 0.09048570692539215, 0.09175070375204086, 0.08938560634851456], "mae": [0.23649539053440094, 0.23062339425086975, 0.23213309049606323, 0.23212584853172302, 0.22917670011520386], "mape": [99.01153564453125, 99.5857925415039, 97.9910659790039, 89.60575103759766, 97.4510269165039]}