{"loss": [0.08592485636472702, 0.08371607959270477, 0.08334340900182724, 0.08379633724689484, 0.08271758258342743], "mse": [0.08592485636472702, 0.08371607959270477, 0.08334340900182724, 0.08379633724689484, 0.08271758258342743], "mae": [0.22539016604423523, 0.22324295341968536, 0.22080948948860168, 0.22239507734775543, 0.22433948516845703], "mape": [915.9501953125, 762.4461669921875, 3538.392578125, 3421.900634765625, 2433.489013671875]}