{"loss": [0.07017955183982849, 0.06646503508090973, 0.0633019506931305, 0.06660344451665878, 0.06078462675213814], "mse": [0.07017955183982849, 0.06646503508090973, 0.0633019506931305, 0.06660344451665878, 0.06078462675213814], "mae": [0.12872077524662018, 0.1212218850851059, 0.12159254401922226, 0.12213146686553955, 0.11843015998601913], "mape": [37.4094352722168, 36.57088088989258, 36.05019760131836, 34.75344467163086, 34.66913604736328]}