{"loss": [0.2663635015487671, 0.26194822788238525, 0.2556140422821045, 0.2506120502948761, 0.2454054355621338], "mse": [0.2663635015487671, 0.26194822788238525, 0.2556140422821045, 0.2506120502948761, 0.2454054355621338], "mae": [0.3935752809047699, 0.39340806007385254, 0.38757312297821045, 0.3842150568962097, 0.3798091411590576], "mape": [352.3125, 327.4864196777344, 343.42437744140625, 294.9654846191406, 304.8187255859375]}