{"loss": [0.09581552445888519, 0.09397988021373749, 0.09295763075351715, 0.0950847938656807, 0.0924173966050148], "mse": [0.09581552445888519, 0.09397988021373749, 0.09295763075351715, 0.0950847938656807, 0.0924173966050148], "mae": [0.23926328122615814, 0.2337624430656433, 0.2323194295167923, 0.23433326184749603, 0.23222821950912476], "mape": [104.80645751953125, 108.2055435180664, 104.03092193603516, 95.45979309082031, 104.76152801513672]}