{"loss": [0.1685628741979599, 0.15196464955806732, 0.13944822549819946, 0.13153763115406036, 0.11414461582899094], "mse": [0.1685628741979599, 0.15196464955806732, 0.13944822549819946, 0.13153763115406036, 0.11414461582899094], "mae": [0.11183599382638931, 0.10628992319107056, 0.1033007949590683, 0.0982365682721138, 0.09203393012285233], "mape": [54.080291748046875, 55.75779342651367, 50.83257293701172, 58.63019943237305, 48.524452209472656]}