{"loss": [0.04008737578988075, 0.036233726888895035, 0.032510414719581604, 0.038728032261133194, 0.03152229264378548], "mse": [0.04008737578988075, 0.036233726888895035, 0.032510414719581604, 0.038728032261133194, 0.03152229264378548], "mae": [0.09778470546007156, 0.09283865243196487, 0.08812376856803894, 0.09483630210161209, 0.08918166905641556], "mape": [31.162513732910156, 30.50800323486328, 29.04862403869629, 29.780508041381836, 30.452470779418945]}