{"loss": [0.10481876134872437, 0.10324627161026001, 0.10271918028593063, 0.09957116842269897, 0.09965075552463531], "mse": [0.10481876134872437, 0.10324627161026001, 0.10271918028593063, 0.09957116842269897, 0.09965075552463531], "mae": [0.23272670805454254, 0.23012296855449677, 0.22925178706645966, 0.22483399510383606, 0.22410956025123596], "mape": [112.78791046142578, 102.97166442871094, 116.17476654052734, 109.62904357910156, 113.37425994873047]}