{"loss": [0.13966062664985657, 0.10753942281007767, 0.09564170986413956, 0.09528696537017822, 0.08709642291069031], "mse": [0.13966062664985657, 0.10753942281007767, 0.09564170986413956, 0.09528696537017822, 0.08709642291069031], "mae": [0.16658148169517517, 0.14446759223937988, 0.13900433480739594, 0.13981293141841888, 0.1357531100511551], "mape": [49.773338317871094, 40.69020080566406, 37.78517532348633, 37.85240173339844, 35.4227180480957]}