{"loss": [0.5146569013595581, 0.3909868001937866, 0.35766416788101196, 0.3366500437259674, 0.3239096403121948], "mse": [0.5146569013595581, 0.3909868001937866, 0.35766416788101196, 0.3366500437259674, 0.3239096403121948], "mae": [0.5510866045951843, 0.49090418219566345, 0.4670984447002411, 0.45204824209213257, 0.441744863986969], "mape": [583.398193359375, 429.25054931640625, 423.1174621582031, 355.4933166503906, 380.4861755371094]}