{"loss": [0.08262786269187927, 0.0823281854391098, 0.08112844824790955, 0.08248238265514374, 0.08079338818788528], "mse": [0.08262786269187927, 0.0823281854391098, 0.08112844824790955, 0.08248238265514374, 0.08079338818788528], "mae": [0.21901313960552216, 0.21520888805389404, 0.21632839739322662, 0.21758675575256348, 0.2163829505443573], "mape": [66.01409912109375, 64.87393188476562, 66.19786834716797, 69.4879379272461, 67.65863037109375]}