{"loss": [0.0927264541387558, 0.0919644832611084, 0.09200780093669891, 0.09389382600784302, 0.09082601964473724], "mse": [0.0927264541387558, 0.0919644832611084, 0.09200780093669891, 0.09389382600784302, 0.09082601964473724], "mae": [0.23652561008930206, 0.23309995234012604, 0.23355062305927277, 0.2350551337003708, 0.23162604868412018], "mape": [96.31438446044922, 107.57880401611328, 101.68289947509766, 92.29827117919922, 101.2550048828125]}