{"loss": [0.0857025533914566, 0.08356393873691559, 0.08400218188762665, 0.08388306945562363, 0.08290572464466095], "mse": [0.0857025533914566, 0.08356393873691559, 0.08400218188762665, 0.08388306945562363, 0.08290572464466095], "mae": [0.2250514179468155, 0.2219296395778656, 0.22159884870052338, 0.22272458672523499, 0.22283533215522766], "mape": [5255.63525390625, 5975.3662109375, 7761.9814453125, 7921.86376953125, 7030.8076171875]}