{"loss": [0.133815735578537, 0.11627569049596786, 0.11084772646427155, 0.10776452720165253, 0.10416501760482788], "mse": [0.133815735578537, 0.11627569049596786, 0.11084772646427155, 0.10776452720165253, 0.10416501760482788], "mae": [0.27682003378868103, 0.2585117816925049, 0.2505302131175995, 0.24794185161590576, 0.24600468575954437], "mape": [4387.462890625, 4903.046875, 4044.949951171875, 4513.6494140625, 1990.09423828125]}