{"loss": [0.3015536069869995, 0.29077690839767456, 0.2810874283313751, 0.2735624611377716, 0.26392754912376404], "mse": [0.3015536069869995, 0.29077690839767456, 0.2810874283313751, 0.2735624611377716, 0.26392754912376404], "mae": [0.4222162365913391, 0.4188462495803833, 0.411261647939682, 0.40509551763534546, 0.3959844708442688], "mape": [373.29779052734375, 300.92535400390625, 358.5866394042969, 280.6956787109375, 297.5190124511719]}