{"loss": [0.2330164909362793, 0.23307369649410248, 0.2338494211435318, 0.2303732931613922, 0.22927282750606537], "mse": [0.2330164909362793, 0.23307369649410248, 0.2338494211435318, 0.2303732931613922, 0.22927282750606537], "mae": [0.288719117641449, 0.2891820967197418, 0.2851766049861908, 0.2857011556625366, 0.28444746136665344], "mape": [246.0472869873047, 281.9482727050781, 243.58743286132812, 260.8251953125, 262.6618957519531]}