{"loss": [0.11851338297128677, 0.11826930940151215, 0.115806445479393, 0.11729022860527039, 0.11670225113630295], "mse": [0.11851338297128677, 0.11826930940151215, 0.115806445479393, 0.11729022860527039, 0.11670225113630295], "mae": [0.20164789259433746, 0.2008330076932907, 0.20022031664848328, 0.19801510870456696, 0.2003125548362732], "mape": [45.04227828979492, 45.02946853637695, 43.24109649658203, 44.46659469604492, 44.73567581176758]}