{"loss": [0.08439650386571884, 0.0837036743760109, 0.08298423886299133, 0.08384785801172256, 0.08066115528345108], "mse": [0.08439650386571884, 0.0837036743760109, 0.08298423886299133, 0.08384785801172256, 0.08066115528345108], "mae": [0.22073864936828613, 0.21716877818107605, 0.2169095128774643, 0.2170601338148117, 0.21493525803089142], "mape": [65.67144012451172, 64.73612976074219, 66.18865966796875, 68.49826049804688, 64.31427001953125]}