{"loss": [0.11752860248088837, 0.10092511773109436, 0.09997766464948654, 0.09602589905261993, 0.08998271077871323], "mse": [0.11752860248088837, 0.10092511773109436, 0.09997766464948654, 0.09602589905261993, 0.08998271077871323], "mae": [0.09377675503492355, 0.08480571955442429, 0.08810234069824219, 0.0830758661031723, 0.07961549609899521], "mape": [49.94185256958008, 48.103729248046875, 53.26133346557617, 55.56404495239258, 50.07148742675781]}