{"loss": [0.05375946685671806, 0.05033881962299347, 0.04933170974254608, 0.05326097831130028, 0.04768446087837219], "mse": [0.05375946685671806, 0.05033881962299347, 0.04933170974254608, 0.05326097831130028, 0.04768446087837219], "mae": [0.11289303749799728, 0.10761568695306778, 0.1070624515414238, 0.10887952148914337, 0.10412030667066574], "mape": [34.93754577636719, 34.52607345581055, 34.99030303955078, 33.0206298828125, 31.726585388183594]}