{"loss": [0.1372721642255783, 0.11512721329927444, 0.10892996937036514, 0.10562067478895187, 0.10180247575044632], "mse": [0.1372721642255783, 0.11512721329927444, 0.10892996937036514, 0.10562067478895187, 0.10180247575044632], "mae": [0.28632792830467224, 0.2617073655128479, 0.25225114822387695, 0.2501792311668396, 0.24490095674991608], "mape": [86.73770141601562, 78.30354309082031, 75.42503356933594, 76.7784423828125, 74.90080261230469]}