{"loss": [0.0620463564991951, 0.05795612186193466, 0.06219054386019707, 0.05541151016950607, 0.05850610136985779], "mse": [0.0620463564991951, 0.05795612186193466, 0.06219054386019707, 0.05541151016950607, 0.05850610136985779], "mae": [0.06692476570606232, 0.061465825885534286, 0.06516209244728088, 0.06055503711104393, 0.06486103683710098], "mape": [57.70488357543945, 47.73307418823242, 50.546730041503906, 45.893409729003906, 51.378990173339844]}