{"loss": [0.1033039540052414, 0.10182515531778336, 0.10013426840305328, 0.09986237436532974, 0.0978410467505455], "mse": [0.1033039540052414, 0.10182515531778336, 0.10013426840305328, 0.09986237436532974, 0.0978410467505455], "mae": [0.24732953310012817, 0.24392297863960266, 0.2409731149673462, 0.24012808501720428, 0.23978200554847717], "mape": [73.9642333984375, 72.9263687133789, 75.59418487548828, 76.80291748046875, 76.40503692626953]}