{"loss": [0.1314084231853485, 0.13118183612823486, 0.12887032330036163, 0.13057304918766022, 0.12975364923477173], "mse": [0.1314084231853485, 0.13118183612823486, 0.12887032330036163, 0.13057304918766022, 0.12975364923477173], "mae": [0.21262571215629578, 0.21307936310768127, 0.21147000789642334, 0.20961852371692657, 0.21130424737930298], "mape": [47.7498779296875, 47.97878646850586, 45.86176681518555, 47.19841766357422, 46.92665481567383]}