{"loss": [0.05071638897061348, 0.04743766412138939, 0.046578299254179, 0.05028814449906349, 0.045254822820425034], "mse": [0.05071638897061348, 0.04743766412138939, 0.046578299254179, 0.05028814449906349, 0.045254822820425034], "mae": [0.10899552702903748, 0.10410045832395554, 0.10333723574876785, 0.10559799522161484, 0.10184738785028458], "mape": [33.97463607788086, 33.69281005859375, 33.54652404785156, 32.29054260253906, 31.208646774291992]}