{"loss": [0.17559146881103516, 0.17145821452140808, 0.16883379220962524, 0.16592639684677124, 0.15917377173900604], "mse": [0.17559146881103516, 0.17145821452140808, 0.16883379220962524, 0.16592639684677124, 0.15917377173900604], "mae": [0.3083178400993347, 0.30048444867134094, 0.30269655585289, 0.2982664704322815, 0.2933892011642456], "mape": [201.96932983398438, 198.6243896484375, 197.99420166015625, 193.98793029785156, 191.16220092773438]}