{"loss": [0.2769847810268402, 0.27612587809562683, 0.27716389298439026, 0.27242496609687805, 0.2711539566516876], "mse": [0.2769847810268402, 0.27612587809562683, 0.27716389298439026, 0.27242496609687805, 0.2711539566516876], "mae": [0.30898526310920715, 0.30885204672813416, 0.3074744641780853, 0.3075580894947052, 0.3075432777404785], "mape": [254.9578399658203, 288.9400634765625, 243.26791381835938, 251.4375, 252.12359619140625]}