{"loss": [0.08907236903905869, 0.08679132908582687, 0.08702930063009262, 0.08693577349185944, 0.08578126132488251], "mse": [0.08907236903905869, 0.08679132908582687, 0.08702930063009262, 0.08693577349185944, 0.08578126132488251], "mae": [0.2285296618938446, 0.22590669989585876, 0.22451592981815338, 0.22573566436767578, 0.2257060408592224], "mape": [5142.07861328125, 5759.69287109375, 7306.017578125, 7720.94921875, 6529.166015625]}