{"loss": [0.21448306739330292, 0.20433177053928375, 0.2020566165447235, 0.19590725004673004, 0.19116517901420593], "mse": [0.21448306739330292, 0.20433177053928375, 0.2020566165447235, 0.19590725004673004, 0.19116517901420593], "mae": [0.3367694616317749, 0.32918405532836914, 0.3265838623046875, 0.3209395408630371, 0.3178156316280365], "mape": [233.8263702392578, 236.4676971435547, 215.27569580078125, 202.3779296875, 211.5346221923828]}