{"loss": [0.04046238586306572, 0.034200724214315414, 0.030830901116132736, 0.03231390565633774, 0.029146412387490273], "mse": [0.04046238586306572, 0.034200724214315414, 0.030830901116132736, 0.03231390565633774, 0.029146412387490273], "mae": [0.0991952195763588, 0.09003657847642899, 0.08580895513296127, 0.08745140582323074, 0.08675309270620346], "mape": [32.84735107421875, 31.861433029174805, 28.955942153930664, 31.458784103393555, 30.865854263305664]}