{"loss": [0.08885439485311508, 0.08770477771759033, 0.08619526028633118, 0.08865077048540115, 0.08627238869667053], "mse": [0.08885439485311508, 0.08770477771759033, 0.08619526028633118, 0.08865077048540115, 0.08627238869667053], "mae": [0.2316497266292572, 0.22676199674606323, 0.22467286884784698, 0.22699758410453796, 0.2254190593957901], "mape": [102.30586242675781, 104.34254455566406, 100.10037994384766, 92.80931091308594, 101.0721206665039]}