{"loss": [0.07985280454158783, 0.08031070232391357, 0.0789918527007103, 0.08068334311246872, 0.07820189744234085], "mse": [0.07985280454158783, 0.08031070232391357, 0.0789918527007103, 0.08068334311246872, 0.07820189744234085], "mae": [0.21447505056858063, 0.2121376097202301, 0.21251322329044342, 0.21504460275173187, 0.21189412474632263], "mape": [64.40320587158203, 64.87657165527344, 65.7371597290039, 67.39717864990234, 66.96610260009766]}