{"loss": [0.2201855480670929, 0.220114603638649, 0.2205929309129715, 0.21716666221618652, 0.2162320613861084], "mse": [0.2201855480670929, 0.220114603638649, 0.2205929309129715, 0.21716666221618652, 0.2162320613861084], "mae": [0.28082308173179626, 0.2808597981929779, 0.27650561928749084, 0.27849581837654114, 0.27688711881637573], "mape": [246.85914611816406, 284.1679382324219, 241.27139282226562, 262.8419189453125, 262.3765563964844]}