{"loss": [0.044556625187397, 0.03970535472035408, 0.03659455105662346, 0.04224700853228569, 0.0355868861079216], "mse": [0.044556625187397, 0.03970535472035408, 0.03659455105662346, 0.04224700853228569, 0.0355868861079216], "mae": [0.1031554564833641, 0.09721169620752335, 0.09372448176145554, 0.09888996183872223, 0.09385468065738678], "mape": [32.21687316894531, 32.03266906738281, 30.204729080200195, 30.853227615356445, 30.81956672668457]}