{"loss": [0.07818853110074997, 0.07662498950958252, 0.07727489620447159, 0.07676536589860916, 0.07640612125396729], "mse": [0.07818853110074997, 0.07662498950958252, 0.07727489620447159, 0.07676536589860916, 0.07640612125396729], "mae": [0.2157546728849411, 0.214284747838974, 0.21428509056568146, 0.2145545780658722, 0.21533077955245972], "mape": [4666.04931640625, 5211.78271484375, 7225.294921875, 7231.482421875, 6447.5830078125]}