{"loss": [0.08480612933635712, 0.08249381184577942, 0.08267106860876083, 0.08282428234815598, 0.08192992955446243], "mse": [0.08480612933635712, 0.08249381184577942, 0.08267106860876083, 0.08282428234815598, 0.08192992955446243], "mae": [0.22384218871593475, 0.22205756604671478, 0.21971780061721802, 0.22217673063278198, 0.22288666665554047], "mape": [1179.716552734375, 1725.603759765625, 2689.480224609375, 2104.142578125, 1755.2957763671875]}