{"loss": [0.31692740321159363, 0.2617405354976654, 0.2323126494884491, 0.21761520206928253, 0.1809806227684021], "mse": [0.31692740321159363, 0.2617405354976654, 0.2323126494884491, 0.21761520206928253, 0.1809806227684021], "mae": [0.15603578090667725, 0.13897095620632172, 0.12844815850257874, 0.12233185023069382, 0.11584807187318802], "mape": [73.32254791259766, 84.64993286132812, 63.01626968383789, 56.32874298095703, 51.56357955932617]}