{"loss": [0.1033039316534996, 0.10182515531778336, 0.10013426840305328, 0.09986235946416855, 0.0978410542011261], "mse": [0.1033039316534996, 0.10182515531778336, 0.10013426840305328, 0.09986235946416855, 0.0978410542011261], "mae": [0.24732953310012817, 0.24392300844192505, 0.2409730851650238, 0.24012808501720428, 0.2397819608449936], "mape": [73.96421813964844, 72.92637634277344, 75.59417724609375, 76.80292510986328, 76.40504455566406]}