{"loss": [0.18459007143974304, 0.17903265357017517, 0.17913031578063965, 0.17577512562274933, 0.17268912494182587], "mse": [0.18459007143974304, 0.17903265357017517, 0.17913031578063965, 0.17577512562274933, 0.17268912494182587], "mae": [0.31619295477867126, 0.3094269633293152, 0.3153858780860901, 0.3109869658946991, 0.3075887858867645], "mape": [225.31381225585938, 226.02392578125, 212.201416015625, 213.84762573242188, 219.0435028076172]}