{"loss": [0.12615950405597687, 0.12328419089317322, 0.12141712754964828, 0.1186562031507492, 0.11634639650583267], "mse": [0.12615950405597687, 0.12328419089317322, 0.12141712754964828, 0.1186562031507492, 0.11634639650583267], "mae": [0.25455331802368164, 0.2519093453884125, 0.2504289448261261, 0.24634556472301483, 0.24170953035354614], "mape": [139.75006103515625, 130.46322631835938, 130.09425354003906, 139.46188354492188, 138.87353515625]}