{
    "losses": [
        3.9372663497924805,
        3.1032254695892334,
        2.5995240211486816,
        2.283252716064453,
        2.045851469039917,
        1.8476290702819824,
        1.6817493438720703,
        1.5438896417617798,
        1.4274675846099854,
        1.3272613286972046,
        1.240553855895996,
        1.165000081062317,
        1.0981850624084473,
        1.0391039848327637,
        0.9863868355751038,
        0.9389092922210693,
        0.8959933519363403,
        0.857262909412384,
        0.8219371438026428,
        0.7896990180015564,
        0.7601200938224792,
        0.7330173254013062,
        0.7079217433929443,
        0.6848293542861938,
        0.6633191704750061,
        0.6434397101402283,
        0.6250216960906982,
        0.6079034209251404,
        0.5917737483978271,
        0.5768411159515381,
        0.5626676678657532,
        0.5494939684867859,
        0.5371066927909851,
        0.5254835486412048,
        0.5144591927528381,
        0.5041319727897644,
        0.49423694610595703,
        0.48510751128196716,
        0.4762495160102844,
        0.46799570322036743,
        0.46007975935935974,
        0.4525482952594757,
        0.4454191029071808,
        0.4386066496372223,
        0.4321884214878082,
        0.42595309019088745,
        0.420074999332428,
        0.41446825861930847,
        0.4089885652065277,
        0.4037809371948242
    ],
    "rmses": [
        1.9842546081066514,
        1.7615974198406494,
        1.612303948127859,
        1.5110435850975488,
        1.430332642793248,
        1.3592752003483262,
        1.2968227881526722,
        1.2425335575998662,
        1.19476674903932,
        1.1520682830011442,
        1.1138015334412124,
        1.0793516947975377,
        1.04794325342952,
        1.0193645004770195,
        0.9931700939794269,
        0.9689733186321847,
        0.9465692536398699,
        0.9258849331382297,
        0.9066074915875353,
        0.8886501099991809,
        0.8718486645183781,
        0.8561643098151815,
        0.8413808551381142,
        0.8275441705952582,
        0.8144440867702375,
        0.8021469379984121,
        0.7905831367355987,
        0.7796816151001256,
        0.7692683201574254,
        0.759500570079798,
        0.7501117702487764,
        0.741278603823681,
        0.7328756325536995,
        0.7249024407747603,
        0.7172581074849124,
        0.7100225156921183,
        0.703019876039047,
        0.6964965981840594,
        0.6901083364300742,
        0.6841020928326744,
        0.6782917951437712,
        0.6727170989795604,
        0.6673972601885483,
        0.6622738479188366,
        0.657410390462311,
        0.652650817965386,
        0.648131930499052,
        0.6437920926970977,
        0.6395221381676538,
        0.6354375950436236
    ]
}