{"loss": [0.17559145390987396, 0.17145821452140808, 0.16883377730846405, 0.16592639684677124, 0.15917374193668365], "mse": [0.17559145390987396, 0.17145821452140808, 0.16883377730846405, 0.16592639684677124, 0.15917374193668365], "mae": [0.3083178400993347, 0.3004845678806305, 0.30269655585289, 0.29826653003692627, 0.293389230966568], "mape": [201.96932983398438, 198.62435913085938, 197.99417114257812, 193.98793029785156, 191.1621856689453]}