{"loss": [0.30155354738235474, 0.29077690839767456, 0.2810874283313751, 0.273562490940094, 0.26392751932144165], "mse": [0.30155354738235474, 0.29077690839767456, 0.2810874283313751, 0.273562490940094, 0.26392751932144165], "mae": [0.4222162365913391, 0.4188462495803833, 0.411261647939682, 0.40509551763534546, 0.3959844410419464], "mape": [373.29779052734375, 300.9253234863281, 358.5867614746094, 280.69561767578125, 297.5189514160156]}