{"loss": [0.08262787014245987, 0.0823281779885292, 0.08112845569849014, 0.08248238265514374, 0.08079338818788528], "mse": [0.08262787014245987, 0.0823281779885292, 0.08112845569849014, 0.08248238265514374, 0.08079338818788528], "mae": [0.21901313960552216, 0.21520888805389404, 0.21632835268974304, 0.21758677065372467, 0.2163829803466797], "mape": [66.01409912109375, 64.87393188476562, 66.19786071777344, 69.4879379272461, 67.65863037109375]}