{"loss": [0.0857025682926178, 0.08356393128633499, 0.08400218933820724, 0.08388306200504303, 0.08290571719408035], "mse": [0.0857025682926178, 0.08356393128633499, 0.08400218933820724, 0.08388306200504303, 0.08290571719408035], "mae": [0.2250514030456543, 0.2219296544790268, 0.22159884870052338, 0.2227245420217514, 0.22283533215522766], "mape": [5255.63671875, 5975.3642578125, 7761.97802734375, 7921.86376953125, 7030.8076171875]}