{"loss": [0.08154097199440002, 0.08196111023426056, 0.08062651008367538, 0.0822945162653923, 0.07979761809110641], "mse": [0.08154097199440002, 0.08196111023426056, 0.08062651008367538, 0.0822945162653923, 0.07979761809110641], "mae": [0.2168336659669876, 0.2147425413131714, 0.21462853252887726, 0.21729788184165955, 0.21446149051189423], "mape": [65.40433502197266, 65.77301025390625, 66.72264099121094, 68.3675765991211, 68.14994812011719]}