{"loss": [0.33224257826805115, 0.2660100758075714, 0.2413565069437027, 0.21367736160755157, 0.18623018264770508], "mse": [0.33224257826805115, 0.2660100758075714, 0.2413565069437027, 0.21367736160755157, 0.18623018264770508], "mae": [0.15769262611865997, 0.14175158739089966, 0.13039875030517578, 0.11691394448280334, 0.11122212558984756], "mape": [165.51695251464844, 307.4951171875, 226.5863037109375, 199.4086151123047, 157.9336700439453]}