{"loss": [0.14134632050991058, 0.1382463425397873, 0.13826094567775726, 0.13341660797595978, 0.13320061564445496], "mse": [0.14134632050991058, 0.1382463425397873, 0.13826094567775726, 0.13341660797595978, 0.13320061564445496], "mae": [0.2755136787891388, 0.26801738142967224, 0.2680739760398865, 0.2641605734825134, 0.26446807384490967], "mape": [158.47103881835938, 149.2213897705078, 147.89599609375, 147.50453186035156, 162.1007843017578]}