{"loss": [0.07481629401445389, 0.07313774526119232, 0.0736391618847847, 0.07341138273477554, 0.07262325286865234], "mse": [0.07481629401445389, 0.07313774526119232, 0.0736391618847847, 0.07341138273477554, 0.07262325286865234], "mae": [0.21133121848106384, 0.2107866257429123, 0.20887669920921326, 0.21013034880161285, 0.21016184985637665], "mape": [1750.6217041015625, 2790.35693359375, 3762.837890625, 2713.993408203125, 2991.4228515625]}