{"loss": [0.26702621579170227, 0.26215073466300964, 0.25558751821517944, 0.2470151036977768, 0.2464480996131897], "mse": [0.26702621579170227, 0.26215073466300964, 0.25558751821517944, 0.2470151036977768, 0.2464480996131897], "mae": [0.3978525698184967, 0.39506685733795166, 0.3912544846534729, 0.38187912106513977, 0.3820575475692749], "mape": [374.0760803222656, 334.93505859375, 350.8181457519531, 298.4600524902344, 330.7555236816406]}