{"loss": [0.3165303170681, 0.29978883266448975, 0.29415544867515564, 0.28451016545295715, 0.27516525983810425], "mse": [0.3165303170681, 0.29978883266448975, 0.29415544867515564, 0.28451016545295715, 0.27516525983810425], "mae": [0.4037317633628845, 0.3932778239250183, 0.38949161767959595, 0.3822951912879944, 0.37851768732070923], "mape": [262.51708984375, 260.7427673339844, 256.5133361816406, 245.52407836914062, 249.861328125]}