{"loss": [0.10135204344987869, 0.10023532062768936, 0.09885872900485992, 0.09742730855941772, 0.09682661294937134], "mse": [0.10135204344987869, 0.10023532062768936, 0.09885872900485992, 0.09742730855941772, 0.09682661294937134], "mae": [0.22047638893127441, 0.2200513631105423, 0.21865451335906982, 0.217112198472023, 0.2150508463382721], "mape": [130.32752990722656, 117.58822631835938, 120.0863265991211, 128.78515625, 134.31072998046875]}