{"loss": [0.2526460289955139, 0.2515948414802551, 0.25386855006217957, 0.249293252825737, 0.2488526999950409], "mse": [0.2526460289955139, 0.2515948414802551, 0.25386855006217957, 0.249293252825737, 0.2488526999950409], "mae": [0.2971076965332031, 0.2964390814304352, 0.29509660601615906, 0.29567742347717285, 0.29552870988845825], "mape": [244.29281616210938, 336.84033203125, 294.0679016113281, 354.05963134765625, 355.2115478515625]}