{"loss": [0.04746464639902115, 0.042308174073696136, 0.039315711706876755, 0.044787582010030746, 0.03814418241381645], "mse": [0.04746464639902115, 0.042308174073696136, 0.039315711706876755, 0.044787582010030746, 0.03814418241381645], "mae": [0.1065504178404808, 0.10018955916166306, 0.09746038913726807, 0.10170230269432068, 0.09710033237934113], "mape": [33.09502029418945, 32.91828918457031, 31.121042251586914, 31.527204513549805, 31.39418601989746]}