{"loss": [0.11624205857515335, 0.11391563713550568, 0.11242230236530304, 0.11015567928552628, 0.10845717787742615], "mse": [0.11624205857515335, 0.11391563713550568, 0.11242230236530304, 0.11015567928552628, 0.10845717787742615], "mae": [0.2412848323583603, 0.23866109549999237, 0.23817427456378937, 0.2348237931728363, 0.2307758927345276], "mape": [136.16989135742188, 124.8448715209961, 125.64666748046875, 135.44485473632812, 137.05125427246094]}