{"loss": [0.08410639315843582, 0.08336066454648972, 0.0828644335269928, 0.0840097963809967, 0.0819854661822319], "mse": [0.08410639315843582, 0.08336066454648972, 0.0828644335269928, 0.0840097963809967, 0.0819854661822319], "mae": [0.2263960987329483, 0.2217189073562622, 0.2225591093301773, 0.22312557697296143, 0.21980854868888855], "mape": [95.53870391845703, 97.19729614257812, 95.90650939941406, 88.2613296508789, 96.47550964355469]}