{"loss": [0.051416005939245224, 0.04984434321522713, 0.048568204045295715, 0.04553711786866188, 0.04108739644289017], "mse": [0.051416005939245224, 0.04984434321522713, 0.048568204045295715, 0.04553711786866188, 0.04108739644289017], "mae": [0.0627167746424675, 0.05878069996833801, 0.05892164260149002, 0.05318676680326462, 0.05773649737238884], "mape": [55.55386734008789, 48.099449157714844, 48.3875846862793, 43.222408294677734, 50.052127838134766]}