{"loss": [0.276803582906723, 0.27607735991477966, 0.27647584676742554, 0.2708360254764557, 0.26948946714401245], "mse": [0.276803582906723, 0.27607735991477966, 0.27647584676742554, 0.2708360254764557, 0.26948946714401245], "mae": [0.30967700481414795, 0.3095982074737549, 0.30769863724708557, 0.3073258697986603, 0.3068041503429413], "mape": [258.6454772949219, 291.5323486328125, 249.03265380859375, 256.50115966796875, 251.3380126953125]}