{"loss": [0.09576983004808426, 0.09453430771827698, 0.09488549083471298, 0.09656284749507904, 0.0933542475104332], "mse": [0.09576983004808426, 0.09453430771827698, 0.09488549083471298, 0.09656284749507904, 0.0933542475104332], "mae": [0.2400859296321869, 0.23632316291332245, 0.23704282939434052, 0.23829559981822968, 0.23480224609375], "mape": [98.41471099853516, 109.3690414428711, 103.57710266113281, 93.95984649658203, 102.93720245361328]}