{"loss": [0.22833135724067688, 0.22777731716632843, 0.2294357717037201, 0.2249879539012909, 0.22481533885002136], "mse": [0.22833135724067688, 0.22777731716632843, 0.2294357717037201, 0.2249879539012909, 0.22481533885002136], "mae": [0.2863932251930237, 0.28441131114959717, 0.28318995237350464, 0.2828283905982971, 0.2833766043186188], "mape": [255.61961364746094, 361.7886047363281, 328.0152282714844, 363.45587158203125, 381.5195007324219]}