{"loss": [0.15381620824337006, 0.14957797527313232, 0.14700356125831604, 0.1433480978012085, 0.139396533370018], "mse": [0.15381620824337006, 0.14957797527313232, 0.14700356125831604, 0.1433480978012085, 0.139396533370018], "mae": [0.2888666093349457, 0.28585323691368103, 0.28121939301490784, 0.2783772945404053, 0.27251002192497253], "mape": [151.9460906982422, 141.55950927734375, 135.22354125976562, 146.1975555419922, 150.4951934814453]}