{"loss": [0.2475491464138031, 0.24743030965328217, 0.2479761689901352, 0.24352791905403137, 0.24294127523899078], "mse": [0.2475491464138031, 0.24743030965328217, 0.2479761689901352, 0.24352791905403137, 0.24294127523899078], "mae": [0.2967020273208618, 0.29662835597991943, 0.2943783700466156, 0.29375341534614563, 0.29285040497779846], "mape": [245.82015991210938, 278.8681335449219, 243.69741821289062, 254.48150634765625, 256.2318420410156]}