{"losses": [0.31908416748046875, 0.20994940400123596, 0.1779184639453888, 0.1557321399450302, 0.14448629319667816, 0.1282285898923874, 0.12183279544115067, 0.11307447403669357, 0.10806083679199219, 0.09899744391441345, 0.09990967810153961, 0.09626942127943039, 0.09072665125131607, 0.08885261416435242, 0.08323030918836594, 0.08281458169221878, 0.07893378287553787, 0.07625871151685715, 0.07387636601924896, 0.07649857550859451, 0.07231076061725616, 0.07369205355644226, 0.06805351376533508, 0.06898098438978195, 0.06897253543138504, 0.06460532546043396, 0.06779034435749054, 0.06577721238136292, 0.06347524374723434, 0.0629889965057373, 0.06181390583515167, 0.05821192264556885, 0.06124868988990784, 0.05961224064230919, 0.057547423988580704, 0.05743624269962311, 0.055965766310691833, 0.05617549270391464, 0.05402456223964691, 0.054806679487228394, 0.0526813268661499, 0.054019421339035034, 0.05291902273893356, 0.05336726829409599, 0.05024883523583412, 0.051178768277168274, 0.04797778278589249, 0.0477585606276989, 0.050002243369817734, 0.04864300787448883, 0.04691699519753456, 0.04659434035420418, 0.04588654264807701, 0.04466993734240532, 0.046558037400245667, 0.04547056928277016, 0.04427141696214676, 0.0441880002617836, 0.04453742504119873, 0.042985618114471436], "rmses": [0.5648753557028919, 0.45820236140949333, 0.42180382163440483, 0.3946291169503718, 0.3801135267215285, 0.3580901979842333, 0.3490455492355556, 0.3362654814825536, 0.328726081703281, 0.3146385925381905, 0.3160849222938981, 0.310273139796906, 0.30120865069137054, 0.2980815562297547, 0.2884966363553758, 0.287775227725075, 0.2809515667789341, 0.27614979905271914, 0.2718020714035288, 0.27658375857702583, 0.26890660203359856, 0.27146280326490824, 0.2608706839898556, 0.2626423126417028, 0.26262622761518895, 0.2541757766987916, 0.2603657895298277, 0.2564706852280839, 0.2519429374823481, 0.2509760875177898, 0.24862402505621148, 0.24127147084885284, 0.2474847265790514, 0.24415618083986568, 0.23989044163655354, 0.23965859613129487, 0.2365708483957646, 0.23701369729176971, 0.23243184428913116, 0.23410826445734118, 0.22952413133731692, 0.23242078508394, 0.23004135006327353, 0.23101356733771286, 0.22416251969460488, 0.22622724919241774, 0.21903831351134095, 0.21853732090354475, 0.22361181402112396, 0.2205515991202259, 0.21660331298836258, 0.21585722214974457, 0.21421144378411955, 0.21135263741530486, 0.2157731155641167, 0.21323829225251772, 0.21040773978669786, 0.21020942001200518, 0.2110389183093932, 0.2073297328278591]}