{"loss": [0.0673358291387558, 0.0634830892086029, 0.06855558604001999, 0.058286841958761215, 0.06746113300323486], "mse": [0.0673358291387558, 0.0634830892086029, 0.06855558604001999, 0.058286841958761215, 0.06746113300323486], "mae": [0.06981999427080154, 0.064717136323452, 0.06885825842618942, 0.06297558546066284, 0.06874126940965652], "mape": [57.626434326171875, 46.89500427246094, 49.94424819946289, 46.88932418823242, 51.800167083740234]}