{"loss": [0.0804961621761322, 0.0803123190999031, 0.07918884605169296, 0.08045165240764618, 0.0789276659488678], "mse": [0.0804961621761322, 0.0803123190999031, 0.07918884605169296, 0.08045165240764618, 0.0789276659488678], "mae": [0.21649470925331116, 0.21247155964374542, 0.21387846767902374, 0.21491584181785583, 0.21387074887752533], "mape": [64.8038558959961, 63.69507598876953, 65.0384521484375, 68.50528717041016, 66.30323791503906]}