{"loss": [0.2555190324783325, 0.2554246783256531, 0.25599414110183716, 0.2510131597518921, 0.25055426359176636], "mse": [0.2555190324783325, 0.2554246783256531, 0.25599414110183716, 0.2510131597518921, 0.25055426359176636], "mae": [0.2998247444629669, 0.29989418387413025, 0.2983472943305969, 0.29780176281929016, 0.2970394492149353], "mape": [247.55856323242188, 281.1801452636719, 244.52694702148438, 254.41893005371094, 252.478759765625]}