{"loss": [0.08907236903905869, 0.08679132908582687, 0.08702931553125381, 0.08693579584360123, 0.08578125387430191], "mse": [0.08907236903905869, 0.08679132908582687, 0.08702931553125381, 0.08693579584360123, 0.08578125387430191], "mae": [0.22852961719036102, 0.22590665519237518, 0.22451598942279816, 0.22573570907115936, 0.2257060408592224], "mape": [5142.07421875, 5759.6884765625, 7306.009765625, 7720.94677734375, 6529.166015625]}