{"loss": [0.11261297017335892, 0.1114710345864296, 0.11085790395736694, 0.10823912173509598, 0.10915958136320114], "mse": [0.11261297017335892, 0.1114710345864296, 0.11085790395736694, 0.10823912173509598, 0.10915958136320114], "mae": [0.24127468466758728, 0.23415663838386536, 0.23295168578624725, 0.2314399629831314, 0.2337898164987564], "mape": [133.62026977539062, 128.04685974121094, 130.4168243408203, 130.35081481933594, 138.8736114501953]}