{"loss": [0.08219075202941895, 0.07996458560228348, 0.08023643493652344, 0.08030819147825241, 0.07941580563783646], "mse": [0.08219075202941895, 0.07996458560228348, 0.08023643493652344, 0.08030819147825241, 0.07941580563783646], "mae": [0.22092753648757935, 0.21930471062660217, 0.21703940629959106, 0.21947795152664185, 0.21984286606311798], "mape": [1334.367919921875, 1941.0833740234375, 2940.831787109375, 2241.500732421875, 2032.255615234375]}