{"loss": [0.07985279709100723, 0.08031069487333298, 0.0789918377995491, 0.08068334311246872, 0.07820190489292145], "mse": [0.07985279709100723, 0.08031069487333298, 0.0789918377995491, 0.08068334311246872, 0.07820190489292145], "mae": [0.21447505056858063, 0.2121375948190689, 0.21251319348812103, 0.21504464745521545, 0.21189408004283905], "mape": [64.40320587158203, 64.87657165527344, 65.7371597290039, 67.39717864990234, 66.96611785888672]}