{"loss": [0.337078332901001, 0.16448749601840973, 0.1460578888654709, 0.14146436750888824, 0.1367640197277069], "mse": [0.337078332901001, 0.16448749601840973, 0.1460578888654709, 0.14146436750888824, 0.1367640197277069], "mae": [0.3935419023036957, 0.2292586863040924, 0.2185080349445343, 0.2149851769208908, 0.21361440420150757], "mape": [64.65039825439453, 49.60777282714844, 46.8653564453125, 48.25074768066406, 47.405906677246094]}