{"loss": [0.08440829068422318, 0.08481384813785553, 0.08430997282266617, 0.08623237907886505, 0.08382132649421692], "mse": [0.08440829068422318, 0.08481384813785553, 0.08430997282266617, 0.08623237907886505, 0.08382132649421692], "mae": [0.22592973709106445, 0.22376559674739838, 0.2236391007900238, 0.22529953718185425, 0.22306355834007263], "mape": [91.6978759765625, 103.88068389892578, 97.35205841064453, 87.69617462158203, 97.07025146484375]}