{"loss": [0.038599006831645966, 0.031604669988155365, 0.028990916907787323, 0.03050585277378559, 0.027324184775352478], "mse": [0.038599006831645966, 0.031604669988155365, 0.028990916907787323, 0.03050585277378559, 0.027324184775352478], "mae": [0.09653084725141525, 0.08731574565172195, 0.0832216888666153, 0.08465640246868134, 0.08486005663871765], "mape": [32.03803253173828, 30.979141235351562, 28.284530639648438, 30.738317489624023, 30.315500259399414]}