{"loss": [0.11324454843997955, 0.1110258549451828, 0.11076156795024872, 0.10697159171104431, 0.10697882622480392], "mse": [0.11324454843997955, 0.1110258549451828, 0.11076156795024872, 0.10697159171104431, 0.10697882622480392], "mae": [0.244546577334404, 0.2411438524723053, 0.2407388985157013, 0.23488153517246246, 0.23432773351669312], "mape": [115.88865661621094, 106.129638671875, 121.50489807128906, 113.12309265136719, 117.80134582519531]}