{"loss": [0.11624202877283096, 0.11391563713550568, 0.11242225766181946, 0.11015570908784866, 0.10845723003149033], "mse": [0.11624202877283096, 0.11391563713550568, 0.11242225766181946, 0.11015570908784866, 0.10845723003149033], "mae": [0.24128486216068268, 0.23866111040115356, 0.23817425966262817, 0.23482383787631989, 0.2307758778333664], "mape": [136.16990661621094, 124.84487915039062, 125.64666748046875, 135.4449462890625, 137.05126953125]}