{"loss": [0.10306080430746078, 0.10076556354761124, 0.10172626376152039, 0.10260070860385895, 0.09915825724601746], "mse": [0.10306080430746078, 0.10076556354761124, 0.10172626376152039, 0.10260070860385895, 0.09915825724601746], "mae": [0.2476963847875595, 0.2438121885061264, 0.24471354484558105, 0.24615378677845, 0.2415788173675537], "mape": [103.8176040649414, 114.1989974975586, 108.56575012207031, 97.90641784667969, 107.26011657714844]}