{"loss": [0.23537291586399078, 0.23174920678138733, 0.2288336455821991, 0.22265169024467468, 0.21697406470775604], "mse": [0.23537291586399078, 0.23174920678138733, 0.2288336455821991, 0.22265169024467468, 0.21697406470775604], "mae": [0.36583685874938965, 0.36613887548446655, 0.3642894923686981, 0.3592246174812317, 0.35443395376205444], "mape": [311.13592529296875, 249.37501525878906, 299.47802734375, 225.93783569335938, 244.2480010986328]}