{"loss": [0.163094162940979, 0.16168130934238434, 0.15884260833263397, 0.15449467301368713, 0.15164807438850403], "mse": [0.163094162940979, 0.16168130934238434, 0.15884260833263397, 0.15449467301368713, 0.15164807438850403], "mae": [0.29791638255119324, 0.29642629623413086, 0.29119381308555603, 0.2896125316619873, 0.29044783115386963], "mape": [298.218505859375, 234.3317108154297, 270.4200439453125, 187.1906280517578, 200.09632873535156]}