{"loss": [0.07818853110074997, 0.07662498950958252, 0.07727488875389099, 0.07676534354686737, 0.07640612870454788], "mse": [0.07818853110074997, 0.07662498950958252, 0.07727488875389099, 0.07676534354686737, 0.07640612870454788], "mae": [0.21575462818145752, 0.214284747838974, 0.21428512036800385, 0.21455462276935577, 0.21533076465129852], "mape": [4666.0517578125, 5211.7880859375, 7225.29443359375, 7231.47119140625, 6447.5830078125]}