{"loss": [0.26702624559402466, 0.26215073466300964, 0.2555875778198242, 0.24701513350009918, 0.2464480847120285], "mse": [0.26702624559402466, 0.26215073466300964, 0.2555875778198242, 0.24701513350009918, 0.2464480847120285], "mae": [0.3978525996208191, 0.39506685733795166, 0.3912544846534729, 0.38187921047210693, 0.3820575475692749], "mape": [374.0760498046875, 334.93499755859375, 350.81817626953125, 298.4601135253906, 330.75555419921875]}