{"loss": [0.12917767465114594, 0.12896226346492767, 0.12682591378688812, 0.1286047250032425, 0.1278534084558487], "mse": [0.12917767465114594, 0.12896226346492767, 0.12682591378688812, 0.1286047250032425, 0.1278534084558487], "mae": [0.21076332032680511, 0.21143002808094025, 0.20957417786121368, 0.20806342363357544, 0.20967313647270203], "mape": [47.402069091796875, 47.5766487121582, 45.42961502075195, 46.94886016845703, 46.66556167602539]}