{"loss": [0.10995270311832428, 0.10665475577116013, 0.10682494938373566, 0.10692476481199265, 0.10360505431890488], "mse": [0.10995270311832428, 0.10665475577116013, 0.10682494938373566, 0.10692476481199265, 0.10360505431890488], "mae": [0.25279974937438965, 0.24716682732105255, 0.24884338676929474, 0.2465270608663559, 0.24383951723575592], "mape": [106.6581039428711, 111.46796417236328, 108.11238861083984, 97.48368835449219, 108.4642105102539]}