{"loss": [0.1882353574037552, 0.14037537574768066, 0.1308985948562622, 0.12614257633686066, 0.11904938519001007], "mse": [0.1882353574037552, 0.14037537574768066, 0.1308985948562622, 0.12614257633686066, 0.11904938519001007], "mae": [0.32885468006134033, 0.28610414266586304, 0.2748784124851227, 0.2694307565689087, 0.26371198892593384], "mape": [148.81045532226562, 145.129638671875, 133.7239532470703, 115.45571899414062, 128.43109130859375]}