{"loss": [0.17559145390987396, 0.1714581847190857, 0.16883382201194763, 0.16592639684677124, 0.15917380154132843], "mse": [0.17559145390987396, 0.1714581847190857, 0.16883382201194763, 0.16592639684677124, 0.15917380154132843], "mae": [0.3083178699016571, 0.30048447847366333, 0.30269649624824524, 0.29826655983924866, 0.2933891713619232], "mape": [201.96929931640625, 198.62435913085938, 197.9942169189453, 193.98793029785156, 191.1621856689453]}