{"loss": [0.17121519148349762, 0.16724836826324463, 0.16499128937721252, 0.15856851637363434, 0.15846599638462067], "mse": [0.17121519148349762, 0.16724836826324463, 0.16499128937721252, 0.15856851637363434, 0.15846599638462067], "mae": [0.3080192506313324, 0.30151259899139404, 0.29725316166877747, 0.29254114627838135, 0.2923557460308075], "mape": [173.76959228515625, 162.88128662109375, 160.63772583007812, 162.14134216308594, 174.68626403808594]}