{"loss": [0.2703099548816681, 0.25777536630630493, 0.2549002170562744, 0.24762003123760223, 0.24041245877742767], "mse": [0.2703099548816681, 0.25777536630630493, 0.2549002170562744, 0.24762003123760223, 0.24041245877742767], "mae": [0.3746013939380646, 0.3655664622783661, 0.3635903000831604, 0.35793331265449524, 0.35517486929893494], "mape": [254.5294952392578, 256.847900390625, 245.5034942626953, 236.7104949951172, 242.1387939453125]}