{"loss": [0.10995269566774368, 0.10665475577116013, 0.10682494193315506, 0.10692476481199265, 0.10360505431890488], "mse": [0.10995269566774368, 0.10665475577116013, 0.10682494193315506, 0.10692476481199265, 0.10360505431890488], "mae": [0.25279974937438965, 0.24716682732105255, 0.24884337186813354, 0.2465270608663559, 0.2438395768404007], "mape": [106.6581039428711, 111.46800231933594, 108.11237335205078, 97.48367309570312, 108.46418762207031]}