{"loss": [0.051427848637104034, 0.043923333287239075, 0.04105907306075096, 0.04186086356639862, 0.037397101521492004], "mse": [0.051427848637104034, 0.043923333287239075, 0.04105907306075096, 0.04186086356639862, 0.037397101521492004], "mae": [0.11258091032505035, 0.10138107091188431, 0.09871051460504532, 0.09829513728618622, 0.09806697070598602], "mape": [37.058982849121094, 36.62095642089844, 32.69444274902344, 35.05189895629883, 34.60025405883789]}