{"loss": [0.1214398741722107, 0.12135754525661469, 0.11922202259302139, 0.12078595906496048, 0.1203039288520813], "mse": [0.1214398741722107, 0.12135754525661469, 0.11922202259302139, 0.12078595906496048, 0.1203039288520813], "mae": [0.20479771494865417, 0.20517060160636902, 0.20399881899356842, 0.20168660581111908, 0.20448879897594452], "mape": [45.59790802001953, 45.808921813964844, 43.85348129272461, 45.197669982910156, 45.43552780151367]}