{"loss": [0.07423700392246246, 0.07312764972448349, 0.07363677024841309, 0.07297742366790771, 0.07289525866508484], "mse": [0.07423700392246246, 0.07312764972448349, 0.07363677024841309, 0.07297742366790771, 0.07289525866508484], "mae": [0.2103760540485382, 0.2100270539522171, 0.20905596017837524, 0.20910081267356873, 0.21033573150634766], "mape": [3236.36474609375, 3396.945068359375, 5548.32470703125, 5863.1806640625, 4576.751953125]}