{"loss": [0.030601752921938896, 0.021704865619540215, 0.02644217759370804, 0.038407012820243835, 0.023777438327670097], "mse": [0.030601752921938896, 0.021704865619540215, 0.02644217759370804, 0.038407012820243835, 0.023777438327670097], "mae": [0.050711072981357574, 0.04358164593577385, 0.0465206652879715, 0.05507918819785118, 0.04811688885092735], "mape": [168.78636169433594, 132.15391540527344, 160.49453735351562, 147.1974639892578, 158.94058227539062]}