{"loss": [0.19499626755714417, 0.19256791472434998, 0.18919868767261505, 0.18465518951416016, 0.18178726732730865], "mse": [0.19499626755714417, 0.19256791472434998, 0.18919868767261505, 0.18465518951416016, 0.18178726732730865], "mae": [0.33090969920158386, 0.32839807868003845, 0.326048344373703, 0.3191141188144684, 0.318293035030365], "mape": [337.7773132324219, 272.6708984375, 290.7324523925781, 250.76185607910156, 275.3461608886719]}