{"loss": [0.05142785981297493, 0.043923329561948776, 0.04105905815958977, 0.04186085984110832, 0.0373971052467823], "mse": [0.05142785981297493, 0.043923329561948776, 0.04105905815958977, 0.04186085984110832, 0.0373971052467823], "mae": [0.11258093267679214, 0.1013810932636261, 0.09871051460504532, 0.09829512983560562, 0.09806700050830841], "mape": [37.058990478515625, 36.62096405029297, 32.694454193115234, 35.051910400390625, 34.60026550292969]}