{"loss": [0.05598149076104164, 0.04793665558099747, 0.044994156807661057, 0.04677931219339371, 0.04078592732548714], "mse": [0.05598149076104164, 0.04793665558099747, 0.044994156807661057, 0.04677931219339371, 0.04078592732548714], "mae": [0.11634907126426697, 0.10542362928390503, 0.10290239006280899, 0.10288511961698532, 0.10220615565776825], "mape": [37.76869201660156, 37.755313873291016, 33.85905838012695, 36.090946197509766, 35.94337844848633]}