{"loss": [0.07676535099744797, 0.07529259473085403, 0.07533734291791916, 0.07562041282653809, 0.07467707246541977], "mse": [0.07676535099744797, 0.07529259473085403, 0.07533734291791916, 0.07562041282653809, 0.07467707246541977], "mae": [0.21319860219955444, 0.21293295919895172, 0.21050363779067993, 0.2117849588394165, 0.21342182159423828], "mape": [470.662109375, 2067.075927734375, 5133.44091796875, 4314.33642578125, 4107.9462890625]}