{"loss": [0.10073857754468918, 0.09755001217126846, 0.09662285447120667, 0.09616442769765854, 0.09522810578346252], "mse": [0.10073857754468918, 0.09755001217126846, 0.09662285447120667, 0.09616442769765854, 0.09522810578346252], "mae": [0.24187731742858887, 0.23917542397975922, 0.23573735356330872, 0.2361597716808319, 0.23744669556617737], "mape": [2209.402099609375, 2261.890380859375, 2948.678955078125, 2766.453125, 1317.31005859375]}