{"loss": [0.5243947505950928, 0.39652809500694275, 0.3581314980983734, 0.3343116343021393, 0.3145034909248352], "mse": [0.5243947505950928, 0.39652809500694275, 0.3581314980983734, 0.3343116343021393, 0.3145034909248352], "mae": [0.5541979670524597, 0.4874468743801117, 0.4654894769191742, 0.447953462600708, 0.43155986070632935], "mape": [579.4918212890625, 409.6336364746094, 404.13714599609375, 324.53680419921875, 341.9580383300781]}