{"loss": [0.13118596374988556, 0.11348182708024979, 0.10765757411718369, 0.10467769205570221, 0.10239021480083466], "mse": [0.13118596374988556, 0.11348182708024979, 0.10765757411718369, 0.10467769205570221, 0.10239021480083466], "mae": [0.27233174443244934, 0.25656574964523315, 0.24806833267211914, 0.24535676836967468, 0.24491842091083527], "mape": [3407.5537109375, 4051.802490234375, 4553.86669921875, 4529.513671875, 2456.5986328125]}