{"loss": [0.26698097586631775, 0.2659863531589508, 0.2672860026359558, 0.2619170844554901, 0.26129066944122314], "mse": [0.26698097586631775, 0.2659863531589508, 0.2672860026359558, 0.2619170844554901, 0.26129066944122314], "mae": [0.30475613474845886, 0.30363306403160095, 0.30254557728767395, 0.30256855487823486, 0.3024539053440094], "mape": [249.73980712890625, 285.0099182128906, 241.25054931640625, 247.70343017578125, 250.12014770507812]}