{"loss": [0.0862581878900528, 0.08553628623485565, 0.08494582772254944, 0.08578045666217804, 0.08282826095819473], "mse": [0.0862581878900528, 0.08553628623485565, 0.08494582772254944, 0.08578045666217804, 0.08282826095819473], "mae": [0.22367191314697266, 0.21981015801429749, 0.21981677412986755, 0.22019731998443604, 0.21777339279651642], "mape": [66.58534240722656, 65.73255157470703, 67.36804962158203, 69.25298309326172, 65.43450164794922]}