{"loss": [0.08719652891159058, 0.08737612515687943, 0.08599914610385895, 0.08752699941396713, 0.08517064154148102], "mse": [0.08719652891159058, 0.08737612515687943, 0.08599914610385895, 0.08752699941396713, 0.08517064154148102], "mae": [0.22478920221328735, 0.22235722839832306, 0.22142069041728973, 0.22429747879505157, 0.22225289046764374], "mape": [67.53790283203125, 67.66905975341797, 69.31355285644531, 70.90252685546875, 70.75157165527344]}