{"loss": [0.170755535364151, 0.16522960364818573, 0.16321583092212677, 0.15647196769714355, 0.1548905074596405], "mse": [0.170755535364151, 0.16522960364818573, 0.16321583092212677, 0.15647196769714355, 0.1548905074596405], "mae": [0.30963364243507385, 0.3041847348213196, 0.3015255630016327, 0.2924162745475769, 0.29064056277275085], "mape": [143.63511657714844, 131.3936767578125, 144.26287841796875, 131.71267700195312, 133.31295776367188]}