{"loss": [0.26995664834976196, 0.26872098445892334, 0.27035242319107056, 0.2650488615036011, 0.26390689611434937], "mse": [0.26995664834976196, 0.26872098445892334, 0.27035242319107056, 0.2650488615036011, 0.26390689611434937], "mae": [0.3044125735759735, 0.3046533763408661, 0.3027177155017853, 0.3025985658168793, 0.303159236907959], "mape": [253.04705810546875, 348.6753234863281, 296.1091613769531, 357.96246337890625, 363.2019958496094]}