{"loss": [0.2353728860616684, 0.23174922168254852, 0.22883369028568268, 0.2226516604423523, 0.21697406470775604], "mse": [0.2353728860616684, 0.23174922168254852, 0.22883369028568268, 0.2226516604423523, 0.21697406470775604], "mae": [0.36583688855171204, 0.36613893508911133, 0.3642895221710205, 0.35922470688819885, 0.35443395376205444], "mape": [311.1358947753906, 249.3750457763672, 299.4779968261719, 225.937744140625, 244.248046875]}