{"loss": [0.11772643029689789, 0.11355922371149063, 0.11362479627132416, 0.11268170177936554, 0.1083495020866394], "mse": [0.11772643029689789, 0.11355922371149063, 0.11362479627132416, 0.11268170177936554, 0.1083495020866394], "mae": [0.26276788115501404, 0.2580815553665161, 0.25765371322631836, 0.25738614797592163, 0.2518206536769867], "mape": [118.25094604492188, 126.30406188964844, 119.12458801269531, 105.64891815185547, 116.8024673461914]}