{"loss": [0.1097058355808258, 0.10913068801164627, 0.10735536366701126, 0.10913361608982086, 0.10831516981124878], "mse": [0.1097058355808258, 0.10913068801164627, 0.10735536366701126, 0.10913361608982086, 0.10831516981124878], "mae": [0.19468918442726135, 0.19322678446769714, 0.19433234632015228, 0.19117702543735504, 0.19392894208431244], "mape": [43.75035095214844, 43.29945755004883, 42.094459533691406, 42.86996841430664, 43.379154205322266]}