{"loss": [0.0782531127333641, 0.0787147656083107, 0.07742602378129959, 0.07909094542264938, 0.07672810554504395], "mse": [0.0782531127333641, 0.0787147656083107, 0.07742602378129959, 0.07909094542264938, 0.07672810554504395], "mae": [0.21222230792045593, 0.20958390831947327, 0.21033349633216858, 0.21278904378414154, 0.20943932235240936], "mape": [63.392112731933594, 63.933799743652344, 64.70489501953125, 66.50432586669922, 65.77021026611328]}