{"loss": [0.046981483697891235, 0.04007362946867943, 0.037038203328847885, 0.037625040858983994, 0.0339367613196373], "mse": [0.046981483697891235, 0.04007362946867943, 0.037038203328847885, 0.037625040858983994, 0.0339367613196373], "mae": [0.10827627032995224, 0.09742613881826401, 0.0944850966334343, 0.09414079785346985, 0.09385386854410172], "mape": [36.06162643432617, 35.04426193237305, 31.702085494995117, 33.85942840576172, 33.06850051879883]}