{"loss": [0.11851336807012558, 0.11826929450035095, 0.115806445479393, 0.11729027330875397, 0.11670226603746414], "mse": [0.11851336807012558, 0.11826929450035095, 0.115806445479393, 0.11729027330875397, 0.11670226603746414], "mae": [0.20164790749549866, 0.20083306729793549, 0.20022034645080566, 0.19801519811153412, 0.200312539935112], "mape": [45.04228591918945, 45.029457092285156, 43.24112319946289, 44.46659851074219, 44.73567199707031]}