{"loss": [0.1207103431224823, 0.11888870596885681, 0.11878848820924759, 0.11551018804311752, 0.11566291749477386], "mse": [0.1207103431224823, 0.11888870596885681, 0.11878848820924759, 0.11551018804311752, 0.11566291749477386], "mae": [0.2512185573577881, 0.2442101389169693, 0.24379944801330566, 0.24178558588027954, 0.24244695901870728], "mape": [143.30294799804688, 137.3406982421875, 137.77548217773438, 138.09417724609375, 145.94651794433594]}