{"loss": [0.043209660798311234, 0.036720968782901764, 0.03349413722753525, 0.034413717687129974, 0.031158188357949257], "mse": [0.043209660798311234, 0.036720968782901764, 0.03349413722753525, 0.034413717687129974, 0.031158188357949257], "mae": [0.10339666903018951, 0.09385953843593597, 0.09015492349863052, 0.09054239094257355, 0.08979393541812897], "mape": [34.40934371948242, 33.35688400268555, 30.33778190612793, 32.485923767089844, 31.696369171142578]}