{"loss": [0.09544578939676285, 0.09343232959508896, 0.09337295591831207, 0.09452633559703827, 0.09211039543151855], "mse": [0.09544578939676285, 0.09343232959508896, 0.09337295591831207, 0.09452633559703827, 0.09211039543151855], "mae": [0.24016733467578888, 0.23354767262935638, 0.23540695011615753, 0.23541010916233063, 0.23220306634902954], "mape": [100.40577697753906, 100.5727310180664, 98.90061950683594, 90.59779357910156, 97.82583618164062]}