{"loss": [0.09576983004808426, 0.09453432261943817, 0.09488548338413239, 0.09656283259391785, 0.0933542549610138], "mse": [0.09576983004808426, 0.09453432261943817, 0.09488548338413239, 0.09656283259391785, 0.0933542549610138], "mae": [0.2400858849287033, 0.23632319271564484, 0.23704282939434052, 0.23829558491706848, 0.2348022609949112], "mape": [98.41471099853516, 109.36907196044922, 103.57713317871094, 93.95984649658203, 102.93721008300781]}