{"loss": [0.2555190324783325, 0.25542470812797546, 0.25599414110183716, 0.25101321935653687, 0.25055423378944397], "mse": [0.2555190324783325, 0.25542470812797546, 0.25599414110183716, 0.25101321935653687, 0.25055423378944397], "mae": [0.29982468485832214, 0.2998941242694855, 0.2983472943305969, 0.29780176281929016, 0.2970394194126129], "mape": [247.55853271484375, 281.1801452636719, 244.52694702148438, 254.41891479492188, 252.478759765625]}