{"loss": [0.1712152063846588, 0.16724836826324463, 0.16499125957489014, 0.15856848657131195, 0.15846599638462067], "mse": [0.1712152063846588, 0.16724836826324463, 0.16499125957489014, 0.15856848657131195, 0.15846599638462067], "mae": [0.3080191910266876, 0.30151259899139404, 0.29725316166877747, 0.2925410866737366, 0.29235580563545227], "mape": [173.76963806152344, 162.88128662109375, 160.63778686523438, 162.14134216308594, 174.686279296875]}