{"loss": [0.17996591329574585, 0.17875365912914276, 0.1753873974084854, 0.17160280048847198, 0.16789352893829346], "mse": [0.17996591329574585, 0.17875365912914276, 0.1753873974084854, 0.17160280048847198, 0.16789352893829346], "mae": [0.3145381510257721, 0.3129881024360657, 0.31031936407089233, 0.3055301606655121, 0.3021199107170105], "mape": [332.9672546386719, 261.9853820800781, 279.0233154296875, 246.59075927734375, 267.75146484375]}