{"loss": [0.11122623085975647, 0.11010391265153885, 0.10898040980100632, 0.11075612902641296, 0.11027564853429794], "mse": [0.11122623085975647, 0.11010391265153885, 0.10898040980100632, 0.11075612902641296, 0.11027564853429794], "mae": [0.19722847640514374, 0.19613325595855713, 0.19763177633285522, 0.19473107159137726, 0.19740892946720123], "mape": [43.54605484008789, 43.011539459228516, 42.76108169555664, 42.98701858520508, 43.111106872558594]}