{"loss": [0.12168066203594208, 0.12162169814109802, 0.11923720687627792, 0.1208481416106224, 0.12013265490531921], "mse": [0.12168066203594208, 0.12162169814109802, 0.11923720687627792, 0.1208481416106224, 0.12013265490531921], "mae": [0.20417799055576324, 0.2041795253753662, 0.2029891163110733, 0.20102383196353912, 0.2028331756591797], "mape": [45.59135818481445, 45.78372573852539, 43.781898498535156, 45.179176330566406, 45.222496032714844]}