{"loss": [0.06130894646048546, 0.052907876670360565, 0.049544770270586014, 0.05199109762907028, 0.045020945370197296], "mse": [0.06130894646048546, 0.052907876670360565, 0.049544770270586014, 0.05199109762907028, 0.045020945370197296], "mae": [0.12033271789550781, 0.11048190295696259, 0.10805027186870575, 0.10794292390346527, 0.10648055374622345], "mape": [38.3256950378418, 38.975345611572266, 35.850547790527344, 37.207489013671875, 37.39702224731445]}