{"loss": [0.276803582906723, 0.27607738971710205, 0.27647584676742554, 0.2708359956741333, 0.26948949694633484], "mse": [0.276803582906723, 0.27607738971710205, 0.27647584676742554, 0.2708359956741333, 0.26948949694633484], "mae": [0.30967697501182556, 0.3095982074737549, 0.30769863724708557, 0.3073258697986603, 0.30680418014526367], "mape": [258.6454772949219, 291.5323486328125, 249.03260803222656, 256.50115966796875, 251.33802795410156]}