{"loss": [0.16707612574100494, 0.16658326983451843, 0.16316436231136322, 0.15980015695095062, 0.15574416518211365], "mse": [0.16707612574100494, 0.16658326983451843, 0.16316436231136322, 0.15980015695095062, 0.15574416518211365], "mae": [0.30091720819473267, 0.3002908527851105, 0.2971420884132385, 0.2927245795726776, 0.2887422740459442], "mape": [335.5018005371094, 255.8712921142578, 272.2531433105469, 247.2021942138672, 264.2307434082031]}