{"loss": [0.2443322390317917, 0.2363281100988388, 0.23543883860111237, 0.2292957752943039, 0.22527728974819183], "mse": [0.2443322390317917, 0.2363281100988388, 0.23543883860111237, 0.2292957752943039, 0.22527728974819183], "mae": [0.36257120966911316, 0.35749906301498413, 0.35947152972221375, 0.35224449634552, 0.35172155499458313], "mape": [246.27772521972656, 250.33897399902344, 239.15771484375, 235.0441131591797, 237.1874542236328]}