{"loss": [0.08670610934495926, 0.08564798533916473, 0.08530966937541962, 0.08649827539920807, 0.08433343470096588], "mse": [0.08670610934495926, 0.08564798533916473, 0.08530966937541962, 0.08649827539920807, 0.08433343470096588], "mae": [0.22980248928070068, 0.22450865805149078, 0.22562536597251892, 0.22619548439979553, 0.22291679680347443], "mape": [96.63746643066406, 97.89141082763672, 96.63497161865234, 88.53803253173828, 96.8751449584961]}