{"loss": [0.31653037667274475, 0.29978883266448975, 0.29415538907051086, 0.28451007604599, 0.27516523003578186], "mse": [0.31653037667274475, 0.29978883266448975, 0.29415538907051086, 0.28451007604599, 0.27516523003578186], "mae": [0.4037317931652069, 0.3932778239250183, 0.3894916772842407, 0.3822952210903168, 0.37851768732070923], "mape": [262.5170593261719, 260.7427978515625, 256.51336669921875, 245.52407836914062, 249.861328125]}