{"loss": [0.07871860265731812, 0.07343275845050812, 0.06669092178344727, 0.06771744042634964, 0.059265054762363434], "mse": [0.07871860265731812, 0.07343275845050812, 0.06669092178344727, 0.06771744042634964, 0.059265054762363434], "mae": [0.12887297570705414, 0.12424851208925247, 0.12140332907438278, 0.120735302567482, 0.11701034754514694], "mape": [36.371803283691406, 35.172367095947266, 35.026893615722656, 34.984275817871094, 34.139102935791016]}