{"loss": [0.09410115331411362, 0.09136226773262024, 0.09104409068822861, 0.09077287465333939, 0.08929073810577393], "mse": [0.09410115331411362, 0.09136226773262024, 0.09104409068822861, 0.09077287465333939, 0.08929073810577393], "mae": [0.23349891602993011, 0.23139482736587524, 0.22864264249801636, 0.22964367270469666, 0.22937540709972382], "mape": [5363.95068359375, 5678.7734375, 6960.708984375, 7590.05615234375, 5983.2998046875]}