{"loss": [0.09340967237949371, 0.09252936393022537, 0.09124930948019028, 0.091888427734375, 0.0901917964220047], "mse": [0.09340967237949371, 0.09252936393022537, 0.09124930948019028, 0.091888427734375, 0.0901917964220047], "mae": [0.23373539745807648, 0.23011939227581024, 0.22933940589427948, 0.22958721220493317, 0.22885943949222565], "mape": [71.75957489013672, 69.7822494506836, 72.55569458007812, 74.6219482421875, 73.5447006225586]}