{"loss": [0.17996591329574585, 0.17875371873378754, 0.17538738250732422, 0.17160280048847198, 0.16789354383945465], "mse": [0.17996591329574585, 0.17875371873378754, 0.17538738250732422, 0.17160280048847198, 0.16789354383945465], "mae": [0.3145381510257721, 0.31298813223838806, 0.31031936407089233, 0.3055301904678345, 0.3021198511123657], "mape": [332.96722412109375, 261.98541259765625, 279.02337646484375, 246.59063720703125, 267.7513427734375]}