{"loss": [0.1589599847793579, 0.15448065102100372, 0.15212613344192505, 0.15035441517829895, 0.14431676268577576], "mse": [0.1589599847793579, 0.15448065102100372, 0.15212613344192505, 0.15035441517829895, 0.14431676268577576], "mae": [0.296947181224823, 0.2882603108882904, 0.29047033190727234, 0.28655967116355896, 0.28226742148399353], "mape": [197.3921661376953, 193.61277770996094, 193.45962524414062, 189.8378448486328, 189.67245483398438]}