{"loss": [0.5750274658203125, 0.40930092334747314, 0.3818666934967041, 0.36149969696998596, 0.3474998474121094], "mse": [0.5750274658203125, 0.40930092334747314, 0.3818666934967041, 0.36149969696998596, 0.3474998474121094], "mae": [0.5531600713729858, 0.4602201282978058, 0.44676917791366577, 0.4331846237182617, 0.43047523498535156], "mape": [295.7581787109375, 238.9561767578125, 241.74794006347656, 234.22177124023438, 241.9978790283203]}