{"loss": [0.03818046674132347, 0.034946490079164505, 0.03084358386695385, 0.037376370280981064, 0.02986355870962143], "mse": [0.03818046674132347, 0.034946490079164505, 0.03084358386695385, 0.037376370280981064, 0.02986355870962143], "mae": [0.0955723226070404, 0.0913214385509491, 0.08630151301622391, 0.09326113760471344, 0.08738048374652863], "mape": [30.648530960083008, 30.2130184173584, 28.773494720458984, 29.330549240112305, 30.425050735473633]}