{"loss": [0.10135204344987869, 0.10023532807826996, 0.09885869920253754, 0.09742733091115952, 0.09682663530111313], "mse": [0.10135204344987869, 0.10023532807826996, 0.09885869920253754, 0.09742733091115952, 0.09682663530111313], "mae": [0.22047638893127441, 0.22005127370357513, 0.21865448355674744, 0.21711210906505585, 0.2150508463382721], "mape": [130.32757568359375, 117.58818054199219, 120.08634948730469, 128.78518676757812, 134.31077575683594]}