{"loss": [0.17446213960647583, 0.16665363311767578, 0.1647515445947647, 0.15889506042003632, 0.15585513412952423], "mse": [0.17446213960647583, 0.16665363311767578, 0.1647515445947647, 0.15889506042003632, 0.15585513412952423], "mae": [0.3064621090888977, 0.2986007034778595, 0.2956699728965759, 0.2893871068954468, 0.28923478722572327], "mape": [200.53407287597656, 201.91168212890625, 193.12501525878906, 208.73252868652344, 205.23594665527344]}