{"loss": [0.17559146881103516, 0.17145824432373047, 0.16883376240730286, 0.16592644155025482, 0.15917377173900604], "mse": [0.17559146881103516, 0.17145824432373047, 0.16883376240730286, 0.16592644155025482, 0.15917377173900604], "mae": [0.3083178699016571, 0.3004845380783081, 0.3026965260505676, 0.29826655983924866, 0.2933892011642456], "mape": [201.96929931640625, 198.62440490722656, 197.99420166015625, 193.98789978027344, 191.16213989257812]}