{"loss": [0.3345820903778076, 0.32012417912483215, 0.3161473274230957, 0.30759483575820923, 0.3002949655056], "mse": [0.3345820903778076, 0.32012417912483215, 0.3161473274230957, 0.30759483575820923, 0.3002949655056], "mae": [0.42105284333229065, 0.4090135395526886, 0.4072129726409912, 0.3986963629722595, 0.3986230194568634], "mape": [247.0138702392578, 238.76358032226562, 245.1416473388672, 237.19898986816406, 240.90895080566406]}