{"loss": [0.06130894646048546, 0.052907880395650864, 0.04954478144645691, 0.05199110135436058, 0.0450209304690361], "mse": [0.06130894646048546, 0.052907880395650864, 0.04954478144645691, 0.05199110135436058, 0.0450209304690361], "mae": [0.12033270299434662, 0.11048191785812378, 0.10805030912160873, 0.10794293880462646, 0.10648054629564285], "mape": [38.32570266723633, 38.97535705566406, 35.85054016113281, 37.207489013671875, 37.39701843261719]}