{"loss": [0.07964659482240677, 0.0775541439652443, 0.07790176570415497, 0.07787691801786423, 0.07700061053037643], "mse": [0.07964659482240677, 0.0775541439652443, 0.07790176570415497, 0.07787691801786423, 0.07700061053037643], "mae": [0.2177955061197281, 0.21651536226272583, 0.2141008973121643, 0.21647323668003082, 0.21661792695522308], "mape": [1452.50927734375, 2161.9267578125, 3196.235595703125, 2363.275390625, 2339.430419921875]}