{"loss": [0.17446213960647583, 0.16665363311767578, 0.16475152969360352, 0.1588950753211975, 0.15585513412952423], "mse": [0.17446213960647583, 0.16665363311767578, 0.16475152969360352, 0.1588950753211975, 0.15585513412952423], "mae": [0.3064620792865753, 0.29860061407089233, 0.2956700325012207, 0.289387047290802, 0.28923481702804565], "mape": [200.5341339111328, 201.9117431640625, 193.1250762939453, 208.7325439453125, 205.2360076904297]}