{"loss": [0.2234748899936676, 0.2162187248468399, 0.21013309061527252, 0.20087146759033203, 0.19739098846912384], "mse": [0.2234748899936676, 0.2162187248468399, 0.21013309061527252, 0.20087146759033203, 0.19739098846912384], "mae": [0.358662486076355, 0.350451797246933, 0.34303396940231323, 0.33679714798927307, 0.33063656091690063], "mape": [193.80760192871094, 179.58607482910156, 184.92222595214844, 175.58314514160156, 182.65931701660156]}