{"loss": [0.08332659304141998, 0.08368852734565735, 0.08235836774110794, 0.08396543562412262, 0.08149436116218567], "mse": [0.08332659304141998, 0.08368852734565735, 0.08235836774110794, 0.08396543562412262, 0.08149436116218567], "mae": [0.21940898895263672, 0.21722768247127533, 0.21680855751037598, 0.2195601612329483, 0.217026025056839], "mape": [66.2876968383789, 66.49921417236328, 67.70387268066406, 69.40437316894531, 69.21792602539062]}