{"loss": [0.3165303170681, 0.29978883266448975, 0.29415544867515564, 0.2845101058483124, 0.27516528964042664], "mse": [0.3165303170681, 0.29978883266448975, 0.29415544867515564, 0.2845101058483124, 0.27516528964042664], "mae": [0.4037317633628845, 0.3932778537273407, 0.38949161767959595, 0.382295161485672, 0.3785177171230316], "mape": [262.51708984375, 260.7427673339844, 256.51336669921875, 245.52407836914062, 249.86131286621094]}