{"loss": [0.09514763951301575, 0.09386493265628815, 0.09374131262302399, 0.09374721348285675, 0.09165245294570923], "mse": [0.09514763951301575, 0.09386493265628815, 0.09374131262302399, 0.09374721348285675, 0.09165245294570923], "mae": [0.235251322388649, 0.23224931955337524, 0.23175112903118134, 0.231227308511734, 0.2304753214120865], "mape": [73.15406799316406, 70.61758422851562, 74.55513763427734, 74.87838745117188, 72.56126403808594]}