{"loss": [0.09223370254039764, 0.09075667709112167, 0.08941422402858734, 0.09183916449546814, 0.08927404880523682], "mse": [0.09223370254039764, 0.09075667709112167, 0.08941422402858734, 0.09183916449546814, 0.08927404880523682], "mae": [0.23545455932617188, 0.2301209568977356, 0.22840234637260437, 0.2305637151002884, 0.22890885174274445], "mape": [103.68343353271484, 106.32965087890625, 102.05326843261719, 93.99838256835938, 102.9347915649414]}