{"loss": [0.15939199924468994, 0.15109816193580627, 0.15061818063259125, 0.14510485529899597, 0.14263516664505005], "mse": [0.15939199924468994, 0.15109816193580627, 0.15061818063259125, 0.14510485529899597, 0.14263516664505005], "mae": [0.2957117259502411, 0.2848750054836273, 0.2832699716091156, 0.2766953408718109, 0.2767002582550049], "mape": [204.22537231445312, 204.6772003173828, 196.29373168945312, 212.34654235839844, 206.68785095214844]}