{"loss": [0.31653037667274475, 0.29978883266448975, 0.2941553294658661, 0.2845101058483124, 0.27516528964042664], "mse": [0.31653037667274475, 0.29978883266448975, 0.2941553294658661, 0.2845101058483124, 0.27516528964042664], "mae": [0.4037317931652069, 0.3932778537273407, 0.3894917070865631, 0.3822951912879944, 0.3785177171230316], "mape": [262.5170593261719, 260.7428283691406, 256.5133056640625, 245.52407836914062, 249.861328125]}