{"loss": [0.21974387764930725, 0.2131773829460144, 0.21304942667484283, 0.20796819031238556, 0.20411734282970428], "mse": [0.21974387764930725, 0.2131773829460144, 0.21304942667484283, 0.20796819031238556, 0.20411734282970428], "mae": [0.34490618109703064, 0.339558869600296, 0.34235018491744995, 0.3365456461906433, 0.33533066511154175], "mape": [236.54722595214844, 240.2261199951172, 227.87643432617188, 226.37574768066406, 228.882568359375]}