{"loss": [0.19499625265598297, 0.1925678849220276, 0.18919873237609863, 0.18465518951416016, 0.18178726732730865], "mse": [0.19499625265598297, 0.1925678849220276, 0.18919873237609863, 0.18465518951416016, 0.18178726732730865], "mae": [0.33090975880622864, 0.32839810848236084, 0.3260482847690582, 0.3191141188144684, 0.3182929754257202], "mape": [337.7773742675781, 272.6710205078125, 290.7325439453125, 250.7617950439453, 275.34613037109375]}