{"loss": [0.1949962079524994, 0.1925678700208664, 0.18919874727725983, 0.18465518951416016, 0.18178732693195343], "mse": [0.1949962079524994, 0.1925678700208664, 0.18919874727725983, 0.18465518951416016, 0.18178732693195343], "mae": [0.33090972900390625, 0.32839807868003845, 0.3260484039783478, 0.3191140592098236, 0.31829309463500977], "mape": [337.7773132324219, 272.67108154296875, 290.7325439453125, 250.76185607910156, 275.34619140625]}