{"loss": [0.2342652678489685, 0.2335505485534668, 0.23523475229740143, 0.2306968867778778, 0.23073801398277283], "mse": [0.2342652678489685, 0.2335505485534668, 0.23523475229740143, 0.2306968867778778, 0.23073801398277283], "mae": [0.2891817092895508, 0.2873823046684265, 0.28648316860198975, 0.2860788404941559, 0.28677359223365784], "mape": [257.75286865234375, 353.4095764160156, 314.5821838378906, 357.73162841796875, 371.9852600097656]}