{"loss": [0.11514632403850555, 0.11471836268901825, 0.11249064654111862, 0.11404179036617279, 0.11347327381372452], "mse": [0.11514632403850555, 0.11471836268901825, 0.11249064654111862, 0.11404179036617279, 0.11347327381372452], "mae": [0.198862686753273, 0.19770656526088715, 0.19777897000312805, 0.19550900161266327, 0.19796933233737946], "mape": [44.5662841796875, 44.34078598022461, 42.765445709228516, 43.880950927734375, 44.256893157958984]}