{"loss": [0.11602066457271576, 0.11520973592996597, 0.11354583501815796, 0.11506140977144241, 0.11486797034740448], "mse": [0.11602066457271576, 0.11520973592996597, 0.11354583501815796, 0.11506140977144241, 0.11486797034740448], "mae": [0.20059025287628174, 0.2002204805612564, 0.2002839297056198, 0.19778972864151, 0.20084649324417114], "mape": [44.65970993041992, 44.34429168701172, 43.38903045654297, 43.85480880737305, 44.22319793701172]}