{"loss": [0.25551900267601013, 0.25542470812797546, 0.25599414110183716, 0.2510131895542145, 0.25055426359176636], "mse": [0.25551900267601013, 0.25542470812797546, 0.25599414110183716, 0.2510131895542145, 0.25055426359176636], "mae": [0.29982468485832214, 0.2998941242694855, 0.29834726452827454, 0.29780179262161255, 0.2970394492149353], "mape": [247.55856323242188, 281.18017578125, 244.5269317626953, 254.41893005371094, 252.47877502441406]}