{"loss": [0.11290524154901505, 0.11232832819223404, 0.11057708412408829, 0.11219917982816696, 0.11175419390201569], "mse": [0.11290524154901505, 0.11232832819223404, 0.11057708412408829, 0.11219917982816696, 0.11175419390201569], "mae": [0.1984444111585617, 0.19744448363780975, 0.19793207943439484, 0.19516728818416595, 0.19817174971103668], "mape": [44.0136604309082, 43.60774230957031, 42.46559524536133, 43.261558532714844, 43.70387268066406]}