{"loss": [0.07879134267568588, 0.07703960686922073, 0.07706177234649658, 0.07740265130996704, 0.07641737163066864], "mse": [0.07879134267568588, 0.07703960686922073, 0.07706177234649658, 0.07740265130996704, 0.07641737163066864], "mae": [0.21611055731773376, 0.2153121680021286, 0.21307183802127838, 0.2144320011138916, 0.21609635651111603], "mape": [444.7703857421875, 1937.85107421875, 4968.47314453125, 4184.36376953125, 3828.180908203125]}