{"loss": [0.08286216109991074, 0.08084049820899963, 0.08142246305942535, 0.08119823038578033, 0.08042581379413605], "mse": [0.08286216109991074, 0.08084049820899963, 0.08142246305942535, 0.08119823038578033, 0.08042581379413605], "mae": [0.22187604010105133, 0.21876178681850433, 0.219099223613739, 0.22006340324878693, 0.22040383517742157], "mape": [5292.99267578125, 6036.48828125, 7933.4375, 7877.99072265625, 7201.4208984375]}