{"loss": [0.04216612130403519, 0.037762850522994995, 0.03439338505268097, 0.04026114195585251, 0.03343615308403969], "mse": [0.04216612130403519, 0.037762850522994995, 0.03439338505268097, 0.04026114195585251, 0.03343615308403969], "mae": [0.10029850155115128, 0.09474467486143112, 0.09056462347507477, 0.09673155844211578, 0.09129046648740768], "mape": [31.66193389892578, 31.17655372619629, 29.493316650390625, 30.29897689819336, 30.551837921142578]}