{"loss": [0.12448304891586304, 0.12445966899394989, 0.12214392423629761, 0.12389734387397766, 0.12310191988945007], "mse": [0.12448304891586304, 0.12445966899394989, 0.12214392423629761, 0.12389734387397766, 0.12310191988945007], "mae": [0.20645871758460999, 0.20706596970558167, 0.20548228919506073, 0.20381051301956177, 0.20530273020267487], "mape": [46.199825286865234, 46.490684509277344, 44.31233596801758, 45.82606506347656, 45.67356872558594]}