{"loss": [0.0897810161113739, 0.08958498388528824, 0.08808072656393051, 0.0895734578371048, 0.08724292367696762], "mse": [0.0897810161113739, 0.08958498388528824, 0.08808072656393051, 0.0895734578371048, 0.08724292367696762], "mae": [0.2286144345998764, 0.22555042803287506, 0.22426027059555054, 0.2270786464214325, 0.225129634141922], "mape": [68.09817504882812, 68.74995422363281, 69.93766784667969, 71.5204086303711, 71.19971466064453]}