{"loss": [0.1201074942946434, 0.11532604694366455, 0.11395583301782608, 0.11280552297830582, 0.10906598716974258], "mse": [0.1201074942946434, 0.11532604694366455, 0.11395583301782608, 0.11280552297830582, 0.10906598716974258], "mae": [0.26295995712280273, 0.2559642791748047, 0.2567644417285919, 0.25294387340545654, 0.24958156049251556], "mape": [117.8915023803711, 115.70899963378906, 109.61333465576172, 99.25692749023438, 106.72817993164062]}