{"loss": [0.08219076693058014, 0.07996459305286407, 0.08023644238710403, 0.08030819892883301, 0.07941580563783646], "mse": [0.08219076693058014, 0.07996459305286407, 0.08023644238710403, 0.08030819892883301, 0.07941580563783646], "mae": [0.22092753648757935, 0.21930474042892456, 0.21703940629959106, 0.21947793662548065, 0.21984288096427917], "mape": [1334.3682861328125, 1941.0833740234375, 2940.834228515625, 2241.498291015625, 2032.258056640625]}