{"loss": [0.05237770825624466, 0.04778776317834854, 0.05113721638917923, 0.050704073160886765, 0.0473751537501812], "mse": [0.05237770825624466, 0.04778776317834854, 0.05113721638917923, 0.050704073160886765, 0.0473751537501812], "mae": [0.061132535338401794, 0.05622991546988487, 0.05757887288928032, 0.055555570870637894, 0.05822505056858063], "mape": [48.17300796508789, 48.261924743652344, 43.95811080932617, 47.99903106689453, 51.857269287109375]}