{"loss": [0.4113233983516693, 0.1706492155790329, 0.14831899106502533, 0.14298003911972046, 0.13767284154891968], "mse": [0.4113233983516693, 0.1706492155790329, 0.14831899106502533, 0.14298003911972046, 0.13767284154891968], "mae": [0.4550008475780487, 0.2343752235174179, 0.22037918865680695, 0.21693430840969086, 0.2153598964214325], "mape": [70.52813720703125, 50.777462005615234, 47.6077880859375, 49.09581756591797, 48.23081970214844]}