{"loss": [0.0897810161113739, 0.08958500623703003, 0.08808071911334991, 0.0895734429359436, 0.08724293112754822], "mse": [0.0897810161113739, 0.08958500623703003, 0.08808071911334991, 0.0895734429359436, 0.08724293112754822], "mae": [0.2286144495010376, 0.22555039823055267, 0.22426027059555054, 0.22707869112491608, 0.22512967884540558], "mape": [68.0981674194336, 68.7499771118164, 69.93767547607422, 71.52043151855469, 71.19970703125]}