{"loss": [0.22773009538650513, 0.22240431606769562, 0.22205089032649994, 0.21663880348205566, 0.21121878921985626], "mse": [0.22773009538650513, 0.22240431606769562, 0.22205089032649994, 0.21663880348205566, 0.21121878921985626], "mae": [0.3442342281341553, 0.3393183648586273, 0.3394146263599396, 0.3344326317310333, 0.33292457461357117], "mape": [221.6505889892578, 217.90235900878906, 217.97035217285156, 211.04019165039062, 211.69064331054688]}