{"loss": [0.10295199602842331, 0.10054384917020798, 0.10047636181116104, 0.10088460147380829, 0.09822997450828552], "mse": [0.10295199602842331, 0.10054384917020798, 0.10047636181116104, 0.10088460147380829, 0.09822997450828552], "mae": [0.24712762236595154, 0.24041038751602173, 0.24311648309230804, 0.24231059849262238, 0.2384261041879654], "mape": [104.02998352050781, 103.7354736328125, 101.12909698486328, 92.54229736328125, 99.68850708007812]}