{"loss": [0.15939196944236755, 0.15109819173812866, 0.15061818063259125, 0.14510482549667358, 0.14263518154621124], "mse": [0.15939196944236755, 0.15109819173812866, 0.15061818063259125, 0.14510482549667358, 0.14263518154621124], "mae": [0.2957117259502411, 0.2848750650882721, 0.283270001411438, 0.2766953110694885, 0.2767002284526825], "mape": [204.22537231445312, 204.67723083496094, 196.293701171875, 212.34654235839844, 206.68789672851562]}