{"loss": [0.08332858979701996, 0.08124206215143204, 0.08104296028614044, 0.08150171488523483, 0.08047005534172058], "mse": [0.08332858979701996, 0.08124206215143204, 0.08104296028614044, 0.08150171488523483, 0.08047005534172058], "mae": [0.2221314013004303, 0.22041195631027222, 0.21827466785907745, 0.21972942352294922, 0.22169454395771027], "mape": [639.3392333984375, 1344.6583251953125, 4207.88671875, 3845.304443359375, 3051.34912109375]}