{"loss": [0.07860355824232101, 0.07855455577373505, 0.07745318859815598, 0.07859647274017334, 0.07733126729726791], "mse": [0.07860355824232101, 0.07855455577373505, 0.07745318859815598, 0.07859647274017334, 0.07733126729726791], "mae": [0.21404780447483063, 0.21043159067630768, 0.21193887293338776, 0.21245871484279633, 0.21152269840240479], "mape": [63.97404098510742, 62.983802795410156, 63.826900482177734, 67.52527618408203, 64.91146087646484]}