{"loss": [0.05689571052789688, 0.05072940140962601, 0.04715913161635399, 0.05220460891723633, 0.04508236050605774], "mse": [0.05689571052789688, 0.05072940140962601, 0.04715913161635399, 0.05220460891723633, 0.04508236050605774], "mae": [0.1153399869799614, 0.10801726579666138, 0.10570114850997925, 0.10965060442686081, 0.10465183109045029], "mape": [34.69527816772461, 34.121768951416016, 32.37611389160156, 32.95200729370117, 32.42448043823242]}