{"loss": [0.12262627482414246, 0.1224590614438057, 0.1203666552901268, 0.12162598967552185, 0.1213318482041359], "mse": [0.12262627482414246, 0.1224590614438057, 0.1203666552901268, 0.12162598967552185, 0.1213318482041359], "mae": [0.20563152432441711, 0.20645791292190552, 0.20474538207054138, 0.2023986130952835, 0.20499099791049957], "mape": [45.85944747924805, 46.1474609375, 44.13684844970703, 45.400962829589844, 45.53697204589844]}