{"loss": [0.08262788504362106, 0.0823281854391098, 0.08112844079732895, 0.08248236775398254, 0.08079340308904648], "mse": [0.08262788504362106, 0.0823281854391098, 0.08112844079732895, 0.08248236775398254, 0.08079340308904648], "mae": [0.21901313960552216, 0.21520887315273285, 0.21632838249206543, 0.21758677065372467, 0.21638299524784088], "mape": [66.01410675048828, 64.87393951416016, 66.19786834716797, 69.4879379272461, 67.65863037109375]}