{"loss": [0.15381619334220886, 0.14957797527313232, 0.14700357615947723, 0.14334812760353088, 0.1393965482711792], "mse": [0.15381619334220886, 0.14957797527313232, 0.14700357615947723, 0.14334812760353088, 0.1393965482711792], "mae": [0.28886663913726807, 0.2858532965183258, 0.28121933341026306, 0.27837735414505005, 0.27251002192497253], "mape": [151.94606018066406, 141.5594940185547, 135.22354125976562, 146.19754028320312, 150.49520874023438]}