{"loss": [0.07615083456039429, 0.07035621255636215, 0.07366696745157242, 0.06355129182338715, 0.06727433949708939], "mse": [0.07615083456039429, 0.07035621255636215, 0.07366696745157242, 0.06355129182338715, 0.06727433949708939], "mae": [0.07584349066019058, 0.06891844421625137, 0.07254966348409653, 0.06514718383550644, 0.06863439828157425], "mape": [53.19367218017578, 54.6162109375, 51.067405700683594, 46.14634704589844, 50.9146614074707]}