{"loss": [0.20406413078308105, 0.2009185403585434, 0.19859381020069122, 0.1952964812517166, 0.1914658546447754], "mse": [0.20406413078308105, 0.2009185403585434, 0.19859381020069122, 0.1952964812517166, 0.1914658546447754], "mae": [0.3388919234275818, 0.3361087143421173, 0.33319398760795593, 0.3336649239063263, 0.33185067772865295], "mape": [293.787109375, 239.99505615234375, 282.0433349609375, 227.40406799316406, 241.2991180419922]}