{"loss": [0.23537291586399078, 0.23174922168254852, 0.22883370518684387, 0.2226516604423523, 0.21697404980659485], "mse": [0.23537291586399078, 0.23174922168254852, 0.22883370518684387, 0.2226516604423523, 0.21697404980659485], "mae": [0.3658369779586792, 0.36613893508911133, 0.36428946256637573, 0.3592245876789093, 0.35443395376205444], "mape": [311.13592529296875, 249.3750457763672, 299.47796630859375, 225.93785095214844, 244.2481231689453]}