{"loss": [0.07871858775615692, 0.07343274354934692, 0.06669090688228607, 0.06771743297576904, 0.059265054762363434], "mse": [0.07871858775615692, 0.07343274354934692, 0.06669090688228607, 0.06771743297576904, 0.059265054762363434], "mae": [0.12887300550937653, 0.12424848973751068, 0.12140332907438278, 0.12073526531457901, 0.11701034754514694], "mape": [36.371803283691406, 35.17237091064453, 35.02689743041992, 34.98427200317383, 34.13911056518555]}