{"loss": [0.1233890950679779, 0.12041386216878891, 0.12026885896921158, 0.11581339687108994, 0.11579771339893341], "mse": [0.1233890950679779, 0.12041386216878891, 0.12026885896921158, 0.11581339687108994, 0.11579771339893341], "mae": [0.25737622380256653, 0.2535042464733124, 0.2535874843597412, 0.2461985945701599, 0.24638217687606812], "mape": [118.05565643310547, 110.16090393066406, 125.84318542480469, 117.90999603271484, 121.54446411132812]}