{"loss": [0.048305753618478775, 0.04580410197377205, 0.04427241161465645, 0.04797953739762306, 0.042475659400224686], "mse": [0.048305753618478775, 0.04580410197377205, 0.04427241161465645, 0.04797953739762306, 0.042475659400224686], "mae": [0.10618027299642563, 0.10291033983230591, 0.10128311812877655, 0.10311383754014969, 0.09814141690731049], "mape": [33.44462203979492, 33.958885192871094, 33.261756896972656, 31.396791458129883, 30.447301864624023]}