{"loss": [0.08592485636472702, 0.08371606469154358, 0.08334338665008545, 0.08379635214805603, 0.08271759003400803], "mse": [0.08592485636472702, 0.08371606469154358, 0.08334338665008545, 0.08379635214805603, 0.08271759003400803], "mae": [0.22539018094539642, 0.22324298322200775, 0.2208094596862793, 0.22239504754543304, 0.22433950006961823], "mape": [915.952392578125, 762.446533203125, 3538.393310546875, 3421.896240234375, 2433.489990234375]}