{"loss": [0.09442834556102753, 0.09169446676969528, 0.09062644094228745, 0.09070832282304764, 0.08932338654994965], "mse": [0.09442834556102753, 0.09169446676969528, 0.09062644094228745, 0.09070832282304764, 0.08932338654994965], "mae": [0.2348494529724121, 0.2317815124988556, 0.22844719886779785, 0.23010727763175964, 0.23070736229419708], "mape": [738.5400390625, 439.586181640625, 1897.8519287109375, 2251.754638671875, 788.4347534179688]}