{"loss": [0.11261299252510071, 0.1114710196852684, 0.11085790395736694, 0.10823910683393478, 0.10915958881378174], "mse": [0.11261299252510071, 0.1114710196852684, 0.11085790395736694, 0.10823910683393478, 0.10915958881378174], "mae": [0.2412746399641037, 0.23415669798851013, 0.2329515963792801, 0.23144005239009857, 0.23378977179527283], "mape": [133.62026977539062, 128.046875, 130.4168243408203, 130.35081481933594, 138.87362670898438]}