{"loss": [0.08708519488573074, 0.08712118119001389, 0.08674558252096176, 0.08873818069696426, 0.08606788516044617], "mse": [0.08708519488573074, 0.08712118119001389, 0.08674558252096176, 0.08873818069696426, 0.08606788516044617], "mae": [0.22943738102912903, 0.22675228118896484, 0.2267395406961441, 0.22861161828041077, 0.2257242649793625], "mape": [92.99127197265625, 104.85650634765625, 98.55547332763672, 89.1458511352539, 98.4525375366211]}