{"loss": [0.08907236903905869, 0.08679132908582687, 0.08702930063009262, 0.08693577349185944, 0.08578124642372131], "mse": [0.08907236903905869, 0.08679132908582687, 0.08702930063009262, 0.08693577349185944, 0.08578124642372131], "mae": [0.2285296618938446, 0.22590667009353638, 0.22451595962047577, 0.22573570907115936, 0.2257060408592224], "mape": [5142.0771484375, 5759.6884765625, 7306.0185546875, 7720.9521484375, 6529.16357421875]}