{"loss": [0.06187694892287254, 0.05868496745824814, 0.05687437206506729, 0.06073087826371193, 0.055248092859983444], "mse": [0.06187694892287254, 0.05868496745824814, 0.05687437206506729, 0.06073087826371193, 0.055248092859983444], "mae": [0.12156680226325989, 0.11560418456792831, 0.11554919928312302, 0.11647975444793701, 0.11290694773197174], "mape": [36.446842193603516, 35.69959259033203, 36.37364196777344, 34.47502517700195, 33.963294982910156]}