{"loss": [0.06891874223947525, 0.06417812407016754, 0.06847580522298813, 0.059544701129198074, 0.06262663751840591], "mse": [0.06891874223947525, 0.06417812407016754, 0.06847580522298813, 0.059544701129198074, 0.06262663751840591], "mae": [0.07158772647380829, 0.06570307910442352, 0.06816520541906357, 0.06309843808412552, 0.06502952426671982], "mape": [51.737030029296875, 53.75620651245117, 49.0900764465332, 46.64848709106445, 50.80165481567383]}