{"loss": [0.05789659544825554, 0.04056510701775551, 0.04971565678715706, 0.0509633906185627, 0.03367191180586815], "mse": [0.05789659544825554, 0.04056510701775551, 0.04971565678715706, 0.0509633906185627, 0.03367191180586815], "mae": [0.0650840774178505, 0.055796682834625244, 0.05698156729340553, 0.06441628187894821, 0.054722510278224945], "mape": [176.7064971923828, 124.90811157226562, 161.19911193847656, 147.52642822265625, 188.5577850341797]}