{"loss": [0.09442835301160812, 0.09169446676969528, 0.09062641859054565, 0.09070830047130585, 0.08932340145111084], "mse": [0.09442835301160812, 0.09169446676969528, 0.09062641859054565, 0.09070830047130585, 0.08932340145111084], "mae": [0.2348494529724121, 0.23178154230117798, 0.22844719886779785, 0.23010730743408203, 0.23070740699768066], "mape": [738.5420532226562, 439.58740234375, 1897.8504638671875, 2251.755615234375, 788.4469604492188]}