{"loss": [0.15422675013542175, 0.14916127920150757, 0.14834482967853546, 0.14495068788528442, 0.14272834360599518], "mse": [0.15422675013542175, 0.14916127920150757, 0.14834482967853546, 0.14495068788528442, 0.14272834360599518], "mae": [0.2913564443588257, 0.28628674149513245, 0.29063165187835693, 0.2850419282913208, 0.2838734984397888], "mape": [215.81675720214844, 214.35618591308594, 194.35556030273438, 199.93524169921875, 204.99314880371094]}