{"loss": [0.09228590130805969, 0.09063167870044708, 0.09048570692539215, 0.09175070375204086, 0.08938563615083694], "mse": [0.09228590130805969, 0.09063167870044708, 0.09048570692539215, 0.09175070375204086, 0.08938563615083694], "mae": [0.23649539053440094, 0.23062334954738617, 0.23213309049606323, 0.23212583363056183, 0.22917674481868744], "mape": [99.01153564453125, 99.58578491210938, 97.99103546142578, 89.60575103759766, 97.45103454589844]}