{"loss": [0.12542778253555298, 0.12542210519313812, 0.12339480221271515, 0.12492727488279343, 0.1244717538356781], "mse": [0.12542778253555298, 0.12542210519313812, 0.12339480221271515, 0.12492727488279343, 0.1244717538356781], "mae": [0.2081436961889267, 0.20911335945129395, 0.2068975865840912, 0.20528030395507812, 0.20700620114803314], "mape": [46.489715576171875, 46.828670501708984, 44.678741455078125, 46.15877151489258, 46.02559280395508]}