{"loss": [0.26722705364227295, 0.25964441895484924, 0.2594521939754486, 0.254108190536499, 0.24789701402187347], "mse": [0.26722705364227295, 0.25964441895484924, 0.2594521939754486, 0.254108190536499, 0.24789701402187347], "mae": [0.3741116523742676, 0.3661225736141205, 0.36797642707824707, 0.36046716570854187, 0.35992032289505005], "mape": [235.0740509033203, 227.43768310546875, 231.60528564453125, 224.59471130371094, 226.07798767089844]}