{"loss": [0.0897810235619545, 0.08958499133586884, 0.08808073401451111, 0.0895734578371048, 0.08724293112754822], "mse": [0.0897810235619545, 0.08958499133586884, 0.08808073401451111, 0.0895734578371048, 0.08724293112754822], "mae": [0.2286144495010376, 0.22555041313171387, 0.22426031529903412, 0.22707869112491608, 0.22512967884540558], "mape": [68.0981674194336, 68.74995422363281, 69.93767547607422, 71.52042388916016, 71.19971466064453]}