{"loss": [0.2463645488023758, 0.2452816516160965, 0.2473732829093933, 0.24273695051670074, 0.24257853627204895], "mse": [0.2463645488023758, 0.2452816516160965, 0.2473732829093933, 0.24273695051670074, 0.24257853627204895], "mae": [0.29453933238983154, 0.29312679171562195, 0.2920825183391571, 0.29224857687950134, 0.29277560114860535], "mape": [253.2657928466797, 340.9168701171875, 297.5787658691406, 353.7998046875, 358.45611572265625]}