{"loss": [0.07616914063692093, 0.07483050227165222, 0.07541418820619583, 0.074776791036129, 0.07457323372364044], "mse": [0.07616914063692093, 0.07483050227165222, 0.07541418820619583, 0.074776791036129, 0.07457323372364044], "mae": [0.21291275322437286, 0.21223099529743195, 0.21178801357746124, 0.21188674867153168, 0.2127346247434616], "mape": [4044.545166015625, 4410.2275390625, 6497.845703125, 6669.4853515625, 5653.771484375]}