{"loss": [0.082779660820961, 0.07962324470281601, 0.07534754276275635, 0.07748311012983322, 0.07110486179590225], "mse": [0.082779660820961, 0.07962324470281601, 0.07534754276275635, 0.07748311012983322, 0.07110486179590225], "mae": [0.1354268342256546, 0.12809240818023682, 0.12869685888290405, 0.12997862696647644, 0.12675897777080536], "mape": [38.571773529052734, 36.80682373046875, 35.984886169433594, 35.0833740234375, 34.771568298339844]}