{"loss": [0.43729257583618164, 0.17976415157318115, 0.152732715010643, 0.14585325121879578, 0.13960276544094086], "mse": [0.43729257583618164, 0.17976415157318115, 0.152732715010643, 0.14585325121879578, 0.13960276544094086], "mae": [0.4851226508617401, 0.24339252710342407, 0.22293806076049805, 0.2180272489786148, 0.21606242656707764], "mape": [73.62246704101562, 52.071434020996094, 47.75967025756836, 49.287086486816406, 48.11500549316406]}