{"loss": [0.10246313363313675, 0.0987953245639801, 0.09708689898252487, 0.09652072936296463, 0.09466834366321564], "mse": [0.10246313363313675, 0.0987953245639801, 0.09708689898252487, 0.09652072936296463, 0.09466834366321564], "mae": [0.24384327232837677, 0.23960670828819275, 0.23497959971427917, 0.23597854375839233, 0.23608951270580292], "mape": [738.2369995117188, 934.7049560546875, 2012.103759765625, 2665.306884765625, 649.9262084960938]}