{"loss": [0.08725959807634354, 0.08679814636707306, 0.0856250673532486, 0.08673840761184692, 0.08515210449695587], "mse": [0.08725959807634354, 0.08679814636707306, 0.0856250673532486, 0.08673840761184692, 0.08515210449695587], "mae": [0.22503581643104553, 0.2216135710477829, 0.22228889167308807, 0.22300897538661957, 0.2218593955039978], "mape": [68.75066375732422, 67.14610290527344, 69.06532287597656, 71.613037109375, 70.4128189086914]}