{"loss": [0.11336690187454224, 0.09574037790298462, 0.09557028859853745, 0.0826580822467804, 0.0873093232512474], "mse": [0.11336690187454224, 0.09574037790298462, 0.09557028859853745, 0.0826580822467804, 0.0873093232512474], "mae": [0.09120353311300278, 0.08571559190750122, 0.08335977792739868, 0.07754787057638168, 0.08005224913358688], "mape": [49.66862869262695, 56.90225601196289, 50.62496566772461, 54.70508575439453, 48.589447021484375]}