{"loss": [0.04363802447915077, 0.024078143760561943, 0.03109501674771309, 0.03681828826665878, 0.028012478724122047], "mse": [0.04363802447915077, 0.024078143760561943, 0.03109501674771309, 0.03681828826665878, 0.028012478724122047], "mae": [0.05760499835014343, 0.04720756784081459, 0.04842336103320122, 0.05449799820780754, 0.05031132698059082], "mape": [171.48556518554688, 127.06359100341797, 158.82310485839844, 149.07403564453125, 161.06861877441406]}