{"loss": [0.1315058469772339, 0.13120593130588531, 0.12887343764305115, 0.1305735856294632, 0.1297476440668106], "mse": [0.1315058469772339, 0.13120593130588531, 0.12887343764305115, 0.1305735856294632, 0.1297476440668106], "mae": [0.21271151304244995, 0.21309894323349, 0.2114749550819397, 0.2096228450536728, 0.2113008201122284], "mape": [47.761634826660156, 47.98101043701172, 45.859981536865234, 47.19890594482422, 46.92531204223633]}