{"losses": [0.429806113243103, 0.33912479877471924, 0.30586668848991394, 0.2827284634113312, 0.2653277516365051, 0.2512536942958832, 0.23930391669273376, 0.22861923277378082, 0.21884945034980774, 0.21000707149505615, 0.2018662989139557, 0.19442202150821686, 0.18749476969242096, 0.18105129897594452, 0.17515955865383148, 0.16970279812812805, 0.16463111340999603, 0.15992704033851624, 0.15557098388671875, 0.15154774487018585, 0.14776739478111267, 0.14424394071102142, 0.14104071259498596, 0.13799941539764404, 0.13525883853435516, 0.1326967179775238, 0.1302616149187088, 0.1280408799648285, 0.1259482204914093, 0.12399085611104965, 0.12216267734766006, 0.1203916147351265, 0.11881299316883087, 0.11729637533426285, 0.11580301076173782, 0.11446955800056458, 0.1131955087184906, 0.11193180084228516, 0.11067703366279602, 0.10954122990369797, 0.10845434665679932, 0.10739409178495407, 0.106343574821949, 0.10534443706274033, 0.1043744832277298, 0.1034618392586708, 0.1025814637541771, 0.10170207172632217, 0.10082712024450302, 0.10003025829792023, 0.09918195009231567, 0.09842750430107117, 0.09764384478330612, 0.0969044491648674, 0.09617764502763748, 0.09548770636320114, 0.09475874900817871, 0.09408431500196457, 0.09342718124389648, 0.09276637434959412], "rmses": [0.6555959984953409, 0.5823442270467865, 0.5530521571153248, 0.5317221675004072, 0.5150997492102914, 0.5012521264751734, 0.4891869956292111, 0.4781414359515193, 0.46781347816176455, 0.45826528506429126, 0.4492953359583824, 0.44093312589123634, 0.43300666241112384, 0.4255012326373973, 0.41852067888436706, 0.41194999469368615, 0.40574759815678024, 0.39990879002407065, 0.3944248773679454, 0.3892913367520344, 0.3844052481185873, 0.3797946033200333, 0.37555387442414434, 0.37148272557098, 0.36777552737281904, 0.36427560716787477, 0.36091773982267594, 0.3578280033267778, 0.35489184337120133, 0.3521233535439671, 0.34951777829984565, 0.3469749482817549, 0.3446926067800568, 0.34248558412619773, 0.34029841428037516, 0.33833350115021804, 0.3364454022846658, 0.3345621031173213, 0.3326815799872245, 0.33097013445883294, 0.3293240754284438, 0.3277103779024309, 0.3261036258951271, 0.3245680777013358, 0.323070399801235, 0.3216548449171422, 0.32028341161255464, 0.31890762255913885, 0.3175328648258366, 0.31627560496807244, 0.3149316593998064, 0.31373158001876567, 0.31248015102291876, 0.31129479463182064, 0.3101252086297363, 0.309010851529847, 0.3078290905814113, 0.306731666121978, 0.30565860243725596, 0.3045757284315251]}