{"losses": [0.12783972918987274, 0.11742660403251648, 0.1118808388710022, 0.10925067961215973, 0.1079288125038147, 0.10716424137353897, 0.10665420442819595, 0.10625920444726944, 0.1059291809797287, 0.10564427822828293, 0.1053907498717308, 0.10516182333230972, 0.10495548695325851, 0.10476282238960266, 0.10458626598119736, 0.1044183149933815, 0.10426106303930283, 0.10411248356103897, 0.1039712056517601, 0.10383382439613342, 0.10370416939258575, 0.10357945412397385, 0.10345717519521713, 0.10334118455648422, 0.10322872549295425, 0.10311920940876007, 0.10301443934440613, 0.10290991514921188, 0.10280871391296387, 0.10271042585372925, 0.1026165559887886, 0.10252317041158676, 0.10243107378482819, 0.10234206169843674, 0.1022554263472557, 0.10216881334781647, 0.10208495706319809, 0.10200212150812149, 0.10192182660102844, 0.10184245556592941, 0.10176349431276321, 0.10168641805648804, 0.10161043703556061, 0.10153581947088242, 0.10146170854568481, 0.1013893187046051, 0.10131728649139404, 0.10124699771404266, 0.10117654502391815, 0.10110551863908768, 0.10103833675384521, 0.1009715273976326, 0.10090392827987671, 0.10083553940057755, 0.10077080130577087, 0.10070565342903137, 0.10064118355512619, 0.10057570785284042, 0.10051081329584122, 0.10044748336076736], "rmses": [0.3575468209757608, 0.3426756542745873, 0.334485932246787, 0.33053090568381005, 0.3285252083232194, 0.3273594986762091, 0.32657955298548, 0.3259742389319583, 0.32546763430444003, 0.3250296574595662, 0.3246394151543075, 0.32428663760986165, 0.32396834251707146, 0.32367085502034726, 0.3233979993463122, 0.32313822892592187, 0.3228948173001586, 0.32266466115928927, 0.32244566309963, 0.3222325625943682, 0.32203131740963603, 0.3218376207406055, 0.3216475947294137, 0.32146723714320286, 0.32129227425033774, 0.32112179840172805, 0.32095862559589533, 0.320795753009936, 0.32063797952358025, 0.32048467335229813, 0.3203381900254614, 0.3201923959303012, 0.32004854910595704, 0.3199094585948292, 0.31977402387820014, 0.31963856674033636, 0.31950736621116904, 0.3193777097859547, 0.3192519797918698, 0.31912764776172153, 0.31900390955717645, 0.31888307897486196, 0.3187639088494493, 0.3186468569920036, 0.3185305457027392, 0.31841689450248256, 0.31830376449453757, 0.31819333386173043, 0.31808260723264664, 0.31797093992861625, 0.31786528082482557, 0.31776017276813123, 0.31765378681809653, 0.3175461216903421, 0.31744417037610073, 0.3173415406608964, 0.31723994634208064, 0.31713673368570916, 0.3170344039624741, 0.3169345095769272]}