{"loss": [0.2663635015487671, 0.26194819808006287, 0.2556140422821045, 0.2506120502948761, 0.2454054355621338], "mse": [0.2663635015487671, 0.26194819808006287, 0.2556140422821045, 0.2506120502948761, 0.2454054355621338], "mae": [0.3935753107070923, 0.39340806007385254, 0.3875730335712433, 0.3842150568962097, 0.37980911135673523], "mape": [352.3124084472656, 327.4864196777344, 343.4242858886719, 294.9654846191406, 304.8185729980469]}