{"loss": [0.07483954727649689, 0.07370053231716156, 0.07374715805053711, 0.07397966831922531, 0.07309316843748093], "mse": [0.07483954727649689, 0.07370053231716156, 0.07374715805053711, 0.07397966831922531, 0.07309316843748093], "mae": [0.21016286313533783, 0.2106560319662094, 0.2078244388103485, 0.20920751988887787, 0.2108365148305893], "mape": [423.2705383300781, 2171.320556640625, 5257.310546875, 4517.33154296875, 4408.8330078125]}