{"loss": [0.20406413078308105, 0.2009185403585434, 0.1985938996076584, 0.19529642164707184, 0.1914658546447754], "mse": [0.20406413078308105, 0.2009185403585434, 0.1985938996076584, 0.19529642164707184, 0.1914658546447754], "mae": [0.3388919234275818, 0.3361087143421173, 0.3331940472126007, 0.3336649239063263, 0.33185064792633057], "mape": [293.78704833984375, 239.9949951171875, 282.04327392578125, 227.40402221679688, 241.29910278320312]}