{"loss": [0.08095941692590714, 0.07901958376169205, 0.07895605266094208, 0.0793672502040863, 0.07835588604211807], "mse": [0.08095941692590714, 0.07901958376169205, 0.07895605266094208, 0.0793672502040863, 0.07835588604211807], "mae": [0.2189912497997284, 0.2177504599094391, 0.21566197276115417, 0.21708470582962036, 0.2189030945301056], "mape": [467.48419189453125, 1730.90576171875, 4683.99951171875, 4074.861328125, 3510.199951171875]}