{"loss": [0.2234748750925064, 0.21621863543987274, 0.2101331502199173, 0.20087143778800964, 0.19739098846912384], "mse": [0.2234748750925064, 0.21621863543987274, 0.2101331502199173, 0.20087143778800964, 0.19739098846912384], "mae": [0.35866257548332214, 0.350451797246933, 0.34303393959999084, 0.33679714798927307, 0.33063650131225586], "mape": [193.8076171875, 179.5860137939453, 184.92221069335938, 175.5831298828125, 182.65931701660156]}