{"loss": [0.08332660049200058, 0.08368851989507675, 0.08235838264226913, 0.08396543562412262, 0.08149436116218567], "mse": [0.08332660049200058, 0.08368851989507675, 0.08235838264226913, 0.08396543562412262, 0.08149436116218567], "mae": [0.21940898895263672, 0.2172277569770813, 0.21680857241153717, 0.2195601612329483, 0.21702608466148376], "mape": [66.28768157958984, 66.49922180175781, 67.70386505126953, 69.40438842773438, 69.21791076660156]}