{"loss": [0.17896559834480286, 0.1602053940296173, 0.14971081912517548, 0.13302496075630188, 0.11646553874015808], "mse": [0.17896559834480286, 0.1602053940296173, 0.14971081912517548, 0.13302496075630188, 0.11646553874015808], "mae": [0.11112822592258453, 0.10554460436105728, 0.10298171639442444, 0.09614896774291992, 0.09544329345226288], "mape": [145.79110717773438, 188.58819580078125, 174.11634826660156, 211.68394470214844, 170.080322265625]}