{"loss": [0.06815230846405029, 0.059567783027887344, 0.055632978677749634, 0.05823507159948349, 0.05052924528717995], "mse": [0.06815230846405029, 0.059567783027887344, 0.055632978677749634, 0.05823507159948349, 0.05052924528717995], "mae": [0.1254308521747589, 0.11665480583906174, 0.1140274628996849, 0.11327765136957169, 0.11129789054393768], "mape": [39.165618896484375, 40.57692337036133, 38.11680221557617, 38.297935485839844, 38.64215850830078]}