{"loss": [0.38025936484336853, 0.17210353910923004, 0.14999021589756012, 0.14405979216098785, 0.13875368237495422], "mse": [0.38025936484336853, 0.17210353910923004, 0.14999021589756012, 0.14405979216098785, 0.13875368237495422], "mae": [0.4377046525478363, 0.23492655158042908, 0.22108976542949677, 0.2177659571170807, 0.21597479283809662], "mape": [69.62590026855469, 50.598602294921875, 47.33464050292969, 48.875282287597656, 47.84986877441406]}