{"loss": [0.11336690187454224, 0.09574035555124283, 0.09557028114795685, 0.0826580673456192, 0.0873093232512474], "mse": [0.11336690187454224, 0.09574035555124283, 0.09557028114795685, 0.0826580673456192, 0.0873093232512474], "mae": [0.09120354056358337, 0.08571558445692062, 0.08335977047681808, 0.0775478407740593, 0.08005223423242569], "mape": [49.668582916259766, 56.902259826660156, 50.6249885559082, 54.705101013183594, 48.589447021484375]}