{"loss": [0.13104617595672607, 0.13061240315437317, 0.12809747457504272, 0.12986205518245697, 0.12886813282966614], "mse": [0.13104617595672607, 0.13061240315437317, 0.12809747457504272, 0.12986205518245697, 0.12886813282966614], "mae": [0.21157404780387878, 0.21175161004066467, 0.21037252247333527, 0.20873373746871948, 0.21000972390174866], "mape": [47.653316497802734, 47.81378173828125, 45.64698791503906, 47.097835540771484, 46.67827606201172]}