{"loss": [0.12168069928884506, 0.1216217428445816, 0.11923729628324509, 0.12084834277629852, 0.12013281136751175], "mse": [0.12168069928884506, 0.1216217428445816, 0.11923729628324509, 0.12084834277629852, 0.12013281136751175], "mae": [0.20417796075344086, 0.20417951047420502, 0.2029891312122345, 0.20102402567863464, 0.20283325016498566], "mape": [45.59133529663086, 45.783729553222656, 43.781917572021484, 45.179203033447266, 45.22251892089844]}