{"loss": [0.04046238958835602, 0.034200724214315414, 0.030830908566713333, 0.032313909381628036, 0.029146410524845123], "mse": [0.04046238958835602, 0.034200724214315414, 0.030830908566713333, 0.032313909381628036, 0.029146410524845123], "mae": [0.0991952046751976, 0.09003664553165436, 0.08580897003412247, 0.08745145052671432, 0.08675311505794525], "mape": [32.84734344482422, 31.86143684387207, 28.955934524536133, 31.458786010742188, 30.865856170654297]}