{"loss": [0.09967651218175888, 0.09747922420501709, 0.09696805477142334, 0.0984557718038559, 0.09573628753423691], "mse": [0.09967651218175888, 0.09747922420501709, 0.09696805477142334, 0.0984557718038559, 0.09573628753423691], "mae": [0.2428884208202362, 0.23770131170749664, 0.23708806931972504, 0.23814034461975098, 0.23582665622234344], "mape": [105.3978271484375, 109.78564453125, 105.7383804321289, 96.59674835205078, 106.25138854980469]}