{"loss": [0.11330641061067581, 0.11232553422451019, 0.11097179353237152, 0.11272422224283218, 0.11238901317119598], "mse": [0.11330641061067581, 0.11232553422451019, 0.11097179353237152, 0.11272422224283218, 0.11238901317119598], "mae": [0.19881436228752136, 0.19791091978549957, 0.198893204331398, 0.1961687058210373, 0.19916297495365143], "mape": [44.0898551940918, 43.58446502685547, 43.141239166259766, 43.26926803588867, 43.61258316040039]}