{"loss": [0.29414889216423035, 0.28444716334342957, 0.28304973244667053, 0.2770186960697174, 0.27025455236434937], "mse": [0.29414889216423035, 0.28444716334342957, 0.28304973244667053, 0.2770186960697174, 0.27025455236434937], "mae": [0.39397406578063965, 0.3843872845172882, 0.38478797674179077, 0.3776633143424988, 0.37645193934440613], "mape": [243.6445770263672, 233.3952178955078, 238.8456268310547, 230.83987426757812, 233.3052520751953]}