{"loss": [0.26698100566864014, 0.2659863829612732, 0.2672860026359558, 0.2619171440601349, 0.2612907290458679], "mse": [0.26698100566864014, 0.2659863829612732, 0.2672860026359558, 0.2619171440601349, 0.2612907290458679], "mae": [0.3047561049461365, 0.30363306403160095, 0.3025455176830292, 0.30256855487823486, 0.3024539351463318], "mape": [249.73983764648438, 285.00994873046875, 241.25057983398438, 247.70339965820312, 250.12017822265625]}