{"loss": [0.09544578939676285, 0.09343229979276657, 0.09337300062179565, 0.09452632814645767, 0.09211039543151855], "mse": [0.09544578939676285, 0.09343229979276657, 0.09337300062179565, 0.09452632814645767, 0.09211039543151855], "mae": [0.24016734957695007, 0.23354768753051758, 0.23540690541267395, 0.23541006445884705, 0.23220311105251312], "mape": [100.4057846069336, 100.57270812988281, 98.90062713623047, 90.5977783203125, 97.82579803466797]}