{"loss": [0.10481872409582138, 0.10324624180793762, 0.10271921008825302, 0.09957119822502136, 0.0996507778763771], "mse": [0.10481872409582138, 0.10324624180793762, 0.10271921008825302, 0.09957119822502136, 0.0996507778763771], "mae": [0.23272670805454254, 0.23012304306030273, 0.22925174236297607, 0.22483403980731964, 0.22410959005355835], "mape": [112.78794860839844, 102.97164916992188, 116.17475891113281, 109.62899017333984, 113.37423706054688]}