{"loss": [0.14419278502464294, 0.14359025657176971, 0.1409330666065216, 0.1382528841495514, 0.13385038077831268], "mse": [0.14419278502464294, 0.14359025657176971, 0.1409330666065216, 0.1382528841495514, 0.13385038077831268], "mae": [0.2778901159763336, 0.2760782241821289, 0.27301016449928284, 0.26966744661331177, 0.2638731598854065], "mape": [345.3814697265625, 240.88401794433594, 257.250244140625, 251.91656494140625, 250.28797912597656]}