{"loss": [0.25998011231422424, 0.2589462101459503, 0.26114213466644287, 0.2564079165458679, 0.2557017505168915], "mse": [0.25998011231422424, 0.2589462101459503, 0.26114213466644287, 0.2564079165458679, 0.2557017505168915], "mae": [0.3000051975250244, 0.29986074566841125, 0.2986929714679718, 0.2989819347858429, 0.29883891344070435], "mape": [240.52947998046875, 336.7094421386719, 292.2666320800781, 355.5240783691406, 355.6072692871094]}