{"loss": [0.2398492693901062, 0.2398051768541336, 0.2404479831457138, 0.23664134740829468, 0.23575462400913239], "mse": [0.2398492693901062, 0.2398051768541336, 0.2404479831457138, 0.23664134740829468, 0.23575462400913239], "mae": [0.29269129037857056, 0.29287073016166687, 0.2897627651691437, 0.2895391583442688, 0.2885400056838989], "mape": [245.50201416015625, 280.760009765625, 242.8546142578125, 257.6075744628906, 260.5609436035156]}