{"loss": [0.07483953982591629, 0.07370051741600037, 0.07374714314937592, 0.07397963851690292, 0.07309316098690033], "mse": [0.07483953982591629, 0.07370051741600037, 0.07374714314937592, 0.07397963851690292, 0.07309316098690033], "mae": [0.21016287803649902, 0.2106560468673706, 0.20782442390918732, 0.20920751988887787, 0.2108364999294281], "mape": [423.2747497558594, 2171.321533203125, 5257.30859375, 4517.33349609375, 4408.82958984375]}