{"loss": [0.12448325008153915, 0.1244596391916275, 0.12214392423629761, 0.12389736622571945, 0.12310194969177246], "mse": [0.12448325008153915, 0.1244596391916275, 0.12214392423629761, 0.12389736622571945, 0.12310194969177246], "mae": [0.20645897090435028, 0.20706607401371002, 0.20548228919506073, 0.20381048321723938, 0.20530292391777039], "mape": [46.19987869262695, 46.49073791503906, 44.31241226196289, 45.82619857788086, 45.6737060546875]}