{"loss": [0.21267175674438477, 0.14696992933750153, 0.13484720885753632, 0.12925101816654205, 0.12165728956460953], "mse": [0.21267175674438477, 0.14696992933750153, 0.13484720885753632, 0.12925101816654205, 0.12165728956460953], "mae": [0.3442828357219696, 0.28684672713279724, 0.2778737246990204, 0.268571138381958, 0.2621789574623108], "mape": [166.55625915527344, 145.64390563964844, 130.19375610351562, 115.47947692871094, 117.67588806152344]}