{"loss": [0.0988345518708229, 0.09645236283540726, 0.09647185355424881, 0.09735583513975143, 0.09488384425640106], "mse": [0.0988345518708229, 0.09645236283540726, 0.09647185355424881, 0.09735583513975143, 0.09488384425640106], "mae": [0.243905171751976, 0.2364591658115387, 0.23871921002864838, 0.23868711292743683, 0.23505811393260956], "mape": [101.96302795410156, 101.77959442138672, 99.7862319946289, 91.52005767822266, 98.45745086669922]}