{"loss": [0.24887385964393616, 0.24766165018081665, 0.24874164164066315, 0.24384477734565735, 0.24399742484092712], "mse": [0.24887385964393616, 0.24766165018081665, 0.24874164164066315, 0.24384477734565735, 0.24399742484092712], "mae": [0.29739129543304443, 0.29559433460235596, 0.2943149507045746, 0.29475417733192444, 0.29382362961769104], "mape": [239.36572265625, 278.8959655761719, 240.04652404785156, 251.85202026367188, 249.60324096679688]}