{"loss": [0.19179317355155945, 0.18742841482162476, 0.18395887315273285, 0.17642667889595032, 0.17544876039028168], "mse": [0.19179317355155945, 0.18742841482162476, 0.18395887315273285, 0.17642667889595032, 0.17544876039028168], "mae": [0.3282415270805359, 0.32222869992256165, 0.31463584303855896, 0.31004273891448975, 0.30937597155570984], "mape": [184.00962829589844, 171.1444091796875, 171.08168029785156, 167.63294982910156, 179.83639526367188]}