{"loss": [0.030601754784584045, 0.021704845130443573, 0.026442205533385277, 0.03840699419379234, 0.023777415975928307], "mse": [0.030601754784584045, 0.021704845130443573, 0.026442205533385277, 0.03840699419379234, 0.023777415975928307], "mae": [0.050711099058389664, 0.04358163848519325, 0.046520717442035675, 0.05507916212081909, 0.04811686649918556], "mape": [168.78639221191406, 132.1538848876953, 160.49424743652344, 147.1975860595703, 158.9402618408203]}