{"loss": [0.2138805389404297, 0.21023713052272797, 0.20622828602790833, 0.20070643723011017, 0.19840414822101593], "mse": [0.2138805389404297, 0.21023713052272797, 0.20622828602790833, 0.20070643723011017, 0.19840414822101593], "mae": [0.3509170114994049, 0.34735268354415894, 0.3441314995288849, 0.33672934770584106, 0.3371097445487976], "mape": [347.4493713378906, 288.4115295410156, 307.19873046875, 262.7054748535156, 290.50177001953125]}