{"loss": [0.12143995612859726, 0.12135767936706543, 0.11922196298837662, 0.12078584730625153, 0.12030383199453354], "mse": [0.12143995612859726, 0.12135767936706543, 0.11922196298837662, 0.12078584730625153, 0.12030383199453354], "mae": [0.20479755103588104, 0.20517070591449738, 0.20399872958660126, 0.20168642699718475, 0.20448878407478333], "mape": [45.597930908203125, 45.80902099609375, 43.85343551635742, 45.197654724121094, 45.43551254272461]}