{"loss": [0.22106586396694183, 0.21733428537845612, 0.214447483420372, 0.21076804399490356, 0.20648439228534698], "mse": [0.22106586396694183, 0.21733428537845612, 0.214447483420372, 0.21076804399490356, 0.20648439228534698], "mae": [0.35477501153945923, 0.3521743416786194, 0.3485706150531769, 0.34872469305992126, 0.34609729051589966], "mape": [307.7255859375, 263.3245544433594, 298.11981201171875, 250.01651000976562, 258.281982421875]}