{"loss": [0.2330165058374405, 0.23307374119758606, 0.2338494211435318, 0.2303732931613922, 0.22927281260490417], "mse": [0.2330165058374405, 0.23307374119758606, 0.2338494211435318, 0.2303732931613922, 0.22927281260490417], "mae": [0.28871917724609375, 0.28918206691741943, 0.2851765751838684, 0.285701185464859, 0.2844475209712982], "mape": [246.0472412109375, 281.9482421875, 243.58740234375, 260.82525634765625, 262.66192626953125]}