{"loss": [0.10481874644756317, 0.10324627161026001, 0.10271921008825302, 0.09957117587327957, 0.09965075552463531], "mse": [0.10481874644756317, 0.10324627161026001, 0.10271921008825302, 0.09957117587327957, 0.09965075552463531], "mae": [0.23272676765918732, 0.23012304306030273, 0.22925177216529846, 0.2248341590166092, 0.22410959005355835], "mape": [112.78793334960938, 102.97164916992188, 116.17472839355469, 109.62903594970703, 113.37418365478516]}