{"loss": [0.31086471676826477, 0.30069223046302795, 0.291287362575531, 0.28145962953567505, 0.2792316675186157], "mse": [0.31086471676826477, 0.30069223046302795, 0.291287362575531, 0.28145962953567505, 0.2792316675186157], "mae": [0.43098074197769165, 0.42360180616378784, 0.41894039511680603, 0.4106818735599518, 0.4099280834197998], "mape": [373.2969665527344, 358.55389404296875, 375.2127685546875, 316.7818908691406, 353.77655029296875]}