{"loss": [0.057896606624126434, 0.04056509584188461, 0.049715638160705566, 0.05096340924501419, 0.03367191553115845], "mse": [0.057896606624126434, 0.04056509584188461, 0.049715638160705566, 0.05096340924501419, 0.03367191553115845], "mae": [0.0650840699672699, 0.05579667165875435, 0.05698156729340553, 0.06441625952720642, 0.05472254008054733], "mape": [176.7065887451172, 124.90825653076172, 161.19912719726562, 147.52655029296875, 188.55767822265625]}