{"loss": [0.12615951895713806, 0.12328418344259262, 0.12141715735197067, 0.1186562031507492, 0.11634638905525208], "mse": [0.12615951895713806, 0.12328418344259262, 0.12141715735197067, 0.1186562031507492, 0.11634638905525208], "mae": [0.25455328822135925, 0.25190940499305725, 0.2504290044307709, 0.24634553492069244, 0.24170951545238495], "mape": [139.75001525878906, 130.46328735351562, 130.09422302246094, 139.4619140625, 138.87347412109375]}