{"loss": [0.0748395323753357, 0.07370053231716156, 0.07374715805053711, 0.07397966086864471, 0.07309316843748093], "mse": [0.0748395323753357, 0.07370053231716156, 0.07374715805053711, 0.07397966086864471, 0.07309316843748093], "mae": [0.21016287803649902, 0.21065598726272583, 0.20782442390918732, 0.20920751988887787, 0.2108365148305893], "mape": [423.2740478515625, 2171.3115234375, 5257.31494140625, 4517.33251953125, 4408.83154296875]}