{"loss": [0.2223661094903946, 0.22187964618206024, 0.2237398624420166, 0.21960121393203735, 0.2191704362630844], "mse": [0.2223661094903946, 0.22187964618206024, 0.2237398624420166, 0.21960121393203735, 0.2191704362630844], "mae": [0.28315794467926025, 0.2814263105392456, 0.27943217754364014, 0.2797587811946869, 0.27934694290161133], "mape": [254.78201293945312, 371.1314697265625, 339.93975830078125, 370.0762939453125, 386.4738464355469]}