{"loss": [0.1254279911518097, 0.12542255222797394, 0.12339486181735992, 0.12492794543504715, 0.12447239458560944], "mse": [0.1254279911518097, 0.12542255222797394, 0.12339486181735992, 0.12492794543504715, 0.12447239458560944], "mae": [0.20814308524131775, 0.20911359786987305, 0.20689699053764343, 0.20528045296669006, 0.20700682699680328], "mape": [46.489654541015625, 46.8288459777832, 44.67887496948242, 46.15915298461914, 46.02598571777344]}