{"loss": [0.08255709707736969, 0.08196116238832474, 0.08029454946517944, 0.08244937658309937, 0.08064666390419006], "mse": [0.08255709707736969, 0.08196116238832474, 0.08029454946517944, 0.08244937658309937, 0.08064666390419006], "mae": [0.22454409301280975, 0.22010044753551483, 0.21816548705101013, 0.21992585062980652, 0.2191023975610733], "mape": [99.9958724975586, 100.56266784667969, 97.32390594482422, 90.96731567382812, 99.24539184570312]}