{"loss": [0.26698097586631775, 0.2659863531589508, 0.2672860026359558, 0.2619171440601349, 0.26129066944122314], "mse": [0.26698097586631775, 0.2659863531589508, 0.2672860026359558, 0.2619171440601349, 0.26129066944122314], "mae": [0.3047561049461365, 0.30363306403160095, 0.30254554748535156, 0.30256855487823486, 0.3024539053440094], "mape": [249.73985290527344, 285.0099182128906, 241.25059509277344, 247.70343017578125, 250.12014770507812]}