{"loss": [0.21267177164554596, 0.14696992933750153, 0.13484719395637512, 0.12925103306770325, 0.12165731191635132], "mse": [0.21267177164554596, 0.14696992933750153, 0.13484719395637512, 0.12925103306770325, 0.12165731191635132], "mae": [0.3442828357219696, 0.28684675693511963, 0.277873694896698, 0.268571138381958, 0.2621789574623108], "mape": [166.55628967285156, 145.6439208984375, 130.1937713623047, 115.47948455810547, 117.67588806152344]}