{"loss": [0.24887385964393616, 0.24766166508197784, 0.24874165654182434, 0.24384473264217377, 0.24399743974208832], "mse": [0.24887385964393616, 0.24766166508197784, 0.24874165654182434, 0.24384473264217377, 0.24399743974208832], "mae": [0.29739129543304443, 0.2955942749977112, 0.2943149507045746, 0.29475414752960205, 0.2938236594200134], "mape": [239.36575317382812, 278.8960266113281, 240.04652404785156, 251.8520050048828, 249.60317993164062]}