{"loss": [0.12168064713478088, 0.12162164598703384, 0.11923717707395554, 0.12084808200597763, 0.120132677257061], "mse": [0.12168064713478088, 0.12162164598703384, 0.11923717707395554, 0.12084808200597763, 0.120132677257061], "mae": [0.20417793095111847, 0.20417940616607666, 0.20298923552036285, 0.20102383196353912, 0.20283330976963043], "mape": [45.59132766723633, 45.7836799621582, 43.781917572021484, 45.17913818359375, 45.222469329833984]}