{"loss": [0.26511019468307495, 0.2648656368255615, 0.26542672514915466, 0.2600746154785156, 0.25933197140693665], "mse": [0.26511019468307495, 0.2648656368255615, 0.26542672514915466, 0.2600746154785156, 0.25933197140693665], "mae": [0.3039513826370239, 0.3038080632686615, 0.30215564370155334, 0.3021085858345032, 0.3017052412033081], "mape": [250.69134521484375, 284.7629089355469, 245.6340789794922, 254.74600219726562, 251.6517791748047]}