{"loss": [0.13590842485427856, 0.13203346729278564, 0.13171549141407013, 0.12648141384124756, 0.126310333609581], "mse": [0.13590842485427856, 0.13203346729278564, 0.13171549141407013, 0.12648141384124756, 0.126310333609581], "mae": [0.2717483639717102, 0.26741549372673035, 0.2677687406539917, 0.25910985469818115, 0.2595975995063782], "mape": [123.45513153076172, 114.90386199951172, 130.09519958496094, 122.47856140136719, 124.74630737304688]}