{"loss": [0.08885439485311508, 0.08770480751991272, 0.08619526773691177, 0.08865077048540115, 0.08627235889434814], "mse": [0.08885439485311508, 0.08770480751991272, 0.08619526773691177, 0.08865077048540115, 0.08627235889434814], "mae": [0.23164966702461243, 0.22676199674606323, 0.22467288374900818, 0.22699767351150513, 0.2254190742969513], "mape": [102.30587005615234, 104.34254455566406, 100.10038757324219, 92.80928802490234, 101.0721206665039]}