{"loss": [0.09581552445888519, 0.09397988021373749, 0.09295763820409775, 0.09508480131626129, 0.092417411506176], "mse": [0.09581552445888519, 0.09397988021373749, 0.09295763820409775, 0.09508480131626129, 0.092417411506176], "mae": [0.23926328122615814, 0.23376241326332092, 0.23231948912143707, 0.23433324694633484, 0.23222817480564117], "mape": [104.80645751953125, 108.20552062988281, 104.03092193603516, 95.45978546142578, 104.76155853271484]}