{"loss": [0.24066075682640076, 0.23691093921661377, 0.23282460868358612, 0.2289675623178482, 0.2242797464132309], "mse": [0.24066075682640076, 0.23691093921661377, 0.23282460868358612, 0.2289675623178482, 0.2242797464132309], "mae": [0.3722693920135498, 0.3708849549293518, 0.3660920560359955, 0.3654398024082184, 0.3614771366119385], "mape": [327.449951171875, 296.4013366699219, 317.9521484375, 272.08160400390625, 279.4678955078125]}