{"loss": [0.15939199924468994, 0.15109820663928986, 0.15061819553375244, 0.14510484039783478, 0.14263518154621124], "mse": [0.15939199924468994, 0.15109820663928986, 0.15061819553375244, 0.14510484039783478, 0.14263518154621124], "mae": [0.2957117259502411, 0.2848750650882721, 0.283270001411438, 0.2766953706741333, 0.27670031785964966], "mape": [204.22537231445312, 204.6772003173828, 196.29367065429688, 212.34658813476562, 206.6879119873047]}