{"loss": [0.21267175674438477, 0.14696991443634033, 0.13484717905521393, 0.12925104796886444, 0.12165729701519012], "mse": [0.21267175674438477, 0.14696991443634033, 0.13484717905521393, 0.12925104796886444, 0.12165729701519012], "mae": [0.3442828357219696, 0.28684672713279724, 0.277873694896698, 0.2685711979866028, 0.2621789574623108], "mape": [166.55625915527344, 145.64390563964844, 130.19375610351562, 115.47947692871094, 117.67588806152344]}