{"loss": [0.0462963804602623, 0.044352781027555466, 0.04229245334863663, 0.04617277905344963, 0.040626682341098785], "mse": [0.0462963804602623, 0.044352781027555466, 0.04229245334863663, 0.04617277905344963, 0.040626682341098785], "mae": [0.10396286100149155, 0.10127606242895126, 0.09969913214445114, 0.10126452147960663, 0.09616998583078384], "mape": [32.63203811645508, 33.78606414794922, 32.767486572265625, 30.757577896118164, 30.028406143188477]}