{"loss": [0.22650852799415588, 0.21789556741714478, 0.21286024153232574, 0.20377163589000702, 0.19882966578006744], "mse": [0.22650852799415588, 0.21789556741714478, 0.21286024153232574, 0.20377163589000702, 0.19882966578006744], "mae": [0.36153072118759155, 0.35348543524742126, 0.3519066870212555, 0.3417184352874756, 0.33673369884490967], "mape": [164.94058227539062, 145.27552795410156, 161.98594665527344, 145.3385467529297, 153.4541473388672]}