{"loss": [0.08332660049200058, 0.08368851989507675, 0.08235838264226913, 0.08396542072296143, 0.08149434626102448], "mse": [0.08332660049200058, 0.08368851989507675, 0.08235838264226913, 0.08396542072296143, 0.08149434626102448], "mae": [0.21940898895263672, 0.2172277569770813, 0.21680857241153717, 0.21956011652946472, 0.21702609956264496], "mape": [66.2876968383789, 66.49921417236328, 67.70386505126953, 69.40438079833984, 69.2179183959961]}