{"loss": [0.0462963730096817, 0.04435277730226517, 0.04229245334863663, 0.046172793954610825, 0.040626682341098785], "mse": [0.0462963730096817, 0.04435277730226517, 0.04229245334863663, 0.046172793954610825, 0.040626682341098785], "mae": [0.10396286100149155, 0.10127604752779007, 0.09969916194677353, 0.10126452147960663, 0.09616996347904205], "mape": [32.63203048706055, 33.786067962646484, 32.767486572265625, 30.75758934020996, 30.028396606445312]}