{"loss": [0.040462393313646317, 0.03420073166489601, 0.030830910429358482, 0.03231390193104744, 0.029146408662199974], "mse": [0.040462393313646317, 0.03420073166489601, 0.030830910429358482, 0.03231390193104744, 0.029146408662199974], "mae": [0.09919522702693939, 0.09003661572933197, 0.08580895513296127, 0.08745143562555313, 0.08675309270620346], "mape": [32.84735870361328, 31.86143684387207, 28.955942153930664, 31.458797454833984, 30.865869522094727]}