{"loss": [0.2201855182647705, 0.22011463344097137, 0.2205929309129715, 0.2171667069196701, 0.2162320613861084], "mse": [0.2201855182647705, 0.22011463344097137, 0.2205929309129715, 0.2171667069196701, 0.2162320613861084], "mae": [0.2808230519294739, 0.2808597981929779, 0.27650561928749084, 0.27849578857421875, 0.27688708901405334], "mape": [246.85914611816406, 284.16790771484375, 241.2714080810547, 262.8420104980469, 262.3765563964844]}