{"loss": [0.21974387764930725, 0.2131773680448532, 0.21304947137832642, 0.20796819031238556, 0.2041172832250595], "mse": [0.21974387764930725, 0.2131773680448532, 0.21304947137832642, 0.20796819031238556, 0.2041172832250595], "mae": [0.344906210899353, 0.339558869600296, 0.34235018491744995, 0.33654576539993286, 0.33533063530921936], "mape": [236.54722595214844, 240.22613525390625, 227.87649536132812, 226.37574768066406, 228.88253784179688]}