{"loss": [0.13118594884872437, 0.11348183453083038, 0.10765757411718369, 0.10467766225337982, 0.10239024460315704], "mse": [0.13118594884872437, 0.11348183453083038, 0.10765757411718369, 0.10467766225337982, 0.10239024460315704], "mae": [0.2723318040370941, 0.2565658688545227, 0.2480681985616684, 0.24535679817199707, 0.24491842091083527], "mape": [3407.553955078125, 4051.802001953125, 4553.87109375, 4529.5146484375, 2456.594970703125]}