{"loss": [0.09067465364933014, 0.08823253214359283, 0.08814197033643723, 0.08832886815071106, 0.08745604008436203], "mse": [0.09067465364933014, 0.08823253214359283, 0.08814197033643723, 0.08832886815071106, 0.08745604008436203], "mae": [0.23048754036426544, 0.2281031310558319, 0.22558800876140594, 0.22736768424510956, 0.22895215451717377], "mape": [887.6316528320312, 1300.0511474609375, 2200.51953125, 1780.559326171875, 1157.4246826171875]}