{"loss": [0.2801094055175781, 0.2643306851387024, 0.2540004849433899, 0.2416975349187851, 0.2328972965478897], "mse": [0.2801094055175781, 0.2643306851387024, 0.2540004849433899, 0.2416975349187851, 0.2328972965478897], "mae": [0.40591415762901306, 0.39232730865478516, 0.38686054944992065, 0.37590399384498596, 0.3698411285877228], "mape": [179.73060607910156, 162.55747985839844, 171.9826202392578, 163.06365966796875, 169.182861328125]}