{"loss": [0.11324450373649597, 0.11102587729692459, 0.1107616126537323, 0.1069716215133667, 0.10697882622480392], "mse": [0.11324450373649597, 0.11102587729692459, 0.1107616126537323, 0.1069716215133667, 0.10697882622480392], "mae": [0.24454663693904877, 0.24114391207695007, 0.2407388538122177, 0.23488153517246246, 0.23432768881320953], "mape": [115.88864135742188, 106.12965393066406, 121.5048599243164, 113.12309265136719, 117.80140686035156]}