{"loss": [0.042166125029325485, 0.037762850522994995, 0.03439338505268097, 0.04026113823056221, 0.03343614935874939], "mse": [0.042166125029325485, 0.037762850522994995, 0.03439338505268097, 0.04026113823056221, 0.03343614935874939], "mae": [0.10029848664999008, 0.09474467486143112, 0.09056465327739716, 0.0967315286397934, 0.09129045903682709], "mape": [31.66193199157715, 31.176549911499023, 29.493328094482422, 30.298982620239258, 30.551841735839844]}