{"loss": [0.14134635031223297, 0.1382463425397873, 0.13826090097427368, 0.13341662287712097, 0.13320058584213257], "mse": [0.14134635031223297, 0.1382463425397873, 0.13826090097427368, 0.13341662287712097, 0.13320058584213257], "mae": [0.2755137085914612, 0.26801738142967224, 0.2680739760398865, 0.2641606330871582, 0.26446810364723206], "mape": [158.47103881835938, 149.22140502929688, 147.89601135253906, 147.5045623779297, 162.10072326660156]}