{"loss": [0.18625487387180328, 0.1842331886291504, 0.18147170543670654, 0.176596000790596, 0.17329470813274384], "mse": [0.18625487387180328, 0.1842331886291504, 0.18147170543670654, 0.176596000790596, 0.17329470813274384], "mae": [0.3176003694534302, 0.3181873559951782, 0.3148159086704254, 0.3124629259109497, 0.3116108775138855], "mape": [298.0920104980469, 246.81935119628906, 279.8854675292969, 204.9451446533203, 220.1531219482422]}