{"loss": [0.17075559496879578, 0.16522960364818573, 0.16321580111980438, 0.15647196769714355, 0.1548905074596405], "mse": [0.17075559496879578, 0.16522960364818573, 0.16321580111980438, 0.15647196769714355, 0.1548905074596405], "mae": [0.30963367223739624, 0.30418476462364197, 0.3015255331993103, 0.2924162447452545, 0.29064038395881653], "mape": [143.63514709472656, 131.3936767578125, 144.26295471191406, 131.7127227783203, 133.31292724609375]}