{"loss": [0.2769847810268402, 0.27612587809562683, 0.27716389298439026, 0.27242496609687805, 0.27115392684936523], "mse": [0.2769847810268402, 0.27612587809562683, 0.27716389298439026, 0.27242496609687805, 0.27115392684936523], "mae": [0.30898529291152954, 0.30885204672813416, 0.3074744939804077, 0.3075580596923828, 0.30754324793815613], "mape": [254.95782470703125, 288.9400329589844, 243.26788330078125, 251.4375457763672, 252.1236572265625]}