{"loss": [0.12397275865077972, 0.1239728257060051, 0.12193015217781067, 0.12363146245479584, 0.12307321280241013], "mse": [0.12397275865077972, 0.1239728257060051, 0.12193015217781067, 0.12363146245479584, 0.12307321280241013], "mae": [0.20661374926567078, 0.20763497054576874, 0.20579048991203308, 0.20405398309230804, 0.20622773468494415], "mape": [46.152259826660156, 46.47929000854492, 44.342262268066406, 45.86520767211914, 45.89021301269531]}