{"loss": [0.0451374277472496, 0.04489803686738014, 0.04494999349117279, 0.03954831138253212, 0.033440962433815], "mse": [0.0451374277472496, 0.04489803686738014, 0.04494999349117279, 0.03954831138253212, 0.033440962433815], "mae": [0.060881245881319046, 0.05764872208237648, 0.05848143994808197, 0.05249548330903053, 0.05439640209078789], "mape": [57.06591033935547, 49.45402145385742, 49.41397476196289, 44.36003494262695, 48.727622985839844]}