{"loss": [0.05141601338982582, 0.04984430596232414, 0.04856821894645691, 0.045537106692790985, 0.04108739271759987], "mse": [0.05141601338982582, 0.04984430596232414, 0.04856821894645691, 0.045537106692790985, 0.04108739271759987], "mae": [0.06271681189537048, 0.05878068879246712, 0.05892164632678032, 0.053186751902103424, 0.05773652717471123], "mape": [55.55387878417969, 48.09949493408203, 48.387603759765625, 43.2224006652832, 50.052120208740234]}