{"loss": [0.21267175674438477, 0.14696991443634033, 0.13484717905521393, 0.12925103306770325, 0.12165728956460953], "mse": [0.21267175674438477, 0.14696991443634033, 0.13484717905521393, 0.12925103306770325, 0.12165728956460953], "mae": [0.3442828059196472, 0.286846786737442, 0.2778737545013428, 0.268571138381958, 0.2621789574623108], "mape": [166.5562744140625, 145.64393615722656, 130.19375610351562, 115.47950744628906, 117.67588806152344]}