{"loss": [0.3819282054901123, 0.3256849944591522, 0.31442639231681824, 0.30411335825920105, 0.2973957061767578], "mse": [0.3819282054901123, 0.3256849944591522, 0.31442639231681824, 0.30411335825920105, 0.2973957061767578], "mae": [0.37195926904678345, 0.3426561653614044, 0.332755446434021, 0.3266105353832245, 0.32277557253837585], "mape": [356.13397216796875, 330.3517150878906, 287.11663818359375, 285.3686828613281, 268.89300537109375]}