{"loss": [0.09223370254039764, 0.09075665473937988, 0.08941420912742615, 0.09183916449546814, 0.08927404880523682], "mse": [0.09223370254039764, 0.09075665473937988, 0.08941420912742615, 0.09183916449546814, 0.08927404880523682], "mae": [0.2354545295238495, 0.2301209717988968, 0.22840234637260437, 0.2305637001991272, 0.22890883684158325], "mape": [103.68342590332031, 106.32963562011719, 102.05326843261719, 93.99837493896484, 102.934814453125]}