{"loss": [0.08939231932163239, 0.08702706545591354, 0.0863863155245781, 0.08674344420433044, 0.08556259423494339], "mse": [0.08939231932163239, 0.08702706545591354, 0.0863863155245781, 0.08674344420433044, 0.08556259423494339], "mae": [0.22921033203601837, 0.22665640711784363, 0.2239658385515213, 0.22574493288993835, 0.22729778289794922], "mape": [1089.1861572265625, 246.25453186035156, 2627.67919921875, 2742.51171875, 1585.3231201171875]}