{"loss": [0.22845207154750824, 0.22801518440246582, 0.22980822622776031, 0.22598497569561005, 0.22541509568691254], "mse": [0.22845207154750824, 0.22801518440246582, 0.22980822622776031, 0.22598497569561005, 0.22541509568691254], "mae": [0.28753575682640076, 0.28541597723960876, 0.28228792548179626, 0.284409761428833, 0.28273069858551025], "mape": [234.64988708496094, 277.7287902832031, 235.95217895507812, 256.8113098144531, 247.26080322265625]}