{"loss": [0.08049613982439041, 0.08031231164932251, 0.07918883115053177, 0.08045167475938797, 0.0789276510477066], "mse": [0.08049613982439041, 0.08031231164932251, 0.07918883115053177, 0.08045167475938797, 0.0789276510477066], "mae": [0.21649475395679474, 0.21247157454490662, 0.21387842297554016, 0.21491585671901703, 0.21387071907520294], "mape": [64.8038558959961, 63.695072174072266, 65.03845977783203, 68.50528717041016, 66.30323791503906]}