{"loss": [0.10939812660217285, 0.10623002052307129, 0.10600462555885315, 0.10572268068790436, 0.10263173282146454], "mse": [0.10939812660217285, 0.10623002052307129, 0.10600462555885315, 0.10572268068790436, 0.10263173282146454], "mae": [0.25296497344970703, 0.2463054060935974, 0.2488904446363449, 0.2467644363641739, 0.2427947223186493], "mape": [108.42158508300781, 107.76471710205078, 104.0794906616211, 94.58553314208984, 101.78584289550781]}