{"loss": [0.13256198167800903, 0.13211435079574585, 0.12976017594337463, 0.13149325549602509, 0.13054627180099487], "mse": [0.13256198167800903, 0.13211435079574585, 0.12976017594337463, 0.13149325549602509, 0.13054627180099487], "mae": [0.21341201663017273, 0.21348030865192413, 0.21205483376979828, 0.21014133095741272, 0.21179239451885223], "mape": [48.08137130737305, 48.221961975097656, 46.129493713378906, 47.47353744506836, 47.14396667480469]}