{"loss": [0.15381620824337006, 0.14957796037197113, 0.14700356125831604, 0.1433481127023697, 0.1393965631723404], "mse": [0.15381620824337006, 0.14957796037197113, 0.14700356125831604, 0.1433481127023697, 0.1393965631723404], "mae": [0.2888665795326233, 0.2858533561229706, 0.28121933341026306, 0.2783772945404053, 0.2725100517272949], "mape": [151.9460906982422, 141.5594482421875, 135.22357177734375, 146.19754028320312, 150.49517822265625]}