{"loss": [0.0958155021071434, 0.09397989511489868, 0.09295764565467834, 0.0950847938656807, 0.092417411506176], "mse": [0.0958155021071434, 0.09397989511489868, 0.09295764565467834, 0.0950847938656807, 0.092417411506176], "mae": [0.23926326632499695, 0.23376239836215973, 0.23231953382492065, 0.23433318734169006, 0.23222817480564117], "mape": [104.80646514892578, 108.2055435180664, 104.03095245361328, 95.45978546142578, 104.76155853271484]}