{"loss": [0.11330638080835342, 0.11232555657625198, 0.11097180843353271, 0.11272422224283218, 0.1123889908194542], "mse": [0.11330638080835342, 0.11232555657625198, 0.11097180843353271, 0.11272422224283218, 0.1123889908194542], "mae": [0.19881436228752136, 0.19791096448898315, 0.198893204331398, 0.1961687058210373, 0.199163019657135], "mape": [44.0898551940918, 43.5844612121582, 43.14124298095703, 43.2692756652832, 43.61258316040039]}