{"loss": [0.10995268076658249, 0.10665474086999893, 0.10682496428489685, 0.10692477971315384, 0.10360507667064667], "mse": [0.10995268076658249, 0.10665474086999893, 0.10682496428489685, 0.10692477971315384, 0.10360507667064667], "mae": [0.25279971957206726, 0.24716681241989136, 0.24884334206581116, 0.24652710556983948, 0.24383951723575592], "mape": [106.65808868408203, 111.46798706054688, 108.11237335205078, 97.48367309570312, 108.4642105102539]}