{"loss": [0.3819282054901123, 0.3256849944591522, 0.31442639231681824, 0.30411332845687866, 0.2973957359790802], "mse": [0.3819282054901123, 0.3256849944591522, 0.31442639231681824, 0.30411332845687866, 0.2973957359790802], "mae": [0.37195929884910583, 0.3426561653614044, 0.3327554762363434, 0.3266105055809021, 0.32277554273605347], "mape": [356.1340026855469, 330.3517150878906, 287.1166687011719, 285.36865234375, 268.89306640625]}