{"loss": [0.13970723748207092, 0.11725932359695435, 0.11062322556972504, 0.10738953948020935, 0.10442543029785156], "mse": [0.13970723748207092, 0.11725932359695435, 0.11062322556972504, 0.10738953948020935, 0.10442543029785156], "mae": [0.28995195031166077, 0.26475125551223755, 0.2547232210636139, 0.2501806318759918, 0.24832525849342346], "mape": [91.76432800292969, 81.0090560913086, 76.70364379882812, 77.0228042602539, 76.36243438720703]}