{"loss": [0.15287412703037262, 0.15198814868927002, 0.14915776252746582, 0.14520861208438873, 0.14258629083633423], "mse": [0.15287412703037262, 0.15198814868927002, 0.14915776252746582, 0.14520861208438873, 0.14258629083633423], "mae": [0.28849682211875916, 0.28688058257102966, 0.28076255321502686, 0.2794903814792633, 0.28160396218299866], "mape": [292.4954528808594, 217.99935913085938, 258.3936462402344, 172.4677276611328, 184.73341369628906]}