{"loss": [0.23749293386936188, 0.23335571587085724, 0.22809523344039917, 0.22129113972187042, 0.21969471871852875], "mse": [0.23749293386936188, 0.23335571587085724, 0.22809523344039917, 0.22129113972187042, 0.21969471871852875], "mae": [0.3731023073196411, 0.3694421350955963, 0.3657791018486023, 0.3588011860847473, 0.3583998382091522], "mape": [360.1356201171875, 306.86126708984375, 325.51629638671875, 278.18914794921875, 310.69775390625]}