{"loss": [0.5750275254249573, 0.40930092334747314, 0.3818666636943817, 0.3614996373653412, 0.3474998474121094], "mse": [0.5750275254249573, 0.40930092334747314, 0.3818666636943817, 0.3614996373653412, 0.3474998474121094], "mae": [0.5531601309776306, 0.46022018790245056, 0.4467691481113434, 0.43318459391593933, 0.430475115776062], "mape": [295.7581787109375, 238.9561767578125, 241.74789428710938, 234.22181701660156, 241.9978790283203]}