{"loss": [0.2402941882610321, 0.23933464288711548, 0.2411765158176422, 0.23654964566230774, 0.23657280206680298], "mse": [0.2402941882610321, 0.23933464288711548, 0.2411765158176422, 0.23654964566230774, 0.23657280206680298], "mae": [0.29186442494392395, 0.29022330045700073, 0.2893204391002655, 0.2893070876598358, 0.28980690240859985], "mape": [257.47442626953125, 346.6286315917969, 304.09405517578125, 354.9832763671875, 363.92230224609375]}