{"loss": [0.2555190324783325, 0.25542470812797546, 0.25599414110183716, 0.25101321935653687, 0.25055426359176636], "mse": [0.2555190324783325, 0.25542470812797546, 0.25599414110183716, 0.25101321935653687, 0.25055426359176636], "mae": [0.29982468485832214, 0.29989418387413025, 0.29834723472595215, 0.2978017330169678, 0.29703935980796814], "mape": [247.5585479736328, 281.1801452636719, 244.5269012451172, 254.41893005371094, 252.478759765625]}