{"loss": [0.08049613237380981, 0.08031230419874191, 0.07918884605169296, 0.08045165240764618, 0.0789276659488678], "mse": [0.08049613237380981, 0.08031230419874191, 0.07918884605169296, 0.08045165240764618, 0.0789276659488678], "mae": [0.21649475395679474, 0.212471604347229, 0.21387846767902374, 0.21491585671901703, 0.21387068927288055], "mape": [64.8038558959961, 63.69507598876953, 65.03846740722656, 68.50530242919922, 66.30323028564453]}