{"loss": [0.19447970390319824, 0.18812744319438934, 0.18478071689605713, 0.17703764140605927, 0.1742667704820633], "mse": [0.19447970390319824, 0.18812744319438934, 0.18478071689605713, 0.17703764140605927, 0.1742667704820633], "mae": [0.33349594473838806, 0.3264731466770172, 0.32397520542144775, 0.3143009543418884, 0.31104183197021484], "mape": [154.69839477539062, 140.70579528808594, 154.73683166503906, 138.65975952148438, 142.14158630371094]}