{"loss": [0.1264159381389618, 0.1263674944639206, 0.12434668838977814, 0.12612812221050262, 0.12550637125968933], "mse": [0.1264159381389618, 0.1263674944639206, 0.12434668838977814, 0.12612812221050262, 0.12550637125968933], "mae": [0.20865555107593536, 0.20963101089000702, 0.20759926736354828, 0.20619261264801025, 0.20785793662071228], "mape": [46.75149154663086, 47.047332763671875, 44.847686767578125, 46.42644119262695, 46.27402877807617]}