{"loss": [0.0782531201839447, 0.0787147730588913, 0.07742603868246078, 0.07909095287322998, 0.07672809809446335], "mse": [0.0782531201839447, 0.0787147730588913, 0.07742603868246078, 0.07909095287322998, 0.07672809809446335], "mae": [0.21222229301929474, 0.20958395302295685, 0.21033349633216858, 0.21278907358646393, 0.20943941175937653], "mape": [63.39210891723633, 63.93379592895508, 64.70489501953125, 66.50431823730469, 65.77019500732422]}