{"loss": [0.10141944885253906, 0.09870512783527374, 0.09782245010137558, 0.09712279587984085, 0.09488612413406372], "mse": [0.10141944885253906, 0.09870512783527374, 0.09782245010137558, 0.09712279587984085, 0.09488612413406372], "mae": [0.24340148270130157, 0.23905955255031586, 0.2364879697561264, 0.23584780097007751, 0.23503267765045166], "mape": [75.1637954711914, 72.41482543945312, 76.67057037353516, 76.84249114990234, 74.75714874267578]}