{"loss": [0.08592486381530762, 0.08371607214212418, 0.08334337174892426, 0.08379635214805603, 0.08271760493516922], "mse": [0.08592486381530762, 0.08371607214212418, 0.08334337174892426, 0.08379635214805603, 0.08271760493516922], "mae": [0.2253902107477188, 0.22324298322200775, 0.2208094745874405, 0.222395122051239, 0.22433945536613464], "mape": [915.9471435546875, 762.4470825195312, 3538.3955078125, 3421.8935546875, 2433.487060546875]}