{"loss": [0.3819282054901123, 0.32568493485450745, 0.31442639231681824, 0.30411332845687866, 0.2973957359790802], "mse": [0.3819282054901123, 0.32568493485450745, 0.31442639231681824, 0.30411332845687866, 0.2973957359790802], "mae": [0.37195926904678345, 0.3426561653614044, 0.3327554762363434, 0.3266104757785797, 0.32277560234069824], "mape": [356.1340637207031, 330.3517150878906, 287.1166687011719, 285.3686828613281, 268.89306640625]}