{"loss": [0.23426523804664612, 0.2335505485534668, 0.23523472249507904, 0.2306968718767166, 0.23073801398277283], "mse": [0.23426523804664612, 0.2335505485534668, 0.23523472249507904, 0.2306968718767166, 0.23073801398277283], "mae": [0.2891816794872284, 0.2873822748661041, 0.28648319840431213, 0.2860788106918335, 0.28677359223365784], "mape": [257.75286865234375, 353.4095458984375, 314.5822448730469, 357.7315673828125, 371.9852600097656]}